CompetitionID,SessionID,GameID,EndID,RefTeamID,OppTeamID,RefScoreDiffStartOfEnd,RefHasHammerStartOfEnd,RefEndDifferential,PPUsedThisEnd,RefPPAvailableBeforeEnd,OppPPAvailableBeforeEnd,EarlyQuit,MaxEndInGame,RefBTAbilityDiff
0,1,1,1,19,27,0,0,-1,0,1,1,0,8,0.22399979421492056
0,1,1,1,27,19,0,1,1,0,1,1,0,8,-0.22399979421492056
0,1,1,2,19,27,-1,1,2,0,1,1,0,8,0.22399979421492056
0,1,1,2,27,19,1,0,-2,0,1,1,0,8,-0.22399979421492056
0,1,1,3,19,27,1,0,-3,0,1,1,0,8,0.22399979421492056
0,1,1,3,27,19,-1,1,3,0,1,1,0,8,-0.22399979421492056
0,1,1,4,19,27,-2,1,1,0,1,1,0,8,0.22399979421492056
0,1,1,4,27,19,2,0,-1,0,1,1,0,8,-0.22399979421492056
0,1,1,5,19,27,-1,0,2,0,1,1,0,8,0.22399979421492056
0,1,1,5,27,19,1,1,-2,0,1,1,0,8,-0.22399979421492056
0,1,1,6,19,27,1,0,-1,-1,1,0,0,8,0.22399979421492056
0,1,1,6,27,19,-1,1,1,1,0,1,0,8,-0.22399979421492056
0,1,1,7,19,27,0,1,-3,1,0,0,0,8,0.22399979421492056
0,1,1,7,27,19,0,0,3,-1,0,0,0,8,-0.22399979421492056
0,1,1,8,19,27,-3,1,-1,0,0,0,0,8,0.22399979421492056
0,1,1,8,27,19,3,0,1,0,0,0,0,8,-0.22399979421492056
0,1,2,1,20,46,0,0,-1,0,1,1,0,8,0.35830485427120845
0,1,2,1,46,20,0,1,1,0,1,1,0,8,-0.35830485427120845
0,1,2,2,20,46,-1,1,1,0,1,1,0,8,0.35830485427120845
0,1,2,2,46,20,1,0,-1,0,1,1,0,8,-0.35830485427120845
0,1,2,3,20,46,0,0,-1,0,1,1,0,8,0.35830485427120845
0,1,2,3,46,20,0,1,1,0,1,1,0,8,-0.35830485427120845
0,1,2,4,20,46,-1,1,1,0,1,1,0,8,0.35830485427120845
0,1,2,4,46,20,1,0,-1,0,1,1,0,8,-0.35830485427120845
0,1,2,5,20,46,0,0,1,0,1,1,0,8,0.35830485427120845
0,1,2,5,46,20,0,1,-1,0,1,1,0,8,-0.35830485427120845
0,1,2,6,20,46,1,0,-3,-1,1,0,0,8,0.35830485427120845
0,1,2,6,46,20,-1,1,3,1,0,1,0,8,-0.35830485427120845
0,1,2,7,20,46,-2,1,2,1,0,0,0,8,0.35830485427120845
0,1,2,7,46,20,2,0,-2,-1,0,0,0,8,-0.35830485427120845
0,1,2,8,20,46,0,0,1,0,0,0,0,8,0.35830485427120845
0,1,2,8,46,20,0,1,-1,0,0,0,0,8,-0.35830485427120845
0,1,3,1,17,22,0,0,1,0,1,1,0,9,1.1688821530435876
0,1,3,1,22,17,0,1,-1,0,1,1,0,9,-1.1688821530435876
0,1,3,2,17,22,1,0,1,0,1,1,0,9,1.1688821530435876
0,1,3,2,22,17,-1,1,-1,0,1,1,0,9,-1.1688821530435876
0,1,3,3,17,22,2,0,-2,0,1,1,0,9,1.1688821530435876
0,1,3,3,22,17,-2,1,2,0,1,1,0,9,-1.1688821530435876
0,1,3,4,17,22,0,1,1,0,1,1,0,9,1.1688821530435876
0,1,3,4,22,17,0,0,-1,0,1,1,0,9,-1.1688821530435876
0,1,3,5,17,22,1,0,-1,0,1,1,0,9,1.1688821530435876
0,1,3,5,22,17,-1,1,1,0,1,1,0,9,-1.1688821530435876
0,1,3,6,17,22,0,1,2,1,0,1,0,9,1.1688821530435876
0,1,3,6,22,17,0,0,-2,-1,1,0,0,9,-1.1688821530435876
0,1,3,7,17,22,2,0,1,-1,0,0,0,9,1.1688821530435876
0,1,3,7,22,17,-2,1,-1,1,0,0,0,9,-1.1688821530435876
0,1,3,8,17,22,3,0,-3,0,0,0,0,9,1.1688821530435876
0,1,3,8,22,17,-3,1,3,0,0,0,0,9,-1.1688821530435876
0,1,3,9,17,22,0,1,-1,0,0,0,0,9,1.1688821530435876
0,1,3,9,22,17,0,0,1,0,0,0,0,9,-1.1688821530435876
0,1,4,1,18,43,0,0,-1,0,1,1,0,9,1.0982416043783472
0,1,4,1,43,18,0,1,1,0,1,1,0,9,-1.0982416043783472
0,1,4,2,18,43,-1,1,-1,0,1,1,0,9,1.0982416043783472
0,1,4,2,43,18,1,0,1,0,1,1,0,9,-1.0982416043783472
0,1,4,3,18,43,-2,1,-1,0,1,1,0,9,1.0982416043783472
0,1,4,3,43,18,2,0,1,0,1,1,0,9,-1.0982416043783472
0,1,4,4,18,43,-3,1,2,0,1,1,0,9,1.0982416043783472
0,1,4,4,43,18,3,0,-2,0,1,1,0,9,-1.0982416043783472
0,1,4,5,18,43,-1,0,-1,0,1,1,0,9,1.0982416043783472
0,1,4,5,43,18,1,1,1,0,1,1,0,9,-1.0982416043783472
0,1,4,6,18,43,-2,1,3,1,0,1,0,9,1.0982416043783472
0,1,4,6,43,18,2,0,-3,-1,1,0,0,9,-1.0982416043783472
0,1,4,7,18,43,1,0,-2,-1,0,0,0,9,1.0982416043783472
0,1,4,7,43,18,-1,1,2,1,0,0,0,9,-1.0982416043783472
0,1,4,8,18,43,-1,1,1,0,0,0,0,9,1.0982416043783472
0,1,4,8,43,18,1,0,-1,0,0,0,0,9,-1.0982416043783472
0,1,4,9,18,43,0,0,-1,0,0,0,0,9,1.0982416043783472
0,1,4,9,43,18,0,1,1,0,0,0,0,9,-1.0982416043783472
0,2,1,1,43,46,0,1,1,0,1,1,0,8,-0.9709030956987861
0,2,1,1,46,43,0,0,-1,0,1,1,0,8,0.9709030956987861
0,2,1,2,43,46,1,0,-1,0,1,1,0,8,-0.9709030956987861
0,2,1,2,46,43,-1,1,1,0,1,1,0,8,0.9709030956987861
0,2,1,3,43,46,0,1,2,0,1,1,0,8,-0.9709030956987861
0,2,1,3,46,43,0,0,-2,0,1,1,0,8,0.9709030956987861
0,2,1,4,43,46,2,0,0,0,1,1,0,8,-0.9709030956987861
0,2,1,4,46,43,-2,1,0,0,1,1,0,8,0.9709030956987861
0,2,1,5,43,46,2,1,1,0,1,1,0,8,-0.9709030956987861
0,2,1,5,46,43,-2,0,-1,0,1,1,0,8,0.9709030956987861
0,2,1,6,43,46,3,0,-3,-1,1,0,0,8,-0.9709030956987861
0,2,1,6,46,43,-3,1,3,1,0,1,0,8,0.9709030956987861
0,2,1,7,43,46,0,1,2,1,0,0,0,8,-0.9709030956987861
0,2,1,7,46,43,0,0,-2,-1,0,0,0,8,0.9709030956987861
0,2,1,8,43,46,2,0,-1,0,0,0,0,8,-0.9709030956987861
0,2,1,8,46,43,-2,1,1,0,0,0,0,8,0.9709030956987861
0,2,2,1,19,22,0,1,1,0,1,1,0,8,0.9548733490573076
0,2,2,1,22,19,0,0,-1,0,1,1,0,8,-0.9548733490573076
0,2,2,2,19,22,1,0,-1,0,1,1,0,8,0.9548733490573076
0,2,2,2,22,19,-1,1,1,0,1,1,0,8,-0.9548733490573076
0,2,2,3,19,22,0,1,-1,0,1,1,0,8,0.9548733490573076
0,2,2,3,22,19,0,0,1,0,1,1,0,8,-0.9548733490573076
0,2,2,4,19,22,-1,1,1,0,1,1,0,8,0.9548733490573076
0,2,2,4,22,19,1,0,-1,0,1,1,0,8,-0.9548733490573076
0,2,2,5,19,22,0,0,1,0,1,1,0,8,0.9548733490573076
0,2,2,5,22,19,0,1,-1,0,1,1,0,8,-0.9548733490573076
0,2,2,6,19,22,1,0,-2,-1,1,0,0,8,0.9548733490573076
0,2,2,6,22,19,-1,1,2,1,0,1,0,8,-0.9548733490573076
0,2,2,7,19,22,-1,1,2,1,0,0,0,8,0.9548733490573076
0,2,2,7,22,19,1,0,-2,-1,0,0,0,8,-0.9548733490573076
0,2,2,8,19,22,1,0,2,0,0,0,0,8,0.9548733490573076
0,2,2,8,22,19,-1,1,-2,0,0,0,0,8,-0.9548733490573076
0,2,3,1,20,24,0,1,1,0,1,1,0,8,-0.8343352947857836
0,2,3,1,24,20,0,0,-1,0,1,1,0,8,0.8343352947857836
0,2,3,2,20,24,1,0,-4,0,1,1,0,8,-0.8343352947857836
0,2,3,2,24,20,-1,1,4,0,1,1,0,8,0.8343352947857836
0,2,3,3,20,24,-3,1,-1,0,1,1,0,8,-0.8343352947857836
0,2,3,3,24,20,3,0,1,0,1,1,0,8,0.8343352947857836
0,2,3,4,20,24,-4,1,1,0,1,1,0,8,-0.8343352947857836
0,2,3,4,24,20,4,0,-1,0,1,1,0,8,0.8343352947857836
0,2,3,5,20,24,-3,0,1,0,1,1,0,8,-0.8343352947857836
0,2,3,5,24,20,3,1,-1,0,1,1,0,8,0.8343352947857836
0,2,3,6,20,24,-2,0,1,-1,1,0,0,8,-0.8343352947857836
0,2,3,6,24,20,2,1,-1,1,0,1,0,8,0.8343352947857836
0,2,3,7,20,24,-1,0,-1,0,1,0,0,8,-0.8343352947857836
0,2,3,7,24,20,1,1,1,0,0,1,0,8,0.8343352947857836
0,2,3,8,20,24,-2,1,-2,1,0,0,0,8,-0.8343352947857836
0,2,3,8,24,20,2,0,2,-1,0,0,0,8,0.8343352947857836
0,2,4,1,10,27,0,1,1,0,1,1,0,8,0.4327183576122572
0,2,4,1,27,10,0,0,-1,0,1,1,0,8,-0.4327183576122572
0,2,4,2,10,27,1,0,-1,0,1,1,0,8,0.4327183576122572
0,2,4,2,27,10,-1,1,1,0,1,1,0,8,-0.4327183576122572
0,2,4,3,10,27,0,1,-1,0,1,1,0,8,0.4327183576122572
0,2,4,3,27,10,0,0,1,0,1,1,0,8,-0.4327183576122572
0,2,4,4,10,27,-1,1,1,0,1,1,0,8,0.4327183576122572
0,2,4,4,27,10,1,0,-1,0,1,1,0,8,-0.4327183576122572
0,2,4,5,10,27,0,0,-1,0,1,1,0,8,0.4327183576122572
0,2,4,5,27,10,0,1,1,0,1,1,0,8,-0.4327183576122572
0,2,4,6,10,27,-1,1,2,1,0,1,0,8,0.4327183576122572
0,2,4,6,27,10,1,0,-2,-1,1,0,0,8,-0.4327183576122572
0,2,4,7,10,27,1,0,-2,-1,0,0,0,8,0.4327183576122572
0,2,4,7,27,10,-1,1,2,1,0,0,0,8,-0.4327183576122572
0,2,4,8,10,27,-1,1,-1,0,0,0,0,8,0.4327183576122572
0,2,4,8,27,10,1,0,1,0,0,0,0,8,-0.4327183576122572
0,3,1,1,18,24,0,1,1,0,1,1,0,9,-1.065301640377431
0,3,1,1,24,18,0,0,-1,0,1,1,0,9,1.065301640377431
0,3,1,2,18,24,1,0,-3,0,1,1,0,9,-1.065301640377431
0,3,1,2,24,18,-1,1,3,0,1,1,0,9,1.065301640377431
0,3,1,3,18,24,-2,1,2,0,1,1,0,9,-1.065301640377431
0,3,1,3,24,18,2,0,-2,0,1,1,0,9,1.065301640377431
0,3,1,4,18,24,0,0,-1,0,1,1,0,9,-1.065301640377431
0,3,1,4,24,18,0,1,1,0,1,1,0,9,1.065301640377431
0,3,1,5,18,24,-1,1,-1,0,1,1,0,9,-1.065301640377431
0,3,1,5,24,18,1,0,1,0,1,1,0,9,1.065301640377431
0,3,1,6,18,24,-2,1,3,1,0,1,0,9,-1.065301640377431
0,3,1,6,24,18,2,0,-3,-1,1,0,0,9,1.065301640377431
0,3,1,7,18,24,1,0,-2,-1,0,0,0,9,-1.065301640377431
0,3,1,7,24,18,-1,1,2,1,0,0,0,9,1.065301640377431
0,3,1,8,18,24,-1,1,1,0,0,0,0,9,-1.065301640377431
0,3,1,8,24,18,1,0,-1,0,0,0,0,9,1.065301640377431
0,3,1,9,18,24,0,0,-1,0,0,0,0,9,-1.065301640377431
0,3,1,9,24,18,0,1,1,0,0,0,0,9,1.065301640377431
0,3,2,1,17,20,0,0,-1,0,1,1,0,8,0.3554989212126862
0,3,2,1,20,17,0,1,1,0,1,1,0,8,-0.3554989212126862
0,3,2,2,17,20,-1,1,1,0,1,1,0,8,0.3554989212126862
0,3,2,2,20,17,1,0,-1,0,1,1,0,8,-0.3554989212126862
0,3,2,3,17,20,0,0,-2,0,1,1,0,8,0.3554989212126862
0,3,2,3,20,17,0,1,2,0,1,1,0,8,-0.3554989212126862
0,3,2,4,17,20,-2,1,2,0,1,1,0,8,0.3554989212126862
0,3,2,4,20,17,2,0,-2,0,1,1,0,8,-0.3554989212126862
0,3,2,5,17,20,0,0,-3,0,1,1,0,8,0.3554989212126862
0,3,2,5,20,17,0,1,3,0,1,1,0,8,-0.3554989212126862
0,3,2,6,17,20,-3,1,3,1,0,1,0,8,0.3554989212126862
0,3,2,6,20,17,3,0,-3,-1,1,0,0,8,-0.3554989212126862
0,3,2,7,17,20,0,0,3,-1,0,0,0,8,0.3554989212126862
0,3,2,7,20,17,0,1,-3,1,0,0,0,8,-0.3554989212126862
0,3,2,8,17,20,3,0,2,0,0,0,0,8,0.3554989212126862
0,3,2,8,20,17,-3,1,-2,0,0,0,0,8,-0.3554989212126862
0,4,1,1,10,17,0,0,-2,0,1,1,0,8,-0.005290240588943229
0,4,1,1,17,10,0,1,2,0,1,1,0,8,0.005290240588943229
0,4,1,2,10,17,-2,1,4,0,1,1,0,8,-0.005290240588943229
0,4,1,2,17,10,2,0,-4,0,1,1,0,8,0.005290240588943229
0,4,1,3,10,17,2,0,-1,0,1,1,0,8,-0.005290240588943229
0,4,1,3,17,10,-2,1,1,0,1,1,0,8,0.005290240588943229
0,4,1,4,10,17,1,1,1,0,1,1,0,8,-0.005290240588943229
0,4,1,4,17,10,-1,0,-1,0,1,1,0,8,0.005290240588943229
0,4,1,5,10,17,2,0,-2,0,1,1,0,8,-0.005290240588943229
0,4,1,5,17,10,-2,1,2,0,1,1,0,8,0.005290240588943229
0,4,1,6,10,17,0,1,1,0,1,1,0,8,-0.005290240588943229
0,4,1,6,17,10,0,0,-1,0,1,1,0,8,0.005290240588943229
0,4,1,7,10,17,1,0,-1,-1,1,0,0,8,-0.005290240588943229
0,4,1,7,17,10,-1,1,1,1,0,1,0,8,0.005290240588943229
0,4,1,8,10,17,0,1,1,1,0,0,0,8,-0.005290240588943229
0,4,1,8,17,10,0,0,-1,-1,0,0,0,8,0.005290240588943229
0,4,2,1,18,27,0,0,-1,0,1,1,0,8,-0.14845666860313306
0,4,2,1,27,18,0,1,1,0,1,1,0,8,0.14845666860313306
0,4,2,2,18,27,-1,1,3,0,1,1,0,8,-0.14845666860313306
0,4,2,2,27,18,1,0,-3,0,1,1,0,8,0.14845666860313306
0,4,2,3,18,27,2,0,-2,0,1,1,0,8,-0.14845666860313306
0,4,2,3,27,18,-2,1,2,0,1,1,0,8,0.14845666860313306
0,4,2,4,18,27,0,1,3,0,1,1,0,8,-0.14845666860313306
0,4,2,4,27,18,0,0,-3,0,1,1,0,8,0.14845666860313306
0,4,2,5,18,27,3,0,-1,0,1,1,0,8,-0.14845666860313306
0,4,2,5,27,18,-3,1,1,0,1,1,0,8,0.14845666860313306
0,4,2,6,18,27,2,1,1,0,1,1,0,8,-0.14845666860313306
0,4,2,6,27,18,-2,0,-1,0,1,1,0,8,0.14845666860313306
0,4,2,7,18,27,3,0,-3,0,1,1,0,8,-0.14845666860313306
0,4,2,7,27,18,-3,1,3,0,1,1,0,8,0.14845666860313306
0,4,2,8,18,27,0,1,1,0,1,1,0,8,-0.14845666860313306
0,4,2,8,27,18,0,0,-1,0,1,1,0,8,0.14845666860313306
0,4,3,1,19,43,0,1,1,0,1,1,0,8,1.470698067196401
0,4,3,1,43,19,0,0,-1,0,1,1,0,8,-1.470698067196401
0,4,3,2,19,43,1,0,-2,0,1,1,0,8,1.470698067196401
0,4,3,2,43,19,-1,1,2,0,1,1,0,8,-1.470698067196401
0,4,3,3,19,43,-1,1,2,0,1,1,0,8,1.470698067196401
0,4,3,3,43,19,1,0,-2,0,1,1,0,8,-1.470698067196401
0,4,3,4,19,43,1,0,-1,0,1,1,0,8,1.470698067196401
0,4,3,4,43,19,-1,1,1,0,1,1,0,8,-1.470698067196401
0,4,3,5,19,43,0,1,-1,0,1,1,0,8,1.470698067196401
0,4,3,5,43,19,0,0,1,0,1,1,0,8,-1.470698067196401
0,4,3,6,19,43,-1,1,1,1,0,1,0,8,1.470698067196401
0,4,3,6,43,19,1,0,-1,-1,1,0,0,8,-1.470698067196401
0,4,3,7,19,43,0,0,-2,-1,0,0,0,8,1.470698067196401
0,4,3,7,43,19,0,1,2,1,0,0,0,8,-1.470698067196401
0,4,3,8,19,43,-2,1,3,0,0,0,0,8,1.470698067196401
0,4,3,8,43,19,2,0,-3,0,0,0,0,8,-1.470698067196401
0,4,4,1,22,46,0,1,1,0,1,1,0,7,-0.4550783775596928
0,4,4,1,46,22,0,0,-1,0,1,1,0,7,0.4550783775596928
0,4,4,2,22,46,1,0,3,0,1,1,0,7,-0.4550783775596928
0,4,4,2,46,22,-1,1,-3,0,1,1,0,7,0.4550783775596928
0,4,4,3,22,46,4,0,1,0,1,1,0,7,-0.4550783775596928
0,4,4,3,46,22,-4,1,-1,0,1,1,0,7,0.4550783775596928
0,4,4,4,22,46,5,0,-1,-1,1,0,0,7,-0.4550783775596928
0,4,4,4,46,22,-5,1,1,1,0,1,0,7,0.4550783775596928
0,4,4,5,22,46,4,1,1,0,1,0,0,7,-0.4550783775596928
0,4,4,5,46,22,-4,0,-1,0,0,1,0,7,0.4550783775596928
0,4,4,6,22,46,5,0,-1,0,1,0,0,7,-0.4550783775596928
0,4,4,6,46,22,-5,1,1,0,0,1,0,7,0.4550783775596928
0,4,4,7,22,46,4,1,2,0,1,0,1,7,-0.4550783775596928
0,4,4,7,46,22,-4,0,-2,0,0,1,1,7,0.4550783775596928
0,5,1,1,19,46,0,1,1,0,1,1,0,8,0.4997949714976148
0,5,1,1,46,19,0,0,-1,0,1,1,0,8,-0.4997949714976148
0,5,1,2,19,46,1,0,-1,0,1,1,0,8,0.4997949714976148
0,5,1,2,46,19,-1,1,1,0,1,1,0,8,-0.4997949714976148
0,5,1,3,19,46,0,1,1,0,1,1,0,8,0.4997949714976148
0,5,1,3,46,19,0,0,-1,0,1,1,0,8,-0.4997949714976148
0,5,1,4,19,46,1,0,1,0,1,1,0,8,0.4997949714976148
0,5,1,4,46,19,-1,1,-1,0,1,1,0,8,-0.4997949714976148
0,5,1,5,19,46,2,0,1,0,1,1,0,8,0.4997949714976148
0,5,1,5,46,19,-2,1,-1,0,1,1,0,8,-0.4997949714976148
0,5,1,6,19,46,3,0,-3,-1,1,0,0,8,0.4997949714976148
0,5,1,6,46,19,-3,1,3,1,0,1,0,8,-0.4997949714976148
0,5,1,7,19,46,0,1,3,1,0,0,0,8,0.4997949714976148
0,5,1,7,46,19,0,0,-3,-1,0,0,0,8,-0.4997949714976148
0,5,1,8,19,46,3,0,-2,0,0,0,0,8,0.4997949714976148
0,5,1,8,46,19,-3,1,2,0,0,0,0,8,-0.4997949714976148
0,5,2,1,10,18,0,0,3,0,1,1,0,8,0.5811750262153903
0,5,2,1,18,10,0,1,-3,0,1,1,0,8,-0.5811750262153903
0,5,2,2,10,18,3,0,-1,0,1,1,0,8,0.5811750262153903
0,5,2,2,18,10,-3,1,1,0,1,1,0,8,-0.5811750262153903
0,5,2,3,10,18,2,1,1,0,1,1,0,8,0.5811750262153903
0,5,2,3,18,10,-2,0,-1,0,1,1,0,8,-0.5811750262153903
0,5,2,4,10,18,3,0,-1,0,1,1,0,8,0.5811750262153903
0,5,2,4,18,10,-3,1,1,0,1,1,0,8,-0.5811750262153903
0,5,2,5,10,18,2,1,2,0,1,1,0,8,0.5811750262153903
0,5,2,5,18,10,-2,0,-2,0,1,1,0,8,-0.5811750262153903
0,5,2,6,10,18,4,0,-2,-1,1,0,0,8,0.5811750262153903
0,5,2,6,18,10,-4,1,2,1,0,1,0,8,-0.5811750262153903
0,5,2,7,10,18,2,1,1,0,1,0,0,8,0.5811750262153903
0,5,2,7,18,10,-2,0,-1,0,0,1,0,8,-0.5811750262153903
0,5,2,8,10,18,3,0,-1,0,1,0,0,8,0.5811750262153903
0,5,2,8,18,10,-3,1,1,0,0,1,0,8,-0.5811750262153903
0,5,3,1,17,24,0,1,-3,0,1,1,0,8,-0.4788363735730974
0,5,3,1,24,17,0,0,3,0,1,1,0,8,0.4788363735730974
0,5,3,2,17,24,-3,1,5,0,1,1,0,8,-0.4788363735730974
0,5,3,2,24,17,3,0,-5,0,1,1,0,8,0.4788363735730974
0,5,3,3,17,24,2,0,-2,0,1,1,0,8,-0.4788363735730974
0,5,3,3,24,17,-2,1,2,0,1,1,0,8,0.4788363735730974
0,5,3,4,17,24,0,1,1,0,1,1,0,8,-0.4788363735730974
0,5,3,4,24,17,0,0,-1,0,1,1,0,8,0.4788363735730974
0,5,3,5,17,24,1,0,-2,0,1,1,0,8,-0.4788363735730974
0,5,3,5,24,17,-1,1,2,0,1,1,0,8,0.4788363735730974
0,5,3,6,17,24,-1,1,-2,1,0,1,0,8,-0.4788363735730974
0,5,3,6,24,17,1,0,2,-1,1,0,0,8,0.4788363735730974
0,5,3,7,17,24,-3,1,2,0,0,1,0,8,-0.4788363735730974
0,5,3,7,24,17,3,0,-2,0,1,0,0,8,0.4788363735730974
0,5,3,8,17,24,-1,0,-2,-1,0,0,0,8,-0.4788363735730974
0,5,3,8,24,17,1,1,2,1,0,0,0,8,0.4788363735730974
0,6,1,1,22,24,0,0,-4,0,1,1,0,6,-1.647718526616685
0,6,1,1,24,22,0,1,4,0,1,1,0,6,1.647718526616685
0,6,1,2,22,24,-4,1,-1,0,1,1,0,6,-1.647718526616685
0,6,1,2,24,22,4,0,1,0,1,1,0,6,1.647718526616685
0,6,1,3,22,24,-5,1,1,1,0,1,0,6,-1.647718526616685
0,6,1,3,24,22,5,0,-1,-1,1,0,0,6,1.647718526616685
0,6,1,4,22,24,-4,0,-4,0,0,1,0,6,-1.647718526616685
0,6,1,4,24,22,4,1,4,0,1,0,0,6,1.647718526616685
0,6,1,5,22,24,-8,1,-1,0,0,1,0,6,-1.647718526616685
0,6,1,5,24,22,8,0,1,0,1,0,0,6,1.647718526616685
0,6,1,6,22,24,-9,1,1,0,0,1,1,6,-1.647718526616685
0,6,1,6,24,22,9,0,-1,0,1,0,1,6,1.647718526616685
0,6,2,1,10,43,0,0,-1,0,1,1,0,8,1.6794166305937375
0,6,2,1,43,10,0,1,1,0,1,1,0,8,-1.6794166305937375
0,6,2,2,10,43,-1,1,2,0,1,1,0,8,1.6794166305937375
0,6,2,2,43,10,1,0,-2,0,1,1,0,8,-1.6794166305937375
0,6,2,3,10,43,1,0,2,0,1,1,0,8,1.6794166305937375
0,6,2,3,43,10,-1,1,-2,0,1,1,0,8,-1.6794166305937375
0,6,2,4,10,43,3,0,-2,0,1,1,0,8,1.6794166305937375
0,6,2,4,43,10,-3,1,2,0,1,1,0,8,-1.6794166305937375
0,6,2,5,10,43,1,1,2,0,1,1,0,8,1.6794166305937375
0,6,2,5,43,10,-1,0,-2,0,1,1,0,8,-1.6794166305937375
0,6,2,6,10,43,3,0,-1,-1,1,0,0,8,1.6794166305937375
0,6,2,6,43,10,-3,1,1,1,0,1,0,8,-1.6794166305937375
0,6,2,7,10,43,2,1,2,0,1,0,0,8,1.6794166305937375
0,6,2,7,43,10,-2,0,-2,0,0,1,0,8,-1.6794166305937375
0,6,2,8,10,43,4,0,-2,0,1,0,0,8,1.6794166305937375
0,6,2,8,43,10,-4,1,2,0,0,1,0,8,-1.6794166305937375
0,6,3,1,27,46,0,1,2,0,1,1,0,9,0.27579517728269426
0,6,3,1,46,27,0,0,-2,0,1,1,0,9,-0.27579517728269426
0,6,3,2,27,46,2,0,1,0,1,1,0,9,0.27579517728269426
0,6,3,2,46,27,-2,1,-1,0,1,1,0,9,-0.27579517728269426
0,6,3,3,27,46,3,0,-1,0,1,1,0,9,0.27579517728269426
0,6,3,3,46,27,-3,1,1,0,1,1,0,9,-0.27579517728269426
0,6,3,4,27,46,2,1,3,0,1,1,0,9,0.27579517728269426
0,6,3,4,46,27,-2,0,-3,0,1,1,0,9,-0.27579517728269426
0,6,3,5,27,46,5,0,-3,-1,1,0,0,9,0.27579517728269426
0,6,3,5,46,27,-5,1,3,1,0,1,0,9,-0.27579517728269426
0,6,3,6,27,46,2,1,-2,0,1,0,0,9,0.27579517728269426
0,6,3,6,46,27,-2,0,2,0,0,1,0,9,-0.27579517728269426
0,6,3,7,27,46,0,1,2,1,0,0,0,9,0.27579517728269426
0,6,3,7,46,27,0,0,-2,-1,0,0,0,9,-0.27579517728269426
0,6,3,8,27,46,2,0,-2,0,0,0,0,9,0.27579517728269426
0,6,3,8,46,27,-2,1,2,0,0,0,0,9,-0.27579517728269426
0,6,3,9,27,46,0,1,1,0,0,0,0,9,0.27579517728269426
0,6,3,9,46,27,0,0,-1,0,0,0,0,9,-0.27579517728269426
0,6,4,1,19,20,0,1,1,0,1,1,0,9,0.14149011722640636
0,6,4,1,20,19,0,0,-1,0,1,1,0,9,-0.14149011722640636
0,6,4,2,19,20,1,0,-1,0,1,1,0,9,0.14149011722640636
0,6,4,2,20,19,-1,1,1,0,1,1,0,9,-0.14149011722640636
0,6,4,3,19,20,0,1,1,0,1,1,0,9,0.14149011722640636
0,6,4,3,20,19,0,0,-1,0,1,1,0,9,-0.14149011722640636
0,6,4,4,19,20,1,0,-1,0,1,1,0,9,0.14149011722640636
0,6,4,4,20,19,-1,1,1,0,1,1,0,9,-0.14149011722640636
0,6,4,5,19,20,0,1,-2,0,1,1,0,9,0.14149011722640636
0,6,4,5,20,19,0,0,2,0,1,1,0,9,-0.14149011722640636
0,6,4,6,19,20,-2,1,3,1,0,1,0,9,0.14149011722640636
0,6,4,6,20,19,2,0,-3,-1,1,0,0,9,-0.14149011722640636
0,6,4,7,19,20,1,0,-3,-1,0,0,0,9,0.14149011722640636
0,6,4,7,20,19,-1,1,3,1,0,0,0,9,-0.14149011722640636
0,6,4,8,19,20,-2,1,2,0,0,0,0,9,0.14149011722640636
0,6,4,8,20,19,2,0,-2,0,0,0,0,9,-0.14149011722640636
0,6,4,9,19,20,0,0,-1,0,0,0,0,9,0.14149011722640636
0,6,4,9,20,19,0,1,1,0,0,0,0,9,-0.14149011722640636
0,7,1,1,17,46,0,1,4,0,1,1,0,6,0.7138037754838946
0,7,1,1,46,17,0,0,-4,0,1,1,0,6,-0.7138037754838946
0,7,1,2,17,46,4,0,2,0,1,1,0,6,0.7138037754838946
0,7,1,2,46,17,-4,1,-2,0,1,1,0,6,-0.7138037754838946
0,7,1,3,17,46,6,0,-1,-1,1,0,0,6,0.7138037754838946
0,7,1,3,46,17,-6,1,1,1,0,1,0,6,-0.7138037754838946
0,7,1,4,17,46,5,1,1,0,1,0,0,6,0.7138037754838946
0,7,1,4,46,17,-5,0,-1,0,0,1,0,6,-0.7138037754838946
0,7,1,5,17,46,6,0,-3,0,1,0,0,6,0.7138037754838946
0,7,1,5,46,17,-6,1,3,0,0,1,0,6,-0.7138037754838946
0,7,1,6,17,46,3,1,3,1,0,0,1,6,0.7138037754838946
0,7,1,6,46,17,-3,0,-3,-1,0,0,1,6,-0.7138037754838946
0,7,2,1,18,19,0,0,-2,0,1,1,0,7,-0.3724564628180536
0,7,2,1,19,18,0,1,2,0,1,1,0,7,0.3724564628180536
0,7,2,2,18,19,-2,1,1,0,1,1,0,7,-0.3724564628180536
0,7,2,2,19,18,2,0,-1,0,1,1,0,7,0.3724564628180536
0,7,2,3,18,19,-1,0,-1,0,1,1,0,7,-0.3724564628180536
0,7,2,3,19,18,1,1,1,0,1,1,0,7,0.3724564628180536
0,7,2,4,18,19,-2,1,-1,0,1,1,0,7,-0.3724564628180536
0,7,2,4,19,18,2,0,1,0,1,1,0,7,0.3724564628180536
0,7,2,5,18,19,-3,1,-1,1,0,1,0,7,-0.3724564628180536
0,7,2,5,19,18,3,0,1,-1,1,0,0,7,0.3724564628180536
0,7,2,6,18,19,-4,1,-1,0,0,1,0,7,-0.3724564628180536
0,7,2,6,19,18,4,0,1,0,1,0,0,7,0.3724564628180536
0,7,2,7,18,19,-5,1,0,0,0,1,1,7,-0.3724564628180536
0,7,2,7,19,18,5,0,0,0,1,0,1,7,0.3724564628180536
0,8,1,1,20,43,0,1,2,0,1,1,0,8,1.3292079499699945
0,8,1,1,43,20,0,0,-2,0,1,1,0,8,-1.3292079499699945
0,8,1,2,20,43,2,0,-1,0,1,1,0,8,1.3292079499699945
0,8,1,2,43,20,-2,1,1,0,1,1,0,8,-1.3292079499699945
0,8,1,3,20,43,1,1,1,0,1,1,0,8,1.3292079499699945
0,8,1,3,43,20,-1,0,-1,0,1,1,0,8,-1.3292079499699945
0,8,1,4,20,43,2,0,-2,0,1,1,0,8,1.3292079499699945
0,8,1,4,43,20,-2,1,2,0,1,1,0,8,-1.3292079499699945
0,8,1,5,20,43,0,1,3,0,1,1,0,8,1.3292079499699945
0,8,1,5,43,20,0,0,-3,0,1,1,0,8,-1.3292079499699945
0,8,1,6,20,43,3,0,-2,-1,1,0,0,8,1.3292079499699945
0,8,1,6,43,20,-3,1,2,1,0,1,0,8,-1.3292079499699945
0,8,1,7,20,43,1,1,1,1,0,0,0,8,1.3292079499699945
0,8,1,7,43,20,-1,0,-1,-1,0,0,0,8,-1.3292079499699945
0,8,1,8,20,43,2,0,0,0,0,0,0,8,1.3292079499699945
0,8,1,8,43,20,-2,1,0,0,0,0,0,8,-1.3292079499699945
0,8,2,1,22,27,0,1,1,0,1,1,0,7,-0.730873554842387
0,8,2,1,27,22,0,0,-1,0,1,1,0,7,0.730873554842387
0,8,2,2,22,27,1,0,-2,0,1,1,0,7,-0.730873554842387
0,8,2,2,27,22,-1,1,2,0,1,1,0,7,0.730873554842387
0,8,2,3,22,27,-1,1,-3,0,1,1,0,7,-0.730873554842387
0,8,2,3,27,22,1,0,3,0,1,1,0,7,0.730873554842387
0,8,2,4,22,27,-4,1,1,1,0,1,0,7,-0.730873554842387
0,8,2,4,27,22,4,0,-1,-1,1,0,0,7,0.730873554842387
0,8,2,5,22,27,-3,0,-1,0,0,1,0,7,-0.730873554842387
0,8,2,5,27,22,3,1,1,0,1,0,0,7,0.730873554842387
0,8,2,6,22,27,-4,1,1,0,0,1,0,7,-0.730873554842387
0,8,2,6,27,22,4,0,-1,0,1,0,0,7,0.730873554842387
0,8,2,7,22,27,-3,0,-2,-1,0,0,1,7,-0.730873554842387
0,8,2,7,27,22,3,1,2,1,0,0,1,7,0.730873554842387
0,8,3,1,10,19,0,1,-1,0,1,1,0,7,0.20871856339733663
0,8,3,1,19,10,0,0,1,0,1,1,0,7,-0.20871856339733663
0,8,3,2,10,19,-1,1,-1,0,1,1,0,7,0.20871856339733663
0,8,3,2,19,10,1,0,1,0,1,1,0,7,-0.20871856339733663
0,8,3,3,10,19,-2,1,1,0,1,1,0,7,0.20871856339733663
0,8,3,3,19,10,2,0,-1,0,1,1,0,7,-0.20871856339733663
0,8,3,4,10,19,-1,0,-3,0,1,1,0,7,0.20871856339733663
0,8,3,4,19,10,1,1,3,0,1,1,0,7,-0.20871856339733663
0,8,3,5,10,19,-4,1,1,1,0,1,0,7,0.20871856339733663
0,8,3,5,19,10,4,0,-1,-1,1,0,0,7,-0.20871856339733663
0,8,3,6,10,19,-3,0,-1,0,0,1,0,7,0.20871856339733663
0,8,3,6,19,10,3,1,1,0,1,0,0,7,-0.20871856339733663
0,8,3,7,10,19,-4,1,0,0,0,1,1,7,0.20871856339733663
0,8,3,7,19,10,4,0,0,0,1,0,1,7,-0.20871856339733663
0,8,4,1,24,46,0,1,-1,0,1,1,0,8,1.192640149056992
0,8,4,1,46,24,0,0,1,0,1,1,0,8,-1.192640149056992
0,8,4,2,24,46,-1,1,2,0,1,1,0,8,1.192640149056992
0,8,4,2,46,24,1,0,-2,0,1,1,0,8,-1.192640149056992
0,8,4,3,24,46,1,0,1,0,1,1,0,8,1.192640149056992
0,8,4,3,46,24,-1,1,-1,0,1,1,0,8,-1.192640149056992
0,8,4,4,24,46,2,0,-1,0,1,1,0,8,1.192640149056992
0,8,4,4,46,24,-2,1,1,0,1,1,0,8,-1.192640149056992
0,8,4,5,24,46,1,1,1,0,1,1,0,8,1.192640149056992
0,8,4,5,46,24,-1,0,-1,0,1,1,0,8,-1.192640149056992
0,8,4,6,24,46,2,0,-1,-1,1,0,0,8,1.192640149056992
0,8,4,6,46,24,-2,1,1,1,0,1,0,8,-1.192640149056992
0,8,4,7,24,46,1,1,3,0,1,0,0,8,1.192640149056992
0,8,4,7,46,24,-1,0,-3,0,0,1,0,8,-1.192640149056992
0,8,4,8,24,46,4,0,0,0,1,0,0,8,1.192640149056992
0,8,4,8,46,24,-4,1,0,0,0,1,0,8,-1.192640149056992
0,9,1,1,24,27,0,1,1,0,1,1,0,8,0.9168449717742978
0,9,1,1,27,24,0,0,-1,0,1,1,0,8,-0.9168449717742978
0,9,1,2,24,27,1,0,-1,0,1,1,0,8,0.9168449717742978
0,9,1,2,27,24,-1,1,1,0,1,1,0,8,-0.9168449717742978
0,9,1,3,24,27,0,1,-1,0,1,1,0,8,0.9168449717742978
0,9,1,3,27,24,0,0,1,0,1,1,0,8,-0.9168449717742978
0,9,1,4,24,27,-1,1,2,0,1,1,0,8,0.9168449717742978
0,9,1,4,27,24,1,0,-2,0,1,1,0,8,-0.9168449717742978
0,9,1,5,24,27,1,0,1,0,1,1,0,8,0.9168449717742978
0,9,1,5,27,24,-1,1,-1,0,1,1,0,8,-0.9168449717742978
0,9,1,6,24,27,2,0,-2,-1,1,0,0,8,0.9168449717742978
0,9,1,6,27,24,-2,1,2,1,0,1,0,8,-0.9168449717742978
0,9,1,7,24,27,0,1,3,1,0,0,0,8,0.9168449717742978
0,9,1,7,27,24,0,0,-3,-1,0,0,0,8,-0.9168449717742978
0,9,1,8,24,27,3,0,-1,0,0,0,0,8,0.9168449717742978
0,9,1,8,27,24,-3,1,1,0,0,0,0,8,-0.9168449717742978
0,9,2,1,17,43,0,0,-1,0,1,1,0,8,1.6847068711826807
0,9,2,1,43,17,0,1,1,0,1,1,0,8,-1.6847068711826807
0,9,2,2,17,43,-1,1,2,0,1,1,0,8,1.6847068711826807
0,9,2,2,43,17,1,0,-2,0,1,1,0,8,-1.6847068711826807
0,9,2,3,17,43,1,0,1,0,1,1,0,8,1.6847068711826807
0,9,2,3,43,17,-1,1,-1,0,1,1,0,8,-1.6847068711826807
0,9,2,4,17,43,2,0,1,0,1,1,0,8,1.6847068711826807
0,9,2,4,43,17,-2,1,-1,0,1,1,0,8,-1.6847068711826807
0,9,2,5,17,43,3,0,-2,-1,1,0,0,8,1.6847068711826807
0,9,2,5,43,17,-3,1,2,1,0,1,0,8,-1.6847068711826807
0,9,2,6,17,43,1,1,5,1,0,0,0,8,1.6847068711826807
0,9,2,6,43,17,-1,0,-5,-1,0,0,0,8,-1.6847068711826807
0,9,2,7,17,43,6,0,-3,0,0,0,0,8,1.6847068711826807
0,9,2,7,43,17,-6,1,3,0,0,0,0,8,-1.6847068711826807
0,9,2,8,17,43,3,1,0,0,0,0,0,8,1.6847068711826807
0,9,2,8,43,17,-3,0,0,0,0,0,0,8,-1.6847068711826807
0,9,3,1,18,22,0,1,3,0,1,1,0,7,0.582416886239254
0,9,3,1,22,18,0,0,-3,0,1,1,0,7,-0.582416886239254
0,9,3,2,18,22,3,0,1,0,1,1,0,7,0.582416886239254
0,9,3,2,22,18,-3,1,-1,0,1,1,0,7,-0.582416886239254
0,9,3,3,18,22,4,0,3,0,1,1,0,7,0.582416886239254
0,9,3,3,22,18,-4,1,-3,0,1,1,0,7,-0.582416886239254
0,9,3,4,18,22,7,0,2,-1,1,0,0,7,0.582416886239254
0,9,3,4,22,18,-7,1,-2,1,0,1,0,7,-0.582416886239254
0,9,3,5,18,22,9,0,1,0,1,0,0,7,0.582416886239254
0,9,3,5,22,18,-9,1,-1,0,0,1,0,7,-0.582416886239254
0,9,3,6,18,22,10,0,-3,0,1,0,0,7,0.582416886239254
0,9,3,6,22,18,-10,1,3,0,0,1,0,7,-0.582416886239254
0,9,3,7,18,22,7,1,1,1,0,0,1,7,0.582416886239254
0,9,3,7,22,18,-7,0,-1,-1,0,0,1,7,-0.582416886239254
0,9,4,1,10,20,0,0,-1,0,1,1,0,7,0.350208680623743
0,9,4,1,20,10,0,1,1,0,1,1,0,7,-0.350208680623743
0,9,4,2,10,20,-1,1,1,0,1,1,0,7,0.350208680623743
0,9,4,2,20,10,1,0,-1,0,1,1,0,7,-0.350208680623743
0,9,4,3,10,20,0,0,-1,0,1,1,0,7,0.350208680623743
0,9,4,3,20,10,0,1,1,0,1,1,0,7,-0.350208680623743
0,9,4,4,10,20,-1,1,1,0,1,1,0,7,0.350208680623743
0,9,4,4,20,10,1,0,-1,0,1,1,0,7,-0.350208680623743
0,9,4,5,10,20,0,0,1,0,1,1,0,7,0.350208680623743
0,9,4,5,20,10,0,1,-1,0,1,1,0,7,-0.350208680623743
0,9,4,6,10,20,1,0,1,-1,1,0,0,7,0.350208680623743
0,9,4,6,20,10,-1,1,-1,1,0,1,0,7,-0.350208680623743
0,9,4,7,10,20,2,0,3,0,1,0,1,7,0.350208680623743
0,9,4,7,20,10,-2,1,-3,0,0,1,1,7,-0.350208680623743
0,10,1,1,20,22,0,0,1,0,1,1,0,8,0.8133832318309012
0,10,1,1,22,20,0,1,-1,0,1,1,0,8,-0.8133832318309012
0,10,1,2,20,22,1,0,-3,0,1,1,0,8,0.8133832318309012
0,10,1,2,22,20,-1,1,3,0,1,1,0,8,-0.8133832318309012
0,10,1,3,20,22,-2,1,3,0,1,1,0,8,0.8133832318309012
0,10,1,3,22,20,2,0,-3,0,1,1,0,8,-0.8133832318309012
0,10,1,4,20,22,1,0,-4,0,1,1,0,8,0.8133832318309012
0,10,1,4,22,20,-1,1,4,0,1,1,0,8,-0.8133832318309012
0,10,1,5,20,22,-3,1,3,0,1,1,0,8,0.8133832318309012
0,10,1,5,22,20,3,0,-3,0,1,1,0,8,-0.8133832318309012
0,10,1,6,20,22,0,0,0,-1,1,0,0,8,0.8133832318309012
0,10,1,6,22,20,0,1,0,1,0,1,0,8,-0.8133832318309012
0,10,1,7,20,22,0,1,1,1,0,0,0,8,0.8133832318309012
0,10,1,7,22,20,0,0,-1,-1,0,0,0,8,-0.8133832318309012
0,10,1,8,20,22,1,0,-3,0,0,0,0,8,0.8133832318309012
0,10,1,8,22,20,-1,1,3,0,0,0,0,8,-0.8133832318309012
0,10,2,1,27,43,0,0,1,0,1,1,0,8,1.2466982729814804
0,10,2,1,43,27,0,1,-1,0,1,1,0,8,-1.2466982729814804
0,10,2,2,27,43,1,0,-2,0,1,1,0,8,1.2466982729814804
0,10,2,2,43,27,-1,1,2,0,1,1,0,8,-1.2466982729814804
0,10,2,3,27,43,-1,1,-1,0,1,1,0,8,1.2466982729814804
0,10,2,3,43,27,1,0,1,0,1,1,0,8,-1.2466982729814804
0,10,2,4,27,43,-2,1,-1,0,1,1,0,8,1.2466982729814804
0,10,2,4,43,27,2,0,1,0,1,1,0,8,-1.2466982729814804
0,10,2,5,27,43,-3,1,3,1,0,1,0,8,1.2466982729814804
0,10,2,5,43,27,3,0,-3,-1,1,0,0,8,-1.2466982729814804
0,10,2,6,27,43,0,0,1,-1,0,0,0,8,1.2466982729814804
0,10,2,6,43,27,0,1,-1,1,0,0,0,8,-1.2466982729814804
0,10,2,7,27,43,1,0,-1,0,0,0,0,8,1.2466982729814804
0,10,2,7,43,27,-1,1,1,0,0,0,0,8,-1.2466982729814804
0,10,2,8,27,43,0,1,1,0,0,0,0,8,1.2466982729814804
0,10,2,8,43,27,0,0,-1,0,0,0,0,8,-1.2466982729814804
0,11,1,1,17,19,0,1,2,0,1,1,0,8,0.21400880398627986
0,11,1,1,19,17,0,0,-2,0,1,1,0,8,-0.21400880398627986
0,11,1,2,17,19,2,0,-1,0,1,1,0,8,0.21400880398627986
0,11,1,2,19,17,-2,1,1,0,1,1,0,8,-0.21400880398627986
0,11,1,3,17,19,1,1,1,0,1,1,0,8,0.21400880398627986
0,11,1,3,19,17,-1,0,-1,0,1,1,0,8,-0.21400880398627986
0,11,1,4,17,19,2,0,-1,0,1,1,0,8,0.21400880398627986
0,11,1,4,19,17,-2,1,1,0,1,1,0,8,-0.21400880398627986
0,11,1,5,17,19,1,1,1,0,1,1,0,8,0.21400880398627986
0,11,1,5,19,17,-1,0,-1,0,1,1,0,8,-0.21400880398627986
0,11,1,6,17,19,2,0,1,-1,1,0,0,8,0.21400880398627986
0,11,1,6,19,17,-2,1,-1,1,0,1,0,8,-0.21400880398627986
0,11,1,7,17,19,3,0,1,0,1,0,0,8,0.21400880398627986
0,11,1,7,19,17,-3,1,-1,0,0,1,0,8,-0.21400880398627986
0,11,1,8,17,19,4,0,0,0,1,0,0,8,0.21400880398627986
0,11,1,8,19,17,-4,1,0,0,0,1,0,8,-0.21400880398627986
0,11,2,1,18,46,0,0,-2,0,1,1,0,8,0.1273385086795612
0,11,2,1,46,18,0,1,2,0,1,1,0,8,-0.1273385086795612
0,11,2,2,18,46,-2,1,-1,0,1,1,0,8,0.1273385086795612
0,11,2,2,46,18,2,0,1,0,1,1,0,8,-0.1273385086795612
0,11,2,3,18,46,-3,1,1,0,1,1,0,8,0.1273385086795612
0,11,2,3,46,18,3,0,-1,0,1,1,0,8,-0.1273385086795612
0,11,2,4,18,46,-2,0,3,0,1,1,0,8,0.1273385086795612
0,11,2,4,46,18,2,1,-3,0,1,1,0,8,-0.1273385086795612
0,11,2,5,18,46,1,0,2,0,1,1,0,8,0.1273385086795612
0,11,2,5,46,18,-1,1,-2,0,1,1,0,8,-0.1273385086795612
0,11,2,6,18,46,3,0,-3,-1,1,0,0,8,0.1273385086795612
0,11,2,6,46,18,-3,1,3,1,0,1,0,8,-0.1273385086795612
0,11,2,7,18,46,0,1,-2,1,0,0,0,8,0.1273385086795612
0,11,2,7,46,18,0,0,2,-1,0,0,0,8,-0.1273385086795612
0,11,2,8,18,46,-2,1,-1,0,0,0,0,8,0.1273385086795612
0,11,2,8,46,18,2,0,1,0,0,0,0,8,-0.1273385086795612
0,11,3,1,24,43,0,0,3,0,1,1,0,8,2.163543244755778
0,11,3,1,43,24,0,1,-3,0,1,1,0,8,-2.163543244755778
0,11,3,2,24,43,3,0,1,0,1,1,0,8,2.163543244755778
0,11,3,2,43,24,-3,1,-1,0,1,1,0,8,-2.163543244755778
0,11,3,3,24,43,4,0,-1,0,1,1,0,8,2.163543244755778
0,11,3,3,43,24,-4,1,1,0,1,1,0,8,-2.163543244755778
0,11,3,4,24,43,3,1,1,0,1,1,0,8,2.163543244755778
0,11,3,4,43,24,-3,0,-1,0,1,1,0,8,-2.163543244755778
0,11,3,5,24,43,4,0,-3,-1,1,0,0,8,2.163543244755778
0,11,3,5,43,24,-4,1,3,1,0,1,0,8,-2.163543244755778
0,11,3,6,24,43,1,1,1,0,1,0,0,8,2.163543244755778
0,11,3,6,43,24,-1,0,-1,0,0,1,0,8,-2.163543244755778
0,11,3,7,24,43,2,0,1,0,1,0,0,8,2.163543244755778
0,11,3,7,43,24,-2,1,-1,0,0,1,0,8,-2.163543244755778
0,11,3,8,24,43,3,0,1,0,1,0,0,8,2.163543244755778
0,11,3,8,43,24,-3,1,-1,0,0,1,0,8,-2.163543244755778
0,11,4,1,10,22,0,0,-1,0,1,1,0,9,1.1635919124546443
0,11,4,1,22,10,0,1,1,0,1,1,0,9,-1.1635919124546443
0,11,4,2,10,22,-1,1,1,0,1,1,0,9,1.1635919124546443
0,11,4,2,22,10,1,0,-1,0,1,1,0,9,-1.1635919124546443
0,11,4,3,10,22,0,0,-1,0,1,1,0,9,1.1635919124546443
0,11,4,3,22,10,0,1,1,0,1,1,0,9,-1.1635919124546443
0,11,4,4,10,22,-1,1,1,0,1,1,0,9,1.1635919124546443
0,11,4,4,22,10,1,0,-1,0,1,1,0,9,-1.1635919124546443
0,11,4,5,10,22,0,0,1,0,1,1,0,9,1.1635919124546443
0,11,4,5,22,10,0,1,-1,0,1,1,0,9,-1.1635919124546443
0,11,4,6,10,22,1,0,-2,-1,1,0,0,9,1.1635919124546443
0,11,4,6,22,10,-1,1,2,1,0,1,0,9,-1.1635919124546443
0,11,4,7,10,22,-1,1,-1,1,0,0,0,9,1.1635919124546443
0,11,4,7,22,10,1,0,1,-1,0,0,0,9,-1.1635919124546443
0,11,4,8,10,22,-2,1,2,0,0,0,0,9,1.1635919124546443
0,11,4,8,22,10,2,0,-2,0,0,0,0,9,-1.1635919124546443
0,11,4,9,10,22,0,0,2,0,0,0,0,9,1.1635919124546443
0,11,4,9,22,10,0,1,-2,0,0,0,0,9,-1.1635919124546443
0,12,1,1,10,46,0,0,-3,0,1,1,0,9,0.7085135348949514
0,12,1,1,46,10,0,1,3,0,1,1,0,9,-0.7085135348949514
0,12,1,2,10,46,-3,1,-2,0,1,1,0,9,0.7085135348949514
0,12,1,2,46,10,3,0,2,0,1,1,0,9,-0.7085135348949514
0,12,1,3,10,46,-5,1,-1,1,0,1,0,9,0.7085135348949514
0,12,1,3,46,10,5,0,1,-1,1,0,0,9,-0.7085135348949514
0,12,1,4,10,46,-6,1,-1,0,0,1,0,9,0.7085135348949514
0,12,1,4,46,10,6,0,1,0,1,0,0,9,-0.7085135348949514
0,12,1,5,10,46,-7,1,4,0,0,1,0,9,0.7085135348949514
0,12,1,5,46,10,7,0,-4,0,1,0,0,9,-0.7085135348949514
0,12,1,6,10,46,-3,0,-1,0,0,1,0,9,0.7085135348949514
0,12,1,6,46,10,3,1,1,0,1,0,0,9,-0.7085135348949514
0,12,1,7,10,46,-4,1,3,0,0,1,0,9,0.7085135348949514
0,12,1,7,46,10,4,0,-3,0,1,0,0,9,-0.7085135348949514
0,12,1,8,10,46,-1,0,1,-1,0,0,0,9,0.7085135348949514
0,12,1,8,46,10,1,1,-1,1,0,0,0,9,-0.7085135348949514
0,12,1,9,10,46,0,0,-2,0,0,0,0,9,0.7085135348949514
0,12,1,9,46,10,0,1,2,0,0,0,0,9,-0.7085135348949514
0,12,2,1,19,24,0,1,2,0,1,1,0,8,-0.6928451775593772
0,12,2,1,24,19,0,0,-2,0,1,1,0,8,0.6928451775593772
0,12,2,2,19,24,2,0,-1,0,1,1,0,8,-0.6928451775593772
0,12,2,2,24,19,-2,1,1,0,1,1,0,8,0.6928451775593772
0,12,2,3,19,24,1,1,-1,0,1,1,0,8,-0.6928451775593772
0,12,2,3,24,19,-1,0,1,0,1,1,0,8,0.6928451775593772
0,12,2,4,19,24,0,1,-1,0,1,1,0,8,-0.6928451775593772
0,12,2,4,24,19,0,0,1,0,1,1,0,8,0.6928451775593772
0,12,2,5,19,24,-1,1,3,0,1,1,0,8,-0.6928451775593772
0,12,2,5,24,19,1,0,-3,0,1,1,0,8,0.6928451775593772
0,12,2,6,19,24,2,0,-5,-1,1,0,0,8,-0.6928451775593772
0,12,2,6,24,19,-2,1,5,1,0,1,0,8,0.6928451775593772
0,12,2,7,19,24,-3,1,3,1,0,0,0,8,-0.6928451775593772
0,12,2,7,24,19,3,0,-3,-1,0,0,0,8,0.6928451775593772
0,12,2,8,19,24,0,0,-4,0,0,0,0,8,-0.6928451775593772
0,12,2,8,24,19,0,1,4,0,0,0,0,8,0.6928451775593772
0,12,3,1,18,20,0,1,3,0,1,1,0,8,-0.23096634559164725
0,12,3,1,20,18,0,0,-3,0,1,1,0,8,0.23096634559164725
0,12,3,2,18,20,3,0,-1,0,1,1,0,8,-0.23096634559164725
0,12,3,2,20,18,-3,1,1,0,1,1,0,8,0.23096634559164725
0,12,3,3,18,20,2,1,-1,0,1,1,0,8,-0.23096634559164725
0,12,3,3,20,18,-2,0,1,0,1,1,0,8,0.23096634559164725
0,12,3,4,18,20,1,1,1,0,1,1,0,8,-0.23096634559164725
0,12,3,4,20,18,-1,0,-1,0,1,1,0,8,0.23096634559164725
0,12,3,5,18,20,2,0,-1,0,1,1,0,8,-0.23096634559164725
0,12,3,5,20,18,-2,1,1,0,1,1,0,8,0.23096634559164725
0,12,3,6,18,20,1,1,1,0,1,1,0,8,-0.23096634559164725
0,12,3,6,20,18,-1,0,-1,0,1,1,0,8,0.23096634559164725
0,12,3,7,18,20,2,0,-2,-1,1,0,0,8,-0.23096634559164725
0,12,3,7,20,18,-2,1,2,1,0,1,0,8,0.23096634559164725
0,12,3,8,18,20,0,1,1,1,0,0,0,8,-0.23096634559164725
0,12,3,8,20,18,0,0,-1,-1,0,0,0,8,0.23096634559164725
0,12,4,1,17,27,0,0,1,0,1,1,0,8,0.4380085982012004
0,12,4,1,27,17,0,1,-1,0,1,1,0,8,-0.4380085982012004
0,12,4,2,17,27,1,0,1,0,1,1,0,8,0.4380085982012004
0,12,4,2,27,17,-1,1,-1,0,1,1,0,8,-0.4380085982012004
0,12,4,3,17,27,2,0,-1,0,1,1,0,8,0.4380085982012004
0,12,4,3,27,17,-2,1,1,0,1,1,0,8,-0.4380085982012004
0,12,4,4,17,27,1,1,1,0,1,1,0,8,0.4380085982012004
0,12,4,4,27,17,-1,0,-1,0,1,1,0,8,-0.4380085982012004
0,12,4,5,17,27,2,0,1,0,1,1,0,8,0.4380085982012004
0,12,4,5,27,17,-2,1,-1,0,1,1,0,8,-0.4380085982012004
0,12,4,6,17,27,3,0,-1,-1,1,0,0,8,0.4380085982012004
0,12,4,6,27,17,-3,1,1,1,0,1,0,8,-0.4380085982012004
0,12,4,7,17,27,2,1,2,1,0,0,0,8,0.4380085982012004
0,12,4,7,27,17,-2,0,-2,-1,0,0,0,8,-0.4380085982012004
0,12,4,8,17,27,4,0,0,0,0,0,0,8,0.4380085982012004
0,12,4,8,27,17,-4,1,0,0,0,0,0,8,-0.4380085982012004
0,13,1,1,17,18,0,0,1,0,1,1,0,8,0.5864652668043335
0,13,1,1,18,17,0,1,-1,0,1,1,0,8,-0.5864652668043335
0,13,1,2,17,18,1,0,1,0,1,1,0,8,0.5864652668043335
0,13,1,2,18,17,-1,1,-1,0,1,1,0,8,-0.5864652668043335
0,13,1,3,17,18,2,0,-1,0,1,1,0,8,0.5864652668043335
0,13,1,3,18,17,-2,1,1,0,1,1,0,8,-0.5864652668043335
0,13,1,4,17,18,1,1,1,0,1,1,0,8,0.5864652668043335
0,13,1,4,18,17,-1,0,-1,0,1,1,0,8,-0.5864652668043335
0,13,1,5,17,18,2,0,-2,0,1,1,0,8,0.5864652668043335
0,13,1,5,18,17,-2,1,2,0,1,1,0,8,-0.5864652668043335
0,13,1,6,17,18,0,1,2,1,0,1,0,8,0.5864652668043335
0,13,1,6,18,17,0,0,-2,-1,1,0,0,8,-0.5864652668043335
0,13,1,7,17,18,2,0,-2,-1,0,0,0,8,0.5864652668043335
0,13,1,7,18,17,-2,1,2,1,0,0,0,8,-0.5864652668043335
0,13,1,8,17,18,0,1,1,0,0,0,0,8,0.5864652668043335
0,13,1,8,18,17,0,0,-1,0,0,0,0,8,-0.5864652668043335
0,13,2,1,10,24,0,0,-1,0,1,1,0,9,-0.4841266141620406
0,13,2,1,24,10,0,1,1,0,1,1,0,9,0.4841266141620406
0,13,2,2,10,24,-1,1,2,0,1,1,0,9,-0.4841266141620406
0,13,2,2,24,10,1,0,-2,0,1,1,0,9,0.4841266141620406
0,13,2,3,10,24,1,0,-1,0,1,1,0,9,-0.4841266141620406
0,13,2,3,24,10,-1,1,1,0,1,1,0,9,0.4841266141620406
0,13,2,4,10,24,0,1,-2,0,1,1,0,9,-0.4841266141620406
0,13,2,4,24,10,0,0,2,0,1,1,0,9,0.4841266141620406
0,13,2,5,10,24,-2,1,2,0,1,1,0,9,-0.4841266141620406
0,13,2,5,24,10,2,0,-2,0,1,1,0,9,0.4841266141620406
0,13,2,6,10,24,0,0,-1,0,1,1,0,9,-0.4841266141620406
0,13,2,6,24,10,0,1,1,0,1,1,0,9,0.4841266141620406
0,13,2,7,10,24,-1,1,3,1,0,1,0,9,-0.4841266141620406
0,13,2,7,24,10,1,0,-3,-1,1,0,0,9,0.4841266141620406
0,13,2,8,10,24,2,0,-2,-1,0,0,0,9,-0.4841266141620406
0,13,2,8,24,10,-2,1,2,1,0,0,0,9,0.4841266141620406
0,13,2,9,10,24,0,1,-1,0,0,0,0,9,-0.4841266141620406
0,13,2,9,24,10,0,0,1,0,0,0,0,9,0.4841266141620406
0,13,3,1,20,27,0,1,-3,0,1,1,0,8,0.08250967698851419
0,13,3,1,27,20,0,0,3,0,1,1,0,8,-0.08250967698851419
0,13,3,2,20,27,-3,1,1,0,1,1,0,8,0.08250967698851419
0,13,3,2,27,20,3,0,-1,0,1,1,0,8,-0.08250967698851419
0,13,3,3,20,27,-2,0,-1,0,1,1,0,8,0.08250967698851419
0,13,3,3,27,20,2,1,1,0,1,1,0,8,-0.08250967698851419
0,13,3,4,20,27,-3,1,-1,0,1,1,0,8,0.08250967698851419
0,13,3,4,27,20,3,0,1,0,1,1,0,8,-0.08250967698851419
0,13,3,5,20,27,-4,1,2,1,0,1,0,8,0.08250967698851419
0,13,3,5,27,20,4,0,-2,-1,1,0,0,8,-0.08250967698851419
0,13,3,6,20,27,-2,0,1,0,0,1,0,8,0.08250967698851419
0,13,3,6,27,20,2,1,-1,0,1,0,0,8,-0.08250967698851419
0,13,3,7,20,27,-1,0,-1,-1,0,0,0,8,0.08250967698851419
0,13,3,7,27,20,1,1,1,1,0,0,0,8,-0.08250967698851419
0,13,3,8,20,27,-2,1,-2,0,0,0,0,8,0.08250967698851419
0,13,3,8,27,20,2,0,2,0,0,0,0,8,-0.08250967698851419
0,13,4,1,22,43,0,0,-1,0,1,1,0,8,0.5158247181390933
0,13,4,1,43,22,0,1,1,0,1,1,0,8,-0.5158247181390933
0,13,4,2,22,43,-1,1,1,0,1,1,0,8,0.5158247181390933
0,13,4,2,43,22,1,0,-1,0,1,1,0,8,-0.5158247181390933
0,13,4,3,22,43,0,0,-3,0,1,1,0,8,0.5158247181390933
0,13,4,3,43,22,0,1,3,0,1,1,0,8,-0.5158247181390933
0,13,4,4,22,43,-3,1,-1,0,1,1,0,8,0.5158247181390933
0,13,4,4,43,22,3,0,1,0,1,1,0,8,-0.5158247181390933
0,13,4,5,22,43,-4,1,-1,1,0,1,0,8,0.5158247181390933
0,13,4,5,43,22,4,0,1,-1,1,0,0,8,-0.5158247181390933
0,13,4,6,22,43,-5,1,4,0,0,1,0,8,0.5158247181390933
0,13,4,6,43,22,5,0,-4,0,1,0,0,8,-0.5158247181390933
0,13,4,7,22,43,-1,0,1,-1,0,0,0,8,0.5158247181390933
0,13,4,7,43,22,1,1,-1,1,0,0,0,8,-0.5158247181390933
0,13,4,8,22,43,0,0,2,0,0,0,0,8,0.5158247181390933
0,13,4,8,43,22,0,1,-2,0,0,0,0,8,-0.5158247181390933
0,46,1,1,19,24,0,0,-1,0,1,1,0,7,-0.6928451775593772
0,46,1,1,24,19,0,1,1,0,1,1,0,7,0.6928451775593772
0,46,1,2,19,24,-1,1,-1,0,1,1,0,7,-0.6928451775593772
0,46,1,2,24,19,1,0,1,0,1,1,0,7,0.6928451775593772
0,46,1,3,19,24,-2,1,-2,0,1,1,0,7,-0.6928451775593772
0,46,1,3,24,19,2,0,2,0,1,1,0,7,0.6928451775593772
0,46,1,4,19,24,-4,1,-1,1,0,1,0,7,-0.6928451775593772
0,46,1,4,24,19,4,0,1,-1,1,0,0,7,0.6928451775593772
0,46,1,5,19,24,-5,1,-1,0,0,1,0,7,-0.6928451775593772
0,46,1,5,24,19,5,0,1,0,1,0,0,7,0.6928451775593772
0,46,1,6,19,24,-6,1,1,0,0,1,0,7,-0.6928451775593772
0,46,1,6,24,19,6,0,-1,0,1,0,0,7,0.6928451775593772
0,46,1,7,19,24,-5,0,-2,-1,0,0,1,7,-0.6928451775593772
0,46,1,7,24,19,5,1,2,1,0,0,1,7,0.6928451775593772
0,46,2,1,17,27,0,1,-1,0,1,1,0,8,0.4380085982012004
0,46,2,1,27,17,0,0,1,0,1,1,0,8,-0.4380085982012004
0,46,2,2,17,27,-1,1,1,0,1,1,0,8,0.4380085982012004
0,46,2,2,27,17,1,0,-1,0,1,1,0,8,-0.4380085982012004
0,46,2,3,17,27,0,0,-2,0,1,1,0,8,0.4380085982012004
0,46,2,3,27,17,0,1,2,0,1,1,0,8,-0.4380085982012004
0,46,2,4,17,27,-2,1,1,0,1,1,0,8,0.4380085982012004
0,46,2,4,27,17,2,0,-1,0,1,1,0,8,-0.4380085982012004
0,46,2,5,17,27,-1,0,-1,0,1,1,0,8,0.4380085982012004
0,46,2,5,27,17,1,1,1,0,1,1,0,8,-0.4380085982012004
0,46,2,6,17,27,-2,1,3,1,0,1,0,8,0.4380085982012004
0,46,2,6,27,17,2,0,-3,-1,1,0,0,8,-0.4380085982012004
0,46,2,7,17,27,1,0,-1,-1,0,0,0,8,0.4380085982012004
0,46,2,7,27,17,-1,1,1,1,0,0,0,8,-0.4380085982012004
0,46,2,8,17,27,0,1,1,0,0,0,0,8,0.4380085982012004
0,46,2,8,27,17,0,0,-1,0,0,0,0,8,-0.4380085982012004
0,48,1,1,19,27,0,0,-1,0,1,1,0,6,0.22399979421492056
0,48,1,1,27,19,0,1,1,0,1,1,0,6,-0.22399979421492056
0,48,1,2,19,27,-1,1,4,0,1,1,0,6,0.22399979421492056
0,48,1,2,27,19,1,0,-4,0,1,1,0,6,-0.22399979421492056
0,48,1,3,19,27,3,0,3,0,1,1,0,6,0.22399979421492056
0,48,1,3,27,19,-3,1,-3,0,1,1,0,6,-0.22399979421492056
0,48,1,4,19,27,6,0,1,0,1,1,0,6,0.22399979421492056
0,48,1,4,27,19,-6,1,-1,0,1,1,0,6,-0.22399979421492056
0,48,1,5,19,27,7,0,1,-1,1,0,0,6,0.22399979421492056
0,48,1,5,27,19,-7,1,-1,1,0,1,0,6,-0.22399979421492056
0,48,1,6,19,27,8,0,-2,0,1,0,1,6,0.22399979421492056
0,48,1,6,27,19,-8,1,2,0,0,1,1,6,-0.22399979421492056
0,49,1,1,17,24,0,0,2,0,1,1,0,8,-0.4788363735730974
0,49,1,1,24,17,0,1,-2,0,1,1,0,8,0.4788363735730974
0,49,1,2,17,24,2,0,-2,0,1,1,0,8,-0.4788363735730974
0,49,1,2,24,17,-2,1,2,0,1,1,0,8,0.4788363735730974
0,49,1,3,17,24,0,1,-1,0,1,1,0,8,-0.4788363735730974
0,49,1,3,24,17,0,0,1,0,1,1,0,8,0.4788363735730974
0,49,1,4,17,24,-1,1,-3,0,1,1,0,8,-0.4788363735730974
0,49,1,4,24,17,1,0,3,0,1,1,0,8,0.4788363735730974
0,49,1,5,17,24,-4,1,1,1,0,1,0,8,-0.4788363735730974
0,49,1,5,24,17,4,0,-1,-1,1,0,0,8,0.4788363735730974
0,49,1,6,17,24,-3,0,-1,0,0,1,0,8,-0.4788363735730974
0,49,1,6,24,17,3,1,1,0,1,0,0,8,0.4788363735730974
0,49,1,7,17,24,-4,1,2,0,0,1,0,8,-0.4788363735730974
0,49,1,7,24,17,4,0,-2,0,1,0,0,8,0.4788363735730974
0,49,1,8,17,24,-2,0,-1,-1,0,0,0,8,-0.4788363735730974
0,49,1,8,24,17,2,1,1,1,0,0,0,8,0.4788363735730974
22230015,1,1,1,36,44,0,0,-3,0,1,1,0,7,-0.8911580457519572
22230015,1,1,1,44,36,0,1,3,0,1,1,0,7,0.8911580457519572
22230015,1,1,2,36,44,-3,1,-1,0,1,1,0,7,-0.8911580457519572
22230015,1,1,2,44,36,3,0,1,0,1,1,0,7,0.8911580457519572
22230015,1,1,3,36,44,-4,1,2,0,1,1,0,7,-0.8911580457519572
22230015,1,1,3,44,36,4,0,-2,0,1,1,0,7,0.8911580457519572
22230015,1,1,4,36,44,-2,0,1,0,1,1,0,7,-0.8911580457519572
22230015,1,1,4,44,36,2,1,-1,0,1,1,0,7,0.8911580457519572
22230015,1,1,5,36,44,-1,0,-4,0,1,1,0,7,-0.8911580457519572
22230015,1,1,5,44,36,1,1,4,0,1,1,0,7,0.8911580457519572
22230015,1,1,6,36,44,-5,1,2,1,0,1,0,7,-0.8911580457519572
22230015,1,1,6,44,36,5,0,-2,-1,1,0,0,7,0.8911580457519572
22230015,1,1,7,36,44,-3,0,-3,-1,0,0,1,7,-0.8911580457519572
22230015,1,1,7,44,36,3,1,3,1,0,0,1,7,0.8911580457519572
22230015,1,2,1,25,46,0,0,1,0,1,1,0,9,-0.8671572442292033
22230015,1,2,1,46,25,0,1,-1,0,1,1,0,9,0.8671572442292033
22230015,1,2,2,25,46,1,0,-1,0,1,1,0,9,-0.8671572442292033
22230015,1,2,2,46,25,-1,1,1,0,1,1,0,9,0.8671572442292033
22230015,1,2,3,25,46,0,1,1,0,1,1,0,9,-0.8671572442292033
22230015,1,2,3,46,25,0,0,-1,0,1,1,0,9,0.8671572442292033
22230015,1,2,4,25,46,1,0,-1,0,1,1,0,9,-0.8671572442292033
22230015,1,2,4,46,25,-1,1,1,0,1,1,0,9,0.8671572442292033
22230015,1,2,5,25,46,0,1,-1,0,1,1,0,9,-0.8671572442292033
22230015,1,2,5,46,25,0,0,1,0,1,1,0,9,0.8671572442292033
22230015,1,2,6,25,46,-1,1,3,0,1,1,0,9,-0.8671572442292033
22230015,1,2,6,46,25,1,0,-3,0,1,1,0,9,0.8671572442292033
22230015,1,2,7,25,46,2,0,-3,-1,1,0,0,9,-0.8671572442292033
22230015,1,2,7,46,25,-2,1,3,1,0,1,0,9,0.8671572442292033
22230015,1,2,8,25,46,-1,1,1,1,0,0,0,9,-0.8671572442292033
22230015,1,2,8,46,25,1,0,-1,-1,0,0,0,9,0.8671572442292033
22230015,1,2,9,25,46,0,0,-1,0,0,0,0,9,-0.8671572442292033
22230015,1,2,9,46,25,0,1,1,0,0,0,0,9,0.8671572442292033
22230015,1,3,1,10,14,0,1,4,0,1,1,0,7,0.06889979946146552
22230015,1,3,1,14,10,0,0,-4,0,1,1,0,7,-0.06889979946146552
22230015,1,3,2,10,14,4,0,1,0,1,1,0,7,0.06889979946146552
22230015,1,3,2,14,10,-4,1,-1,0,1,1,0,7,-0.06889979946146552
22230015,1,3,3,10,14,5,0,-1,0,1,1,0,7,0.06889979946146552
22230015,1,3,3,14,10,-5,1,1,0,1,1,0,7,-0.06889979946146552
22230015,1,3,4,10,14,4,1,1,0,1,1,0,7,0.06889979946146552
22230015,1,3,4,14,10,-4,0,-1,0,1,1,0,7,-0.06889979946146552
22230015,1,3,5,10,14,5,0,-2,-1,1,0,0,7,0.06889979946146552
22230015,1,3,5,14,10,-5,1,2,1,0,1,0,7,-0.06889979946146552
22230015,1,3,6,10,14,3,1,2,0,1,0,0,7,0.06889979946146552
22230015,1,3,6,14,10,-3,0,-2,0,0,1,0,7,-0.06889979946146552
22230015,1,3,7,10,14,5,0,-1,0,1,0,1,7,0.06889979946146552
22230015,1,3,7,14,10,-5,1,1,0,0,1,1,7,-0.06889979946146552
22230015,1,4,1,22,24,0,0,1,0,1,1,0,8,-1.647718526616685
22230015,1,4,1,24,22,0,1,-1,0,1,1,0,8,1.647718526616685
22230015,1,4,2,22,24,1,0,-1,0,1,1,0,8,-1.647718526616685
22230015,1,4,2,24,22,-1,1,1,0,1,1,0,8,1.647718526616685
22230015,1,4,3,22,24,0,1,2,0,1,1,0,8,-1.647718526616685
22230015,1,4,3,24,22,0,0,-2,0,1,1,0,8,1.647718526616685
22230015,1,4,4,22,24,2,0,-3,0,1,1,0,8,-1.647718526616685
22230015,1,4,4,24,22,-2,1,3,0,1,1,0,8,1.647718526616685
22230015,1,4,5,22,24,-1,1,-1,0,1,1,0,8,-1.647718526616685
22230015,1,4,5,24,22,1,0,1,0,1,1,0,8,1.647718526616685
22230015,1,4,6,22,24,-2,1,1,1,0,1,0,8,-1.647718526616685
22230015,1,4,6,24,22,2,0,-1,-1,1,0,0,8,1.647718526616685
22230015,1,4,7,22,24,-1,0,-2,0,0,1,0,8,-1.647718526616685
22230015,1,4,7,24,22,1,1,2,0,1,0,0,8,1.647718526616685
22230015,1,4,8,22,24,-3,1,0,0,0,1,0,8,-1.647718526616685
22230015,1,4,8,24,22,3,0,0,0,1,0,0,8,1.647718526616685
22230015,1,5,1,11,37,0,1,1,0,1,1,0,8,-1.1242814665995196
22230015,1,5,1,37,11,0,0,-1,0,1,1,0,8,1.1242814665995196
22230015,1,5,2,11,37,1,0,-2,0,1,1,0,8,-1.1242814665995196
22230015,1,5,2,37,11,-1,1,2,0,1,1,0,8,1.1242814665995196
22230015,1,5,3,11,37,-1,1,4,0,1,1,0,8,-1.1242814665995196
22230015,1,5,3,37,11,1,0,-4,0,1,1,0,8,1.1242814665995196
22230015,1,5,4,11,37,3,0,-1,0,1,1,0,8,-1.1242814665995196
22230015,1,5,4,37,11,-3,1,1,0,1,1,0,8,1.1242814665995196
22230015,1,5,5,11,37,2,1,1,0,1,1,0,8,-1.1242814665995196
22230015,1,5,5,37,11,-2,0,-1,0,1,1,0,8,1.1242814665995196
22230015,1,5,6,11,37,3,0,-2,-1,1,0,0,8,-1.1242814665995196
22230015,1,5,6,37,11,-3,1,2,1,0,1,0,8,1.1242814665995196
22230015,1,5,7,11,37,1,1,-1,0,1,0,0,8,-1.1242814665995196
22230015,1,5,7,37,11,-1,0,1,0,0,1,0,8,1.1242814665995196
22230015,1,5,8,11,37,0,1,1,1,0,0,0,8,-1.1242814665995196
22230015,1,5,8,37,11,0,0,-1,-1,0,0,0,8,1.1242814665995196
22230015,2,1,1,15,16,0,0,-3,0,1,1,0,8,-1.5962515189283524
22230015,2,1,1,16,15,0,1,3,0,1,1,0,8,1.5962515189283524
22230015,2,1,2,15,16,-3,1,1,0,1,1,0,8,-1.5962515189283524
22230015,2,1,2,16,15,3,0,-1,0,1,1,0,8,1.5962515189283524
22230015,2,1,3,15,16,-2,0,-1,0,1,1,0,8,-1.5962515189283524
22230015,2,1,3,16,15,2,1,1,0,1,1,0,8,1.5962515189283524
22230015,2,1,4,15,16,-3,1,1,0,1,1,0,8,-1.5962515189283524
22230015,2,1,4,16,15,3,0,-1,0,1,1,0,8,1.5962515189283524
22230015,2,1,5,15,16,-2,0,-1,0,1,1,0,8,-1.5962515189283524
22230015,2,1,5,16,15,2,1,1,0,1,1,0,8,1.5962515189283524
22230015,2,1,6,15,16,-3,1,-1,1,0,1,0,8,-1.5962515189283524
22230015,2,1,6,16,15,3,0,1,-1,1,0,0,8,1.5962515189283524
22230015,2,1,7,15,16,-4,1,4,0,0,1,0,8,-1.5962515189283524
22230015,2,1,7,16,15,4,0,-4,0,1,0,0,8,1.5962515189283524
22230015,2,1,8,15,16,0,0,-1,-1,0,0,0,8,-1.5962515189283524
22230015,2,1,8,16,15,0,1,1,1,0,0,0,8,1.5962515189283524
22230015,2,2,1,17,34,0,0,-1,0,1,1,0,9,2.279635077363662
22230015,2,2,1,34,17,0,1,1,0,1,1,0,9,-2.279635077363662
22230015,2,2,2,17,34,-1,1,2,0,1,1,0,9,2.279635077363662
22230015,2,2,2,34,17,1,0,-2,0,1,1,0,9,-2.279635077363662
22230015,2,2,3,17,34,1,0,1,0,1,1,0,9,2.279635077363662
22230015,2,2,3,34,17,-1,1,-1,0,1,1,0,9,-2.279635077363662
22230015,2,2,4,17,34,2,0,2,0,1,1,0,9,2.279635077363662
22230015,2,2,4,34,17,-2,1,-2,0,1,1,0,9,-2.279635077363662
22230015,2,2,5,17,34,4,0,-1,0,1,1,0,9,2.279635077363662
22230015,2,2,5,34,17,-4,1,1,0,1,1,0,9,-2.279635077363662
22230015,2,2,6,17,34,3,1,1,0,1,1,0,9,2.279635077363662
22230015,2,2,6,34,17,-3,0,-1,0,1,1,0,9,-2.279635077363662
22230015,2,2,7,17,34,4,0,-2,-1,1,0,0,9,2.279635077363662
22230015,2,2,7,34,17,-4,1,2,1,0,1,0,9,-2.279635077363662
22230015,2,2,8,17,34,2,1,-2,1,0,0,0,9,2.279635077363662
22230015,2,2,8,34,17,-2,0,2,-1,0,0,0,9,-2.279635077363662
22230015,2,2,9,17,34,0,1,1,0,0,0,0,9,2.279635077363662
22230015,2,2,9,34,17,0,0,-1,0,0,0,0,9,-2.279635077363662
22230015,2,3,1,18,23,0,1,2,0,1,1,0,6,2.169187813269376
22230015,2,3,1,23,18,0,0,-2,0,1,1,0,6,-2.169187813269376
22230015,2,3,2,18,23,2,0,2,0,1,1,0,6,2.169187813269376
22230015,2,3,2,23,18,-2,1,-2,0,1,1,0,6,-2.169187813269376
22230015,2,3,3,18,23,4,0,3,0,1,1,0,6,2.169187813269376
22230015,2,3,3,23,18,-4,1,-3,0,1,1,0,6,-2.169187813269376
22230015,2,3,4,18,23,7,0,3,0,1,1,0,6,2.169187813269376
22230015,2,3,4,23,18,-7,1,-3,0,1,1,0,6,-2.169187813269376
22230015,2,3,5,18,23,10,0,-2,-1,1,0,0,6,2.169187813269376
22230015,2,3,5,23,18,-10,1,2,1,0,1,0,6,-2.169187813269376
22230015,2,3,6,18,23,8,1,1,1,0,0,1,6,2.169187813269376
22230015,2,3,6,23,18,-8,0,-1,-1,0,0,1,6,-2.169187813269376
22230015,2,4,1,28,51,0,0,2,0,1,1,0,8,-0.19945327026482118
22230015,2,4,1,51,28,0,1,-2,0,1,1,0,8,0.19945327026482118
22230015,2,4,2,28,51,2,0,-2,0,1,1,0,8,-0.19945327026482118
22230015,2,4,2,51,28,-2,1,2,0,1,1,0,8,0.19945327026482118
22230015,2,4,3,28,51,0,1,2,0,1,1,0,8,-0.19945327026482118
22230015,2,4,3,51,28,0,0,-2,0,1,1,0,8,0.19945327026482118
22230015,2,4,4,28,51,2,0,-2,0,1,1,0,8,-0.19945327026482118
22230015,2,4,4,51,28,-2,1,2,0,1,1,0,8,0.19945327026482118
22230015,2,4,5,28,51,0,1,1,0,1,1,0,8,-0.19945327026482118
22230015,2,4,5,51,28,0,0,-1,0,1,1,0,8,0.19945327026482118
22230015,2,4,6,28,51,1,0,-1,0,1,1,0,8,-0.19945327026482118
22230015,2,4,6,51,28,-1,1,1,0,1,1,0,8,0.19945327026482118
22230015,2,4,7,28,51,0,1,-2,1,0,1,0,8,-0.19945327026482118
22230015,2,4,7,51,28,0,0,2,-1,1,0,0,8,0.19945327026482118
22230015,2,4,8,28,51,-2,1,1,0,0,1,0,8,-0.19945327026482118
22230015,2,4,8,51,28,2,0,-1,0,1,0,0,8,0.19945327026482118
22230015,2,5,1,19,20,0,1,-2,0,1,1,0,9,0.14149011722640636
22230015,2,5,1,20,19,0,0,2,0,1,1,0,9,-0.14149011722640636
22230015,2,5,2,19,20,-2,1,-1,0,1,1,0,9,0.14149011722640636
22230015,2,5,2,20,19,2,0,1,0,1,1,0,9,-0.14149011722640636
22230015,2,5,3,19,20,-3,1,2,0,1,1,0,9,0.14149011722640636
22230015,2,5,3,20,19,3,0,-2,0,1,1,0,9,-0.14149011722640636
22230015,2,5,4,19,20,-1,0,1,0,1,1,0,9,0.14149011722640636
22230015,2,5,4,20,19,1,1,-1,0,1,1,0,9,-0.14149011722640636
22230015,2,5,5,19,20,0,0,-1,0,1,1,0,9,0.14149011722640636
22230015,2,5,5,20,19,0,1,1,0,1,1,0,9,-0.14149011722640636
22230015,2,5,6,19,20,-1,1,2,1,0,1,0,9,0.14149011722640636
22230015,2,5,6,20,19,1,0,-2,-1,1,0,0,9,-0.14149011722640636
22230015,2,5,7,19,20,1,0,-2,-1,0,0,0,9,0.14149011722640636
22230015,2,5,7,20,19,-1,1,2,1,0,0,0,9,-0.14149011722640636
22230015,2,5,8,19,20,-1,1,1,0,0,0,0,9,0.14149011722640636
22230015,2,5,8,20,19,1,0,-1,0,0,0,0,9,-0.14149011722640636
22230015,2,5,9,19,20,0,0,-1,0,0,0,0,9,0.14149011722640636
22230015,2,5,9,20,19,0,1,1,0,0,0,0,9,-0.14149011722640636
22230015,3,1,1,24,46,0,1,1,0,1,1,0,6,1.192640149056992
22230015,3,1,1,46,24,0,0,-1,0,1,1,0,6,-1.192640149056992
22230015,3,1,2,24,46,1,0,-2,0,1,1,0,6,1.192640149056992
22230015,3,1,2,46,24,-1,1,2,0,1,1,0,6,-1.192640149056992
22230015,3,1,3,24,46,-1,1,-2,0,1,1,0,6,1.192640149056992
22230015,3,1,3,46,24,1,0,2,0,1,1,0,6,-1.192640149056992
22230015,3,1,4,24,46,-3,1,-1,0,1,1,0,6,1.192640149056992
22230015,3,1,4,46,24,3,0,1,0,1,1,0,6,-1.192640149056992
22230015,3,1,5,24,46,-4,1,-1,1,0,1,0,6,1.192640149056992
22230015,3,1,5,46,24,4,0,1,-1,1,0,0,6,-1.192640149056992
22230015,3,1,6,24,46,-5,1,-1,0,0,1,1,6,1.192640149056992
22230015,3,1,6,46,24,5,0,1,0,1,0,1,6,-1.192640149056992
22230015,3,2,1,22,36,0,0,1,0,1,1,0,8,0.8557032186682195
22230015,3,2,1,36,22,0,1,-1,0,1,1,0,8,-0.8557032186682195
22230015,3,2,2,22,36,1,0,1,0,1,1,0,8,0.8557032186682195
22230015,3,2,2,36,22,-1,1,-1,0,1,1,0,8,-0.8557032186682195
22230015,3,2,3,22,36,2,0,2,0,1,1,0,8,0.8557032186682195
22230015,3,2,3,36,22,-2,1,-2,0,1,1,0,8,-0.8557032186682195
22230015,3,2,4,22,36,4,0,1,0,1,1,0,8,0.8557032186682195
22230015,3,2,4,36,22,-4,1,-1,0,1,1,0,8,-0.8557032186682195
22230015,3,2,5,22,36,5,0,-2,-1,1,0,0,8,0.8557032186682195
22230015,3,2,5,36,22,-5,1,2,1,0,1,0,8,-0.8557032186682195
22230015,3,2,6,22,36,3,1,1,1,0,0,0,8,0.8557032186682195
22230015,3,2,6,36,22,-3,0,-1,-1,0,0,0,8,-0.8557032186682195
22230015,3,2,7,22,36,4,0,-1,0,0,0,0,8,0.8557032186682195
22230015,3,2,7,36,22,-4,1,1,0,0,0,0,8,-0.8557032186682195
22230015,3,2,8,22,36,3,1,-2,0,0,0,0,8,0.8557032186682195
22230015,3,2,8,36,22,-3,0,2,0,0,0,0,8,-0.8557032186682195
22230015,3,3,1,37,44,0,0,-1,0,1,1,0,8,0.9483353791938822
22230015,3,3,1,44,37,0,1,1,0,1,1,0,8,-0.9483353791938822
22230015,3,3,2,37,44,-1,1,3,0,1,1,0,8,0.9483353791938822
22230015,3,3,2,44,37,1,0,-3,0,1,1,0,8,-0.9483353791938822
22230015,3,3,3,37,44,2,0,-1,0,1,1,0,8,0.9483353791938822
22230015,3,3,3,44,37,-2,1,1,0,1,1,0,8,-0.9483353791938822
22230015,3,3,4,37,44,1,1,2,0,1,1,0,8,0.9483353791938822
22230015,3,3,4,44,37,-1,0,-2,0,1,1,0,8,-0.9483353791938822
22230015,3,3,5,37,44,3,0,-2,0,1,1,0,8,0.9483353791938822
22230015,3,3,5,44,37,-3,1,2,0,1,1,0,8,-0.9483353791938822
22230015,3,3,6,37,44,1,1,-1,1,0,1,0,8,0.9483353791938822
22230015,3,3,6,44,37,-1,0,1,-1,1,0,0,8,-0.9483353791938822
22230015,3,3,7,37,44,0,1,2,0,0,1,0,8,0.9483353791938822
22230015,3,3,7,44,37,0,0,-2,0,1,0,0,8,-0.9483353791938822
22230015,3,3,8,37,44,2,0,1,-1,0,0,0,8,0.9483353791938822
22230015,3,3,8,44,37,-2,1,-1,1,0,0,0,8,-0.9483353791938822
22230015,3,4,1,11,14,0,0,-3,0,1,1,0,6,-1.2351833733150783
22230015,3,4,1,14,11,0,1,3,0,1,1,0,6,1.2351833733150783
22230015,3,4,2,11,14,-3,1,-1,0,1,1,0,6,-1.2351833733150783
22230015,3,4,2,14,11,3,0,1,0,1,1,0,6,1.2351833733150783
22230015,3,4,3,11,14,-4,1,1,0,1,1,0,6,-1.2351833733150783
22230015,3,4,3,14,11,4,0,-1,0,1,1,0,6,1.2351833733150783
22230015,3,4,4,11,14,-3,0,-1,0,1,1,0,6,-1.2351833733150783
22230015,3,4,4,14,11,3,1,1,0,1,1,0,6,1.2351833733150783
22230015,3,4,5,11,14,-4,1,-1,1,0,1,0,6,-1.2351833733150783
22230015,3,4,5,14,11,4,0,1,-1,1,0,0,6,1.2351833733150783
22230015,3,4,6,11,14,-5,1,-1,0,0,1,1,6,-1.2351833733150783
22230015,3,4,6,14,11,5,0,1,0,1,0,1,6,1.2351833733150783
22230015,3,5,1,10,25,0,1,2,0,1,1,0,8,1.5756707791241547
22230015,3,5,1,25,10,0,0,-2,0,1,1,0,8,-1.5756707791241547
22230015,3,5,2,10,25,2,0,1,0,1,1,0,8,1.5756707791241547
22230015,3,5,2,25,10,-2,1,-1,0,1,1,0,8,-1.5756707791241547
22230015,3,5,3,10,25,3,0,-1,0,1,1,0,8,1.5756707791241547
22230015,3,5,3,25,10,-3,1,1,0,1,1,0,8,-1.5756707791241547
22230015,3,5,4,10,25,2,1,3,0,1,1,0,8,1.5756707791241547
22230015,3,5,4,25,10,-2,0,-3,0,1,1,0,8,-1.5756707791241547
22230015,3,5,5,10,25,5,0,-3,-1,1,0,0,8,1.5756707791241547
22230015,3,5,5,25,10,-5,1,3,1,0,1,0,8,-1.5756707791241547
22230015,3,5,6,10,25,2,1,1,0,1,0,0,8,1.5756707791241547
22230015,3,5,6,25,10,-2,0,-1,0,0,1,0,8,-1.5756707791241547
22230015,3,5,7,10,25,3,0,-1,0,1,0,0,8,1.5756707791241547
22230015,3,5,7,25,10,-3,1,1,0,0,1,0,8,-1.5756707791241547
22230015,3,5,8,10,25,2,1,3,1,0,0,0,8,1.5756707791241547
22230015,3,5,8,25,10,-2,0,-3,-1,0,0,0,8,-1.5756707791241547
22230015,4,1,1,17,51,0,0,1,0,1,1,0,8,1.908179632172648
22230015,4,1,1,51,17,0,1,-1,0,1,1,0,8,-1.908179632172648
22230015,4,1,2,17,51,1,0,2,0,1,1,0,8,1.908179632172648
22230015,4,1,2,51,17,-1,1,-2,0,1,1,0,8,-1.908179632172648
22230015,4,1,3,17,51,3,0,-2,0,1,1,0,8,1.908179632172648
22230015,4,1,3,51,17,-3,1,2,0,1,1,0,8,-1.908179632172648
22230015,4,1,4,17,51,1,1,2,0,1,1,0,8,1.908179632172648
22230015,4,1,4,51,17,-1,0,-2,0,1,1,0,8,-1.908179632172648
22230015,4,1,5,17,51,3,0,-1,-1,1,0,0,8,1.908179632172648
22230015,4,1,5,51,17,-3,1,1,1,0,1,0,8,-1.908179632172648
22230015,4,1,6,17,51,2,1,1,1,0,0,0,8,1.908179632172648
22230015,4,1,6,51,17,-2,0,-1,-1,0,0,0,8,-1.908179632172648
22230015,4,1,7,17,51,3,0,-1,0,0,0,0,8,1.908179632172648
22230015,4,1,7,51,17,-3,1,1,0,0,0,0,8,-1.908179632172648
22230015,4,1,8,17,51,2,1,0,0,0,0,0,8,1.908179632172648
22230015,4,1,8,51,17,-2,0,0,0,0,0,0,8,-1.908179632172648
22230015,4,2,1,15,28,0,1,4,0,1,1,0,7,0.26633128448292653
22230015,4,2,1,28,15,0,0,-4,0,1,1,0,7,-0.26633128448292653
22230015,4,2,2,15,28,4,0,-1,0,1,1,0,7,0.26633128448292653
22230015,4,2,2,28,15,-4,1,1,0,1,1,0,7,-0.26633128448292653
22230015,4,2,3,15,28,3,1,-3,0,1,1,0,7,0.26633128448292653
22230015,4,2,3,28,15,-3,0,3,0,1,1,0,7,-0.26633128448292653
22230015,4,2,4,15,28,0,1,1,0,1,1,0,7,0.26633128448292653
22230015,4,2,4,28,15,0,0,-1,0,1,1,0,7,-0.26633128448292653
22230015,4,2,5,15,28,1,0,-5,0,1,1,0,7,0.26633128448292653
22230015,4,2,5,28,15,-1,1,5,0,1,1,0,7,-0.26633128448292653
22230015,4,2,6,15,28,-4,1,-2,0,1,1,0,7,0.26633128448292653
22230015,4,2,6,28,15,4,0,2,0,1,1,0,7,-0.26633128448292653
22230015,4,2,7,15,28,-6,1,1,1,0,1,1,7,0.26633128448292653
22230015,4,2,7,28,15,6,0,-1,-1,1,0,1,7,-0.26633128448292653
22230015,4,3,1,16,20,0,0,-1,0,1,1,0,8,0.11044882218649599
22230015,4,3,1,20,16,0,1,1,0,1,1,0,8,-0.11044882218649599
22230015,4,3,2,16,20,-1,1,1,0,1,1,0,8,0.11044882218649599
22230015,4,3,2,20,16,1,0,-1,0,1,1,0,8,-0.11044882218649599
22230015,4,3,3,16,20,0,0,-1,0,1,1,0,8,0.11044882218649599
22230015,4,3,3,20,16,0,1,1,0,1,1,0,8,-0.11044882218649599
22230015,4,3,4,16,20,-1,1,2,0,1,1,0,8,0.11044882218649599
22230015,4,3,4,20,16,1,0,-2,0,1,1,0,8,-0.11044882218649599
22230015,4,3,5,16,20,1,0,-2,0,1,1,0,8,0.11044882218649599
22230015,4,3,5,20,16,-1,1,2,0,1,1,0,8,-0.11044882218649599
22230015,4,3,6,16,20,-1,1,2,1,0,1,0,8,0.11044882218649599
22230015,4,3,6,20,16,1,0,-2,-1,1,0,0,8,-0.11044882218649599
22230015,4,3,7,16,20,1,0,-1,-1,0,0,0,8,0.11044882218649599
22230015,4,3,7,20,16,-1,1,1,1,0,0,0,8,-0.11044882218649599
22230015,4,3,8,16,20,0,1,2,0,0,0,0,8,0.11044882218649599
22230015,4,3,8,20,16,0,0,-2,0,0,0,0,8,-0.11044882218649599
22230015,4,4,1,19,23,0,1,3,0,1,1,0,7,2.541644276087429
22230015,4,4,1,23,19,0,0,-3,0,1,1,0,7,-2.541644276087429
22230015,4,4,2,19,23,3,0,2,0,1,1,0,7,2.541644276087429
22230015,4,4,2,23,19,-3,1,-2,0,1,1,0,7,-2.541644276087429
22230015,4,4,3,19,23,5,0,-2,0,1,1,0,7,2.541644276087429
22230015,4,4,3,23,19,-5,1,2,0,1,1,0,7,-2.541644276087429
22230015,4,4,4,19,23,3,1,-1,0,1,1,0,7,2.541644276087429
22230015,4,4,4,23,19,-3,0,1,0,1,1,0,7,-2.541644276087429
22230015,4,4,5,19,23,2,1,3,0,1,1,0,7,2.541644276087429
22230015,4,4,5,23,19,-2,0,-3,0,1,1,0,7,-2.541644276087429
22230015,4,4,6,19,23,5,0,1,-1,1,0,0,7,2.541644276087429
22230015,4,4,6,23,19,-5,1,-1,1,0,1,0,7,-2.541644276087429
22230015,4,4,7,19,23,6,0,1,0,1,0,1,7,2.541644276087429
22230015,4,4,7,23,19,-6,1,-1,0,0,1,1,7,-2.541644276087429
22230015,4,5,1,18,34,0,0,-1,0,1,1,0,9,1.6931698105593287
22230015,4,5,1,34,18,0,1,1,0,1,1,0,9,-1.6931698105593287
22230015,4,5,2,18,34,-1,1,1,0,1,1,0,9,1.6931698105593287
22230015,4,5,2,34,18,1,0,-1,0,1,1,0,9,-1.6931698105593287
22230015,4,5,3,18,34,0,0,1,0,1,1,0,9,1.6931698105593287
22230015,4,5,3,34,18,0,1,-1,0,1,1,0,9,-1.6931698105593287
22230015,4,5,4,18,34,1,0,1,0,1,1,0,9,1.6931698105593287
22230015,4,5,4,34,18,-1,1,-1,0,1,1,0,9,-1.6931698105593287
22230015,4,5,5,18,34,2,0,-2,0,1,1,0,9,1.6931698105593287
22230015,4,5,5,34,18,-2,1,2,0,1,1,0,9,-1.6931698105593287
22230015,4,5,6,18,34,0,1,-1,0,1,1,0,9,1.6931698105593287
22230015,4,5,6,34,18,0,0,1,0,1,1,0,9,-1.6931698105593287
22230015,4,5,7,18,34,-1,1,4,1,0,1,0,9,1.6931698105593287
22230015,4,5,7,34,18,1,0,-4,-1,1,0,0,9,-1.6931698105593287
22230015,4,5,8,18,34,3,0,-3,-1,0,0,0,9,1.6931698105593287
22230015,4,5,8,34,18,-3,1,3,1,0,0,0,9,-1.6931698105593287
22230015,4,5,9,18,34,0,1,1,0,0,0,0,9,1.6931698105593287
22230015,4,5,9,34,18,0,0,-1,0,0,0,0,9,-1.6931698105593287
22230015,5,1,1,14,25,0,0,2,0,1,1,0,8,1.5067709796626891
22230015,5,1,1,25,14,0,1,-2,0,1,1,0,8,-1.5067709796626891
22230015,5,1,2,14,25,2,0,-1,0,1,1,0,8,1.5067709796626891
22230015,5,1,2,25,14,-2,1,1,0,1,1,0,8,-1.5067709796626891
22230015,5,1,3,14,25,1,1,2,0,1,1,0,8,1.5067709796626891
22230015,5,1,3,25,14,-1,0,-2,0,1,1,0,8,-1.5067709796626891
22230015,5,1,4,14,25,3,0,-2,0,1,1,0,8,1.5067709796626891
22230015,5,1,4,25,14,-3,1,2,0,1,1,0,8,-1.5067709796626891
22230015,5,1,5,14,25,1,1,1,0,1,1,0,8,1.5067709796626891
22230015,5,1,5,25,14,-1,0,-1,0,1,1,0,8,-1.5067709796626891
22230015,5,1,6,14,25,2,0,-1,-1,1,0,0,8,1.5067709796626891
22230015,5,1,6,25,14,-2,1,1,1,0,1,0,8,-1.5067709796626891
22230015,5,1,7,14,25,1,1,2,1,0,0,0,8,1.5067709796626891
22230015,5,1,7,25,14,-1,0,-2,-1,0,0,0,8,-1.5067709796626891
22230015,5,1,8,14,25,3,0,0,0,0,0,0,8,1.5067709796626891
22230015,5,1,8,25,14,-3,1,0,0,0,0,0,8,-1.5067709796626891
22230015,5,2,1,11,44,0,1,4,0,1,1,0,8,-0.17594608740563739
22230015,5,2,1,44,11,0,0,-4,0,1,1,0,8,0.17594608740563739
22230015,5,2,2,11,44,4,0,-1,0,1,1,0,8,-0.17594608740563739
22230015,5,2,2,44,11,-4,1,1,0,1,1,0,8,0.17594608740563739
22230015,5,2,3,11,44,3,1,-1,0,1,1,0,8,-0.17594608740563739
22230015,5,2,3,44,11,-3,0,1,0,1,1,0,8,0.17594608740563739
22230015,5,2,4,11,44,2,1,2,0,1,1,0,8,-0.17594608740563739
22230015,5,2,4,44,11,-2,0,-2,0,1,1,0,8,0.17594608740563739
22230015,5,2,5,11,44,4,0,-2,0,1,1,0,8,-0.17594608740563739
22230015,5,2,5,44,11,-4,1,2,0,1,1,0,8,0.17594608740563739
22230015,5,2,6,11,44,2,1,2,0,1,1,0,8,-0.17594608740563739
22230015,5,2,6,44,11,-2,0,-2,0,1,1,0,8,0.17594608740563739
22230015,5,2,7,11,44,4,0,-2,-1,1,0,0,8,-0.17594608740563739
22230015,5,2,7,44,11,-4,1,2,1,0,1,0,8,0.17594608740563739
22230015,5,2,8,11,44,2,1,1,1,0,0,0,8,-0.17594608740563739
22230015,5,2,8,44,11,-2,0,-1,-1,0,0,0,8,0.17594608740563739
22230015,5,3,1,24,36,0,0,-2,0,1,1,0,8,2.5034217452849044
22230015,5,3,1,36,24,0,1,2,0,1,1,0,8,-2.5034217452849044
22230015,5,3,2,24,36,-2,1,3,0,1,1,0,8,2.5034217452849044
22230015,5,3,2,36,24,2,0,-3,0,1,1,0,8,-2.5034217452849044
22230015,5,3,3,24,36,1,0,1,0,1,1,0,8,2.5034217452849044
22230015,5,3,3,36,24,-1,1,-1,0,1,1,0,8,-2.5034217452849044
22230015,5,3,4,24,36,2,0,-1,0,1,1,0,8,2.5034217452849044
22230015,5,3,4,36,24,-2,1,1,0,1,1,0,8,-2.5034217452849044
22230015,5,3,5,24,36,1,1,2,0,1,1,0,8,2.5034217452849044
22230015,5,3,5,36,24,-1,0,-2,0,1,1,0,8,-2.5034217452849044
22230015,5,3,6,24,36,3,0,-1,-1,1,0,0,8,2.5034217452849044
22230015,5,3,6,36,24,-3,1,1,1,0,1,0,8,-2.5034217452849044
22230015,5,3,7,24,36,2,1,2,1,0,0,0,8,2.5034217452849044
22230015,5,3,7,36,24,-2,0,-2,-1,0,0,0,8,-2.5034217452849044
22230015,5,3,8,24,36,4,0,0,0,0,0,0,8,2.5034217452849044
22230015,5,3,8,36,24,-4,1,0,0,0,0,0,8,-2.5034217452849044
22230015,5,4,1,10,37,0,1,2,0,1,1,0,8,0.1798017061770243
22230015,5,4,1,37,10,0,0,-2,0,1,1,0,8,-0.1798017061770243
22230015,5,4,2,10,37,2,0,-1,0,1,1,0,8,0.1798017061770243
22230015,5,4,2,37,10,-2,1,1,0,1,1,0,8,-0.1798017061770243
22230015,5,4,3,10,37,1,1,1,0,1,1,0,8,0.1798017061770243
22230015,5,4,3,37,10,-1,0,-1,0,1,1,0,8,-0.1798017061770243
22230015,5,4,4,10,37,2,0,-1,0,1,1,0,8,0.1798017061770243
22230015,5,4,4,37,10,-2,1,1,0,1,1,0,8,-0.1798017061770243
22230015,5,4,5,10,37,1,1,-1,0,1,1,0,8,0.1798017061770243
22230015,5,4,5,37,10,-1,0,1,0,1,1,0,8,-0.1798017061770243
22230015,5,4,6,10,37,0,1,1,0,1,1,0,8,0.1798017061770243
22230015,5,4,6,37,10,0,0,-1,0,1,1,0,8,-0.1798017061770243
22230015,5,4,7,10,37,1,0,-2,-1,1,0,0,8,0.1798017061770243
22230015,5,4,7,37,10,-1,1,2,1,0,1,0,8,-0.1798017061770243
22230015,5,4,8,10,37,-1,1,-2,1,0,0,0,8,0.1798017061770243
22230015,5,4,8,37,10,1,0,2,-1,0,0,0,8,-0.1798017061770243
22230015,5,5,1,22,46,0,1,1,0,1,1,0,7,-0.4550783775596928
22230015,5,5,1,46,22,0,0,-1,0,1,1,0,7,0.4550783775596928
22230015,5,5,2,22,46,1,0,1,0,1,1,0,7,-0.4550783775596928
22230015,5,5,2,46,22,-1,1,-1,0,1,1,0,7,0.4550783775596928
22230015,5,5,3,22,46,2,0,1,0,1,1,0,7,-0.4550783775596928
22230015,5,5,3,46,22,-2,1,-1,0,1,1,0,7,0.4550783775596928
22230015,5,5,4,22,46,3,0,3,0,1,1,0,7,-0.4550783775596928
22230015,5,5,4,46,22,-3,1,-3,0,1,1,0,7,0.4550783775596928
22230015,5,5,5,22,46,6,0,-3,-1,1,0,0,7,-0.4550783775596928
22230015,5,5,5,46,22,-6,1,3,1,0,1,0,7,0.4550783775596928
22230015,5,5,6,22,46,3,1,1,1,0,0,0,7,-0.4550783775596928
22230015,5,5,6,46,22,-3,0,-1,-1,0,0,0,7,0.4550783775596928
22230015,5,5,7,22,46,4,0,2,0,0,0,1,7,-0.4550783775596928
22230015,5,5,7,46,22,-4,1,-2,0,0,0,1,7,0.4550783775596928
22230015,6,1,1,23,34,0,0,-2,0,1,1,0,7,-0.4760180027100469
22230015,6,1,1,34,23,0,1,2,0,1,1,0,7,0.4760180027100469
22230015,6,1,2,23,34,-2,1,1,0,1,1,0,7,-0.4760180027100469
22230015,6,1,2,34,23,2,0,-1,0,1,1,0,7,0.4760180027100469
22230015,6,1,3,23,34,-1,0,-2,0,1,1,0,7,-0.4760180027100469
22230015,6,1,3,34,23,1,1,2,0,1,1,0,7,0.4760180027100469
22230015,6,1,4,23,34,-3,1,-3,1,0,1,0,7,-0.4760180027100469
22230015,6,1,4,34,23,3,0,3,-1,1,0,0,7,0.4760180027100469
22230015,6,1,5,23,34,-6,1,1,0,0,1,0,7,-0.4760180027100469
22230015,6,1,5,34,23,6,0,-1,0,1,0,0,7,0.4760180027100469
22230015,6,1,6,23,34,-5,0,-2,0,0,1,0,7,-0.4760180027100469
22230015,6,1,6,34,23,5,1,2,0,1,0,0,7,0.4760180027100469
22230015,6,1,7,23,34,-7,1,1,0,0,1,1,7,-0.4760180027100469
22230015,6,1,7,34,23,7,0,-1,0,1,0,1,7,0.4760180027100469
22230015,6,2,1,16,19,0,0,-1,0,1,1,0,9,-0.031041295039910377
22230015,6,2,1,19,16,0,1,1,0,1,1,0,9,0.031041295039910377
22230015,6,2,2,16,19,-1,1,4,0,1,1,0,9,-0.031041295039910377
22230015,6,2,2,19,16,1,0,-4,0,1,1,0,9,0.031041295039910377
22230015,6,2,3,16,19,3,0,-2,0,1,1,0,9,-0.031041295039910377
22230015,6,2,3,19,16,-3,1,2,0,1,1,0,9,0.031041295039910377
22230015,6,2,4,16,19,1,1,-1,0,1,1,0,9,-0.031041295039910377
22230015,6,2,4,19,16,-1,0,1,0,1,1,0,9,0.031041295039910377
22230015,6,2,5,16,19,0,1,2,0,1,1,0,9,-0.031041295039910377
22230015,6,2,5,19,16,0,0,-2,0,1,1,0,9,0.031041295039910377
22230015,6,2,6,16,19,2,0,-1,-1,1,0,0,9,-0.031041295039910377
22230015,6,2,6,19,16,-2,1,1,1,0,1,0,9,0.031041295039910377
22230015,6,2,7,16,19,1,1,1,1,0,0,0,9,-0.031041295039910377
22230015,6,2,7,19,16,-1,0,-1,-1,0,0,0,9,0.031041295039910377
22230015,6,2,8,16,19,2,0,-2,0,0,0,0,9,-0.031041295039910377
22230015,6,2,8,19,16,-2,1,2,0,0,0,0,9,0.031041295039910377
22230015,6,2,9,16,19,0,1,1,0,0,0,0,9,-0.031041295039910377
22230015,6,2,9,19,16,0,0,-1,0,0,0,0,9,0.031041295039910377
22230015,6,3,1,15,51,0,0,-3,0,1,1,0,7,0.06687801421810535
22230015,6,3,1,51,15,0,1,3,0,1,1,0,7,-0.06687801421810535
22230015,6,3,2,15,51,-3,1,1,0,1,1,0,7,0.06687801421810535
22230015,6,3,2,51,15,3,0,-1,0,1,1,0,7,-0.06687801421810535
22230015,6,3,3,15,51,-2,0,-2,0,1,1,0,7,0.06687801421810535
22230015,6,3,3,51,15,2,1,2,0,1,1,0,7,-0.06687801421810535
22230015,6,3,4,15,51,-4,1,2,1,0,1,0,7,0.06687801421810535
22230015,6,3,4,51,15,4,0,-2,-1,1,0,0,7,-0.06687801421810535
22230015,6,3,5,15,51,-2,0,-3,0,0,1,0,7,0.06687801421810535
22230015,6,3,5,51,15,2,1,3,0,1,0,0,7,-0.06687801421810535
22230015,6,3,6,15,51,-5,1,3,0,0,1,0,7,0.06687801421810535
22230015,6,3,6,51,15,5,0,-3,0,1,0,0,7,-0.06687801421810535
22230015,6,3,7,15,51,-2,0,-4,-1,0,0,1,7,0.06687801421810535
22230015,6,3,7,51,15,2,1,4,1,0,0,1,7,-0.06687801421810535
22230015,6,4,1,18,20,0,0,-1,0,1,1,0,7,-0.23096634559164725
22230015,6,4,1,20,18,0,1,1,0,1,1,0,7,0.23096634559164725
22230015,6,4,2,18,20,-1,1,-1,0,1,1,0,7,-0.23096634559164725
22230015,6,4,2,20,18,1,0,1,0,1,1,0,7,0.23096634559164725
22230015,6,4,3,18,20,-2,1,-1,0,1,1,0,7,-0.23096634559164725
22230015,6,4,3,20,18,2,0,1,0,1,1,0,7,0.23096634559164725
22230015,6,4,4,18,20,-3,1,-1,0,1,1,0,7,-0.23096634559164725
22230015,6,4,4,20,18,3,0,1,0,1,1,0,7,0.23096634559164725
22230015,6,4,5,18,20,-4,1,2,1,0,1,0,7,-0.23096634559164725
22230015,6,4,5,20,18,4,0,-2,-1,1,0,0,7,0.23096634559164725
22230015,6,4,6,18,20,-2,0,-1,0,0,1,0,7,-0.23096634559164725
22230015,6,4,6,20,18,2,1,1,0,1,0,0,7,0.23096634559164725
22230015,6,4,7,18,20,-3,1,-3,0,0,1,1,7,-0.23096634559164725
22230015,6,4,7,20,18,3,0,3,0,1,0,1,7,0.23096634559164725
22230015,6,5,1,17,28,0,1,1,0,1,1,0,8,2.1076329024374694
22230015,6,5,1,28,17,0,0,-1,0,1,1,0,8,-2.1076329024374694
22230015,6,5,2,17,28,1,0,1,0,1,1,0,8,2.1076329024374694
22230015,6,5,2,28,17,-1,1,-1,0,1,1,0,8,-2.1076329024374694
22230015,6,5,3,17,28,2,0,1,0,1,1,0,8,2.1076329024374694
22230015,6,5,3,28,17,-2,1,-1,0,1,1,0,8,-2.1076329024374694
22230015,6,5,4,17,28,3,0,2,0,1,1,0,8,2.1076329024374694
22230015,6,5,4,28,17,-3,1,-2,0,1,1,0,8,-2.1076329024374694
22230015,6,5,5,17,28,5,0,-1,-1,1,0,0,8,2.1076329024374694
22230015,6,5,5,28,17,-5,1,1,1,0,1,0,8,-2.1076329024374694
22230015,6,5,6,17,28,4,1,-1,0,1,0,0,8,2.1076329024374694
22230015,6,5,6,28,17,-4,0,1,0,0,1,0,8,-2.1076329024374694
22230015,6,5,7,17,28,3,1,1,1,0,0,0,8,2.1076329024374694
22230015,6,5,7,28,17,-3,0,-1,-1,0,0,0,8,-2.1076329024374694
22230015,6,5,8,17,28,4,0,0,0,0,0,0,8,2.1076329024374694
22230015,6,5,8,28,17,-4,1,0,0,0,0,0,8,-2.1076329024374694
22230015,7,1,1,22,37,0,0,-5,0,1,1,0,6,-0.9837902062776199
22230015,7,1,1,37,22,0,1,5,0,1,1,0,6,0.9837902062776199
22230015,7,1,2,22,37,-5,1,-1,0,1,1,0,6,-0.9837902062776199
22230015,7,1,2,37,22,5,0,1,0,1,1,0,6,0.9837902062776199
22230015,7,1,3,22,37,-6,1,3,1,0,1,0,6,-0.9837902062776199
22230015,7,1,3,37,22,6,0,-3,-1,1,0,0,6,0.9837902062776199
22230015,7,1,4,22,37,-3,0,-3,0,0,1,0,6,-0.9837902062776199
22230015,7,1,4,37,22,3,1,3,0,1,0,0,6,0.9837902062776199
22230015,7,1,5,22,37,-6,1,3,0,0,1,0,6,-0.9837902062776199
22230015,7,1,5,37,22,6,0,-3,0,1,0,0,6,0.9837902062776199
22230015,7,1,6,22,37,-3,0,-3,-1,0,0,1,6,-0.9837902062776199
22230015,7,1,6,37,22,3,1,3,1,0,0,1,6,0.9837902062776199
22230015,7,2,1,10,24,0,1,-1,0,1,1,0,8,-0.4841266141620406
22230015,7,2,1,24,10,0,0,1,0,1,1,0,8,0.4841266141620406
22230015,7,2,2,10,24,-1,1,-1,0,1,1,0,8,-0.4841266141620406
22230015,7,2,2,24,10,1,0,1,0,1,1,0,8,0.4841266141620406
22230015,7,2,3,10,24,-2,1,2,0,1,1,0,8,-0.4841266141620406
22230015,7,2,3,24,10,2,0,-2,0,1,1,0,8,0.4841266141620406
22230015,7,2,4,10,24,0,0,-1,0,1,1,0,8,-0.4841266141620406
22230015,7,2,4,24,10,0,1,1,0,1,1,0,8,0.4841266141620406
22230015,7,2,5,10,24,-1,1,2,0,1,1,0,8,-0.4841266141620406
22230015,7,2,5,24,10,1,0,-2,0,1,1,0,8,0.4841266141620406
22230015,7,2,6,10,24,1,0,-1,0,1,1,0,8,-0.4841266141620406
22230015,7,2,6,24,10,-1,1,1,0,1,1,0,8,0.4841266141620406
22230015,7,2,7,10,24,0,1,2,1,0,1,0,8,-0.4841266141620406
22230015,7,2,7,24,10,0,0,-2,-1,1,0,0,8,0.4841266141620406
22230015,7,2,8,10,24,2,0,2,-1,0,0,0,8,-0.4841266141620406
22230015,7,2,8,24,10,-2,1,-2,1,0,0,0,8,0.4841266141620406
22230015,7,3,1,11,46,0,1,2,0,1,1,0,9,-0.5955696378815925
22230015,7,3,1,46,11,0,0,-2,0,1,1,0,9,0.5955696378815925
22230015,7,3,2,11,46,2,0,-2,0,1,1,0,9,-0.5955696378815925
22230015,7,3,2,46,11,-2,1,2,0,1,1,0,9,0.5955696378815925
22230015,7,3,3,11,46,0,1,1,0,1,1,0,9,-0.5955696378815925
22230015,7,3,3,46,11,0,0,-1,0,1,1,0,9,0.5955696378815925
22230015,7,3,4,11,46,1,0,-2,0,1,1,0,9,-0.5955696378815925
22230015,7,3,4,46,11,-1,1,2,0,1,1,0,9,0.5955696378815925
22230015,7,3,5,11,46,-1,1,3,0,1,1,0,9,-0.5955696378815925
22230015,7,3,5,46,11,1,0,-3,0,1,1,0,9,0.5955696378815925
22230015,7,3,6,11,46,2,0,-2,-1,1,0,0,9,-0.5955696378815925
22230015,7,3,6,46,11,-2,1,2,1,0,1,0,9,0.5955696378815925
22230015,7,3,7,11,46,0,1,-1,1,0,0,0,9,-0.5955696378815925
22230015,7,3,7,46,11,0,0,1,-1,0,0,0,9,0.5955696378815925
22230015,7,3,8,11,46,-1,1,1,0,0,0,0,9,-0.5955696378815925
22230015,7,3,8,46,11,1,0,-1,0,0,0,0,9,0.5955696378815925
22230015,7,3,9,11,46,0,0,-2,0,0,0,0,9,-0.5955696378815925
22230015,7,3,9,46,11,0,1,2,0,0,0,0,9,0.5955696378815925
22230015,7,4,1,14,44,0,1,4,0,1,1,0,7,1.059237285909441
22230015,7,4,1,44,14,0,0,-4,0,1,1,0,7,-1.059237285909441
22230015,7,4,2,14,44,4,0,-3,0,1,1,0,7,1.059237285909441
22230015,7,4,2,44,14,-4,1,3,0,1,1,0,7,-1.059237285909441
22230015,7,4,3,14,44,1,1,3,0,1,1,0,7,1.059237285909441
22230015,7,4,3,44,14,-1,0,-3,0,1,1,0,7,-1.059237285909441
22230015,7,4,4,14,44,4,0,1,0,1,1,0,7,1.059237285909441
22230015,7,4,4,44,14,-4,1,-1,0,1,1,0,7,-1.059237285909441
22230015,7,4,5,14,44,5,0,-3,-1,1,0,0,7,1.059237285909441
22230015,7,4,5,44,14,-5,1,3,1,0,1,0,7,-1.059237285909441
22230015,7,4,6,14,44,2,1,3,0,1,0,0,7,1.059237285909441
22230015,7,4,6,44,14,-2,0,-3,0,0,1,0,7,-1.059237285909441
22230015,7,4,7,14,44,5,0,0,0,1,0,1,7,1.059237285909441
22230015,7,4,7,44,14,-5,1,0,0,0,1,1,7,-1.059237285909441
22230015,7,5,1,25,36,0,1,3,0,1,1,0,8,0.443624351998709
22230015,7,5,1,36,25,0,0,-3,0,1,1,0,8,-0.443624351998709
22230015,7,5,2,25,36,3,0,2,0,1,1,0,8,0.443624351998709
22230015,7,5,2,36,25,-3,1,-2,0,1,1,0,8,-0.443624351998709
22230015,7,5,3,25,36,5,0,1,0,1,1,0,8,0.443624351998709
22230015,7,5,3,36,25,-5,1,-1,0,1,1,0,8,-0.443624351998709
22230015,7,5,4,25,36,6,0,-3,-1,1,0,0,8,0.443624351998709
22230015,7,5,4,36,25,-6,1,3,1,0,1,0,8,-0.443624351998709
22230015,7,5,5,25,36,3,1,-1,0,1,0,0,8,0.443624351998709
22230015,7,5,5,36,25,-3,0,1,0,0,1,0,8,-0.443624351998709
22230015,7,5,6,25,36,2,1,-1,1,0,0,0,8,0.443624351998709
22230015,7,5,6,36,25,-2,0,1,-1,0,0,0,8,-0.443624351998709
22230015,7,5,7,25,36,1,1,-1,0,0,0,0,8,0.443624351998709
22230015,7,5,7,36,25,-1,0,1,0,0,0,0,8,-0.443624351998709
22230015,7,5,8,25,36,0,1,2,0,0,0,0,8,0.443624351998709
22230015,7,5,8,36,25,0,0,-2,0,0,0,0,8,-0.443624351998709
22230015,8,1,1,20,28,0,1,4,0,1,1,0,6,1.752133981224783
22230015,8,1,1,28,20,0,0,-4,0,1,1,0,6,-1.752133981224783
22230015,8,1,2,20,28,4,0,-1,0,1,1,0,6,1.752133981224783
22230015,8,1,2,28,20,-4,1,1,0,1,1,0,6,-1.752133981224783
22230015,8,1,3,20,28,3,1,1,0,1,1,0,6,1.752133981224783
22230015,8,1,3,28,20,-3,0,-1,0,1,1,0,6,-1.752133981224783
22230015,8,1,4,20,28,4,0,2,0,1,1,0,6,1.752133981224783
22230015,8,1,4,28,20,-4,1,-2,0,1,1,0,6,-1.752133981224783
22230015,8,1,5,20,28,6,0,-1,-1,1,0,0,6,1.752133981224783
22230015,8,1,5,28,20,-6,1,1,1,0,1,0,6,-1.752133981224783
22230015,8,1,6,20,28,5,1,3,0,1,0,1,6,1.752133981224783
22230015,8,1,6,28,20,-5,0,-3,0,0,1,1,6,-1.752133981224783
22230015,8,2,1,18,51,0,1,2,0,1,1,0,8,1.3217143653683145
22230015,8,2,1,51,18,0,0,-2,0,1,1,0,8,-1.3217143653683145
22230015,8,2,2,18,51,2,0,-1,0,1,1,0,8,1.3217143653683145
22230015,8,2,2,51,18,-2,1,1,0,1,1,0,8,-1.3217143653683145
22230015,8,2,3,18,51,1,1,1,0,1,1,0,8,1.3217143653683145
22230015,8,2,3,51,18,-1,0,-1,0,1,1,0,8,-1.3217143653683145
22230015,8,2,4,18,51,2,0,-1,0,1,1,0,8,1.3217143653683145
22230015,8,2,4,51,18,-2,1,1,0,1,1,0,8,-1.3217143653683145
22230015,8,2,5,18,51,1,1,-1,0,1,1,0,8,1.3217143653683145
22230015,8,2,5,51,18,-1,0,1,0,1,1,0,8,-1.3217143653683145
22230015,8,2,6,18,51,0,1,1,0,1,1,0,8,1.3217143653683145
22230015,8,2,6,51,18,0,0,-1,0,1,1,0,8,-1.3217143653683145
22230015,8,2,7,18,51,1,0,-1,-1,1,0,0,8,1.3217143653683145
22230015,8,2,7,51,18,-1,1,1,1,0,1,0,8,-1.3217143653683145
22230015,8,2,8,18,51,0,1,1,1,0,0,0,8,1.3217143653683145
22230015,8,2,8,51,18,0,0,-1,-1,0,0,0,8,-1.3217143653683145
22230015,8,3,1,17,19,0,0,-1,0,1,1,0,8,0.21400880398627986
22230015,8,3,1,19,17,0,1,1,0,1,1,0,8,-0.21400880398627986
22230015,8,3,2,17,19,-1,1,3,0,1,1,0,8,0.21400880398627986
22230015,8,3,2,19,17,1,0,-3,0,1,1,0,8,-0.21400880398627986
22230015,8,3,3,17,19,2,0,-1,0,1,1,0,8,0.21400880398627986
22230015,8,3,3,19,17,-2,1,1,0,1,1,0,8,-0.21400880398627986
22230015,8,3,4,17,19,1,1,-2,0,1,1,0,8,0.21400880398627986
22230015,8,3,4,19,17,-1,0,2,0,1,1,0,8,-0.21400880398627986
22230015,8,3,5,17,19,-1,1,-1,0,1,1,0,8,0.21400880398627986
22230015,8,3,5,19,17,1,0,1,0,1,1,0,8,-0.21400880398627986
22230015,8,3,6,17,19,-2,1,3,1,0,1,0,8,0.21400880398627986
22230015,8,3,6,19,17,2,0,-3,-1,1,0,0,8,-0.21400880398627986
22230015,8,3,7,17,19,1,0,1,-1,0,0,0,8,0.21400880398627986
22230015,8,3,7,19,17,-1,1,-1,1,0,0,0,8,-0.21400880398627986
22230015,8,3,8,17,19,2,0,2,0,0,0,0,8,0.21400880398627986
22230015,8,3,8,19,17,-2,1,-2,0,0,0,0,8,-0.21400880398627986
22230015,8,4,1,16,23,0,1,-1,0,1,1,0,7,2.510602981047519
22230015,8,4,1,23,16,0,0,1,0,1,1,0,7,-2.510602981047519
22230015,8,4,2,16,23,-1,1,4,0,1,1,0,7,2.510602981047519
22230015,8,4,2,23,16,1,0,-4,0,1,1,0,7,-2.510602981047519
22230015,8,4,3,16,23,3,0,-1,0,1,1,0,7,2.510602981047519
22230015,8,4,3,23,16,-3,1,1,0,1,1,0,7,-2.510602981047519
22230015,8,4,4,16,23,2,1,-4,0,1,1,0,7,2.510602981047519
22230015,8,4,4,23,16,-2,0,4,0,1,1,0,7,-2.510602981047519
22230015,8,4,5,16,23,-2,1,4,1,0,1,0,7,2.510602981047519
22230015,8,4,5,23,16,2,0,-4,-1,1,0,0,7,-2.510602981047519
22230015,8,4,6,16,23,2,0,-1,-1,0,0,0,7,2.510602981047519
22230015,8,4,6,23,16,-2,1,1,1,0,0,0,7,-2.510602981047519
22230015,8,4,7,16,23,1,1,4,0,0,0,1,7,2.510602981047519
22230015,8,4,7,23,16,-1,0,-4,0,0,0,1,7,-2.510602981047519
22230015,8,5,1,15,34,0,1,-1,0,1,1,0,8,0.4383334594091196
22230015,8,5,1,34,15,0,0,1,0,1,1,0,8,-0.4383334594091196
22230015,8,5,2,15,34,-1,1,1,0,1,1,0,8,0.4383334594091196
22230015,8,5,2,34,15,1,0,-1,0,1,1,0,8,-0.4383334594091196
22230015,8,5,3,15,34,0,0,1,0,1,1,0,8,0.4383334594091196
22230015,8,5,3,34,15,0,1,-1,0,1,1,0,8,-0.4383334594091196
22230015,8,5,4,15,34,1,0,-4,0,1,1,0,8,0.4383334594091196
22230015,8,5,4,34,15,-1,1,4,0,1,1,0,8,-0.4383334594091196
22230015,8,5,5,15,34,-3,1,1,0,1,1,0,8,0.4383334594091196
22230015,8,5,5,34,15,3,0,-1,0,1,1,0,8,-0.4383334594091196
22230015,8,5,6,15,34,-2,0,-1,-1,1,0,0,8,0.4383334594091196
22230015,8,5,6,34,15,2,1,1,1,0,1,0,8,-0.4383334594091196
22230015,8,5,7,15,34,-3,1,-1,1,0,0,0,8,0.4383334594091196
22230015,8,5,7,34,15,3,0,1,-1,0,0,0,8,-0.4383334594091196
22230015,8,5,8,15,34,-4,1,3,0,0,0,0,8,0.4383334594091196
22230015,8,5,8,34,15,4,0,-3,0,0,0,0,8,-0.4383334594091196
22230015,9,1,1,10,46,0,1,1,0,1,1,0,7,0.7085135348949514
22230015,9,1,1,46,10,0,0,-1,0,1,1,0,7,-0.7085135348949514
22230015,9,1,2,10,46,1,0,2,0,1,1,0,7,0.7085135348949514
22230015,9,1,2,46,10,-1,1,-2,0,1,1,0,7,-0.7085135348949514
22230015,9,1,3,10,46,3,0,-2,0,1,1,0,7,0.7085135348949514
22230015,9,1,3,46,10,-3,1,2,0,1,1,0,7,-0.7085135348949514
22230015,9,1,4,10,46,1,1,2,0,1,1,0,7,0.7085135348949514
22230015,9,1,4,46,10,-1,0,-2,0,1,1,0,7,-0.7085135348949514
22230015,9,1,5,10,46,3,0,1,-1,1,0,0,7,0.7085135348949514
22230015,9,1,5,46,10,-3,1,-1,1,0,1,0,7,-0.7085135348949514
22230015,9,1,6,10,46,4,0,-4,0,1,0,0,7,0.7085135348949514
22230015,9,1,6,46,10,-4,1,4,0,0,1,0,7,-0.7085135348949514
22230015,9,1,7,10,46,0,1,5,1,0,0,1,7,0.7085135348949514
22230015,9,1,7,46,10,0,0,-5,-1,0,0,1,7,-0.7085135348949514
22230015,9,2,1,36,37,0,0,-1,0,1,1,0,6,-1.8394934249458395
22230015,9,2,1,37,36,0,1,1,0,1,1,0,6,1.8394934249458395
22230015,9,2,2,36,37,-1,1,-2,0,1,1,0,6,-1.8394934249458395
22230015,9,2,2,37,36,1,0,2,0,1,1,0,6,1.8394934249458395
22230015,9,2,3,36,37,-3,1,-1,0,1,1,0,6,-1.8394934249458395
22230015,9,2,3,37,36,3,0,1,0,1,1,0,6,1.8394934249458395
22230015,9,2,4,36,37,-4,1,-2,0,1,1,0,6,-1.8394934249458395
22230015,9,2,4,37,36,4,0,2,0,1,1,0,6,1.8394934249458395
22230015,9,2,5,36,37,-6,1,2,1,0,1,0,6,-1.8394934249458395
22230015,9,2,5,37,36,6,0,-2,-1,1,0,0,6,1.8394934249458395
22230015,9,2,6,36,37,-4,0,-3,-1,0,0,1,6,-1.8394934249458395
22230015,9,2,6,37,36,4,1,3,1,0,0,1,6,1.8394934249458395
22230015,9,3,1,22,44,0,1,4,0,1,1,0,7,-0.035454827083737775
22230015,9,3,1,44,22,0,0,-4,0,1,1,0,7,0.035454827083737775
22230015,9,3,2,22,44,4,0,-4,0,1,1,0,7,-0.035454827083737775
22230015,9,3,2,44,22,-4,1,4,0,1,1,0,7,0.035454827083737775
22230015,9,3,3,22,44,0,1,1,0,1,1,0,7,-0.035454827083737775
22230015,9,3,3,44,22,0,0,-1,0,1,1,0,7,0.035454827083737775
22230015,9,3,4,22,44,1,0,-4,0,1,1,0,7,-0.035454827083737775
22230015,9,3,4,44,22,-1,1,4,0,1,1,0,7,0.035454827083737775
22230015,9,3,5,22,44,-3,1,-1,1,0,1,0,7,-0.035454827083737775
22230015,9,3,5,44,22,3,0,1,-1,1,0,0,7,0.035454827083737775
22230015,9,3,6,22,44,-4,1,2,0,0,1,0,7,-0.035454827083737775
22230015,9,3,6,44,22,4,0,-2,0,1,0,0,7,0.035454827083737775
22230015,9,3,7,22,44,-2,0,-3,-1,0,0,1,7,-0.035454827083737775
22230015,9,3,7,44,22,2,1,3,1,0,0,1,7,0.035454827083737775
22230015,9,4,1,11,25,0,1,-2,0,1,1,0,9,0.2715876063476109
22230015,9,4,1,25,11,0,0,2,0,1,1,0,9,-0.2715876063476109
22230015,9,4,2,11,25,-2,1,2,0,1,1,0,9,0.2715876063476109
22230015,9,4,2,25,11,2,0,-2,0,1,1,0,9,-0.2715876063476109
22230015,9,4,3,11,25,0,0,-3,0,1,1,0,9,0.2715876063476109
22230015,9,4,3,25,11,0,1,3,0,1,1,0,9,-0.2715876063476109
22230015,9,4,4,11,25,-3,1,3,0,1,1,0,9,0.2715876063476109
22230015,9,4,4,25,11,3,0,-3,0,1,1,0,9,-0.2715876063476109
22230015,9,4,5,11,25,0,0,-1,0,1,1,0,9,0.2715876063476109
22230015,9,4,5,25,11,0,1,1,0,1,1,0,9,-0.2715876063476109
22230015,9,4,6,11,25,-1,1,-1,1,0,1,0,9,0.2715876063476109
22230015,9,4,6,25,11,1,0,1,-1,1,0,0,9,-0.2715876063476109
22230015,9,4,7,11,25,-2,1,1,0,0,1,0,9,0.2715876063476109
22230015,9,4,7,25,11,2,0,-1,0,1,0,0,9,-0.2715876063476109
22230015,9,4,8,11,25,-1,0,1,-1,0,0,0,9,0.2715876063476109
22230015,9,4,8,25,11,1,1,-1,1,0,0,0,9,-0.2715876063476109
22230015,9,4,9,11,25,0,0,-1,0,0,0,0,9,0.2715876063476109
22230015,9,4,9,25,11,0,1,1,0,0,0,0,9,-0.2715876063476109
22230015,9,5,1,14,24,0,1,3,0,1,1,0,8,-0.5530264136235061
22230015,9,5,1,24,14,0,0,-3,0,1,1,0,8,0.5530264136235061
22230015,9,5,2,14,24,3,0,-1,0,1,1,0,8,-0.5530264136235061
22230015,9,5,2,24,14,-3,1,1,0,1,1,0,8,0.5530264136235061
22230015,9,5,3,14,24,2,1,2,0,1,1,0,8,-0.5530264136235061
22230015,9,5,3,24,14,-2,0,-2,0,1,1,0,8,0.5530264136235061
22230015,9,5,4,14,24,4,0,-1,0,1,1,0,8,-0.5530264136235061
22230015,9,5,4,24,14,-4,1,1,0,1,1,0,8,0.5530264136235061
22230015,9,5,5,14,24,3,1,2,0,1,1,0,8,-0.5530264136235061
22230015,9,5,5,24,14,-3,0,-2,0,1,1,0,8,0.5530264136235061
22230015,9,5,6,14,24,5,0,-2,-1,1,0,0,8,-0.5530264136235061
22230015,9,5,6,24,14,-5,1,2,1,0,1,0,8,0.5530264136235061
22230015,9,5,7,14,24,3,1,1,1,0,0,0,8,-0.5530264136235061
22230015,9,5,7,24,14,-3,0,-1,-1,0,0,0,8,0.5530264136235061
22230015,9,5,8,14,24,4,0,-2,0,0,0,0,8,-0.5530264136235061
22230015,9,5,8,24,14,-4,1,2,0,0,0,0,8,0.5530264136235061
22230015,10,1,1,17,18,0,1,1,0,1,1,0,8,0.5864652668043335
22230015,10,1,1,18,17,0,0,-1,0,1,1,0,8,-0.5864652668043335
22230015,10,1,2,17,18,1,0,-1,0,1,1,0,8,0.5864652668043335
22230015,10,1,2,18,17,-1,1,1,0,1,1,0,8,-0.5864652668043335
22230015,10,1,3,17,18,0,1,1,0,1,1,0,8,0.5864652668043335
22230015,10,1,3,18,17,0,0,-1,0,1,1,0,8,-0.5864652668043335
22230015,10,1,4,17,18,1,0,-1,0,1,1,0,8,0.5864652668043335
22230015,10,1,4,18,17,-1,1,1,0,1,1,0,8,-0.5864652668043335
22230015,10,1,5,17,18,0,1,-1,0,1,1,0,8,0.5864652668043335
22230015,10,1,5,18,17,0,0,1,0,1,1,0,8,-0.5864652668043335
22230015,10,1,6,17,18,-1,1,5,1,0,1,0,8,0.5864652668043335
22230015,10,1,6,18,17,1,0,-5,-1,1,0,0,8,-0.5864652668043335
22230015,10,1,7,17,18,4,0,-2,-1,0,0,0,8,0.5864652668043335
22230015,10,1,7,18,17,-4,1,2,1,0,0,0,8,-0.5864652668043335
22230015,10,1,8,17,18,2,1,0,0,0,0,0,8,0.5864652668043335
22230015,10,1,8,18,17,-2,0,0,0,0,0,0,8,-0.5864652668043335
22230015,10,2,1,15,20,0,0,-2,0,1,1,0,6,-1.4858026967418563
22230015,10,2,1,20,15,0,1,2,0,1,1,0,6,1.4858026967418563
22230015,10,2,2,15,20,-2,1,1,0,1,1,0,6,-1.4858026967418563
22230015,10,2,2,20,15,2,0,-1,0,1,1,0,6,1.4858026967418563
22230015,10,2,3,15,20,-1,0,-1,0,1,1,0,6,-1.4858026967418563
22230015,10,2,3,20,15,1,1,1,0,1,1,0,6,1.4858026967418563
22230015,10,2,4,15,20,-2,1,-2,0,1,1,0,6,-1.4858026967418563
22230015,10,2,4,20,15,2,0,2,0,1,1,0,6,1.4858026967418563
22230015,10,2,5,15,20,-4,1,-1,1,0,1,0,6,-1.4858026967418563
22230015,10,2,5,20,15,4,0,1,-1,1,0,0,6,1.4858026967418563
22230015,10,2,6,15,20,-5,1,-1,0,0,1,1,6,-1.4858026967418563
22230015,10,2,6,20,15,5,0,1,0,1,0,1,6,1.4858026967418563
22230015,10,3,1,16,28,0,1,-1,0,1,1,0,7,1.862582803411279
22230015,10,3,1,28,16,0,0,1,0,1,1,0,7,-1.862582803411279
22230015,10,3,2,16,28,-1,1,2,0,1,1,0,7,1.862582803411279
22230015,10,3,2,28,16,1,0,-2,0,1,1,0,7,-1.862582803411279
22230015,10,3,3,16,28,1,0,1,0,1,1,0,7,1.862582803411279
22230015,10,3,3,28,16,-1,1,-1,0,1,1,0,7,-1.862582803411279
22230015,10,3,4,16,28,2,0,1,0,1,1,0,7,1.862582803411279
22230015,10,3,4,28,16,-2,1,-1,0,1,1,0,7,-1.862582803411279
22230015,10,3,5,16,28,3,0,2,0,1,1,0,7,1.862582803411279
22230015,10,3,5,28,16,-3,1,-2,0,1,1,0,7,-1.862582803411279
22230015,10,3,6,16,28,5,0,-1,-1,1,0,0,7,1.862582803411279
22230015,10,3,6,28,16,-5,1,1,1,0,1,0,7,-1.862582803411279
22230015,10,3,7,16,28,4,1,3,1,0,0,1,7,1.862582803411279
22230015,10,3,7,28,16,-4,0,-3,-1,0,0,1,7,-1.862582803411279
22230015,10,4,1,19,34,0,1,3,0,1,1,0,7,2.0656262733773825
22230015,10,4,1,34,19,0,0,-3,0,1,1,0,7,-2.0656262733773825
22230015,10,4,2,19,34,3,0,3,0,1,1,0,7,2.0656262733773825
22230015,10,4,2,34,19,-3,1,-3,0,1,1,0,7,-2.0656262733773825
22230015,10,4,3,19,34,6,0,1,0,1,1,0,7,2.0656262733773825
22230015,10,4,3,34,19,-6,1,-1,0,1,1,0,7,-2.0656262733773825
22230015,10,4,4,19,34,7,0,-1,0,1,1,0,7,2.0656262733773825
22230015,10,4,4,34,19,-7,1,1,0,1,1,0,7,-2.0656262733773825
22230015,10,4,5,19,34,6,1,1,0,1,1,0,7,2.0656262733773825
22230015,10,4,5,34,19,-6,0,-1,0,1,1,0,7,-2.0656262733773825
22230015,10,4,6,19,34,7,0,-1,-1,1,0,0,7,2.0656262733773825
22230015,10,4,6,34,19,-7,1,1,1,0,1,0,7,-2.0656262733773825
22230015,10,4,7,19,34,6,1,3,1,0,0,1,7,2.0656262733773825
22230015,10,4,7,34,19,-6,0,-3,-1,0,0,1,7,-2.0656262733773825
22230015,10,5,1,23,51,0,0,1,0,1,1,0,8,-0.8474734479010612
22230015,10,5,1,51,23,0,1,-1,0,1,1,0,8,0.8474734479010612
22230015,10,5,2,23,51,1,0,-2,0,1,1,0,8,-0.8474734479010612
22230015,10,5,2,51,23,-1,1,2,0,1,1,0,8,0.8474734479010612
22230015,10,5,3,23,51,-1,1,1,0,1,1,0,8,-0.8474734479010612
22230015,10,5,3,51,23,1,0,-1,0,1,1,0,8,0.8474734479010612
22230015,10,5,4,23,51,0,0,-1,0,1,1,0,8,-0.8474734479010612
22230015,10,5,4,51,23,0,1,1,0,1,1,0,8,0.8474734479010612
22230015,10,5,5,23,51,-1,1,-1,0,1,1,0,8,-0.8474734479010612
22230015,10,5,5,51,23,1,0,1,0,1,1,0,8,0.8474734479010612
22230015,10,5,6,23,51,-2,1,-2,0,1,1,0,8,-0.8474734479010612
22230015,10,5,6,51,23,2,0,2,0,1,1,0,8,0.8474734479010612
22230015,10,5,7,23,51,-4,1,-1,1,0,1,0,8,-0.8474734479010612
22230015,10,5,7,51,23,4,0,1,-1,1,0,0,8,0.8474734479010612
22230015,10,5,8,23,51,-5,1,-1,0,0,1,0,8,-0.8474734479010612
22230015,10,5,8,51,23,5,0,1,0,1,0,0,8,0.8474734479010612
22230015,11,1,1,14,37,0,1,-2,0,1,1,0,8,0.11090190671555877
22230015,11,1,1,37,14,0,0,2,0,1,1,0,8,-0.11090190671555877
22230015,11,1,2,14,37,-2,1,2,0,1,1,0,8,0.11090190671555877
22230015,11,1,2,37,14,2,0,-2,0,1,1,0,8,-0.11090190671555877
22230015,11,1,3,14,37,0,0,1,0,1,1,0,8,0.11090190671555877
22230015,11,1,3,37,14,0,1,-1,0,1,1,0,8,-0.11090190671555877
22230015,11,1,4,14,37,1,0,-1,0,1,1,0,8,0.11090190671555877
22230015,11,1,4,37,14,-1,1,1,0,1,1,0,8,-0.11090190671555877
22230015,11,1,5,14,37,0,1,-1,0,1,1,0,8,0.11090190671555877
22230015,11,1,5,37,14,0,0,1,0,1,1,0,8,-0.11090190671555877
22230015,11,1,6,14,37,-1,1,2,1,0,1,0,8,0.11090190671555877
22230015,11,1,6,37,14,1,0,-2,-1,1,0,0,8,-0.11090190671555877
22230015,11,1,7,14,37,1,0,-1,-1,0,0,0,8,0.11090190671555877
22230015,11,1,7,37,14,-1,1,1,1,0,0,0,8,-0.11090190671555877
22230015,11,1,8,14,37,0,1,-1,0,0,0,0,8,0.11090190671555877
22230015,11,1,8,37,14,0,0,1,0,0,0,0,8,-0.11090190671555877
22230015,11,2,1,44,46,0,0,-2,0,1,1,0,8,-0.419623550475955
22230015,11,2,1,46,44,0,1,2,0,1,1,0,8,0.419623550475955
22230015,11,2,2,44,46,-2,1,-1,0,1,1,0,8,-0.419623550475955
22230015,11,2,2,46,44,2,0,1,0,1,1,0,8,0.419623550475955
22230015,11,2,3,44,46,-3,1,1,0,1,1,0,8,-0.419623550475955
22230015,11,2,3,46,44,3,0,-1,0,1,1,0,8,0.419623550475955
22230015,11,2,4,44,46,-2,0,-1,0,1,1,0,8,-0.419623550475955
22230015,11,2,4,46,44,2,1,1,0,1,1,0,8,0.419623550475955
22230015,11,2,5,44,46,-3,1,4,0,1,1,0,8,-0.419623550475955
22230015,11,2,5,46,44,3,0,-4,0,1,1,0,8,0.419623550475955
22230015,11,2,6,44,46,1,0,-2,-1,1,0,0,8,-0.419623550475955
22230015,11,2,6,46,44,-1,1,2,1,0,1,0,8,0.419623550475955
22230015,11,2,7,44,46,-1,1,2,1,0,0,0,8,-0.419623550475955
22230015,11,2,7,46,44,1,0,-2,-1,0,0,0,8,0.419623550475955
22230015,11,2,8,44,46,1,0,-4,0,0,0,0,8,-0.419623550475955
22230015,11,2,8,46,44,-1,1,4,0,0,0,0,8,0.419623550475955
22230015,11,3,1,24,25,0,1,1,0,1,1,0,8,2.0597973932861953
22230015,11,3,1,25,24,0,0,-1,0,1,1,0,8,-2.0597973932861953
22230015,11,3,2,24,25,1,0,-1,0,1,1,0,8,2.0597973932861953
22230015,11,3,2,25,24,-1,1,1,0,1,1,0,8,-2.0597973932861953
22230015,11,3,3,24,25,0,1,3,0,1,1,0,8,2.0597973932861953
22230015,11,3,3,25,24,0,0,-3,0,1,1,0,8,-2.0597973932861953
22230015,11,3,4,24,25,3,0,-2,0,1,1,0,8,2.0597973932861953
22230015,11,3,4,25,24,-3,1,2,0,1,1,0,8,-2.0597973932861953
22230015,11,3,5,24,25,1,1,2,0,1,1,0,8,2.0597973932861953
22230015,11,3,5,25,24,-1,0,-2,0,1,1,0,8,-2.0597973932861953
22230015,11,3,6,24,25,3,0,2,-1,1,0,0,8,2.0597973932861953
22230015,11,3,6,25,24,-3,1,-2,1,0,1,0,8,-2.0597973932861953
22230015,11,3,7,24,25,5,0,-3,0,1,0,0,8,2.0597973932861953
22230015,11,3,7,25,24,-5,1,3,0,0,1,0,8,-2.0597973932861953
22230015,11,3,8,24,25,2,1,0,1,0,0,0,8,2.0597973932861953
22230015,11,3,8,25,24,-2,0,0,-1,0,0,0,8,-2.0597973932861953
22230015,11,4,1,10,22,0,1,2,0,1,1,0,6,1.1635919124546443
22230015,11,4,1,22,10,0,0,-2,0,1,1,0,6,-1.1635919124546443
22230015,11,4,2,10,22,2,0,-1,0,1,1,0,6,1.1635919124546443
22230015,11,4,2,22,10,-2,1,1,0,1,1,0,6,-1.1635919124546443
22230015,11,4,3,10,22,1,1,3,0,1,1,0,6,1.1635919124546443
22230015,11,4,3,22,10,-1,0,-3,0,1,1,0,6,-1.1635919124546443
22230015,11,4,4,10,22,4,0,-1,0,1,1,0,6,1.1635919124546443
22230015,11,4,4,22,10,-4,1,1,0,1,1,0,6,-1.1635919124546443
22230015,11,4,5,10,22,3,1,3,0,1,1,0,6,1.1635919124546443
22230015,11,4,5,22,10,-3,0,-3,0,1,1,0,6,-1.1635919124546443
22230015,11,4,6,10,22,6,0,-1,-1,1,0,1,6,1.1635919124546443
22230015,11,4,6,22,10,-6,1,1,1,0,1,1,6,-1.1635919124546443
22230015,11,5,1,11,36,0,1,-1,0,1,1,0,9,0.7152119583463199
22230015,11,5,1,36,11,0,0,1,0,1,1,0,9,-0.7152119583463199
22230015,11,5,2,11,36,-1,1,1,0,1,1,0,9,0.7152119583463199
22230015,11,5,2,36,11,1,0,-1,0,1,1,0,9,-0.7152119583463199
22230015,11,5,3,11,36,0,0,-1,0,1,1,0,9,0.7152119583463199
22230015,11,5,3,36,11,0,1,1,0,1,1,0,9,-0.7152119583463199
22230015,11,5,4,11,36,-1,1,-1,0,1,1,0,9,0.7152119583463199
22230015,11,5,4,36,11,1,0,1,0,1,1,0,9,-0.7152119583463199
22230015,11,5,5,11,36,-2,1,1,0,1,1,0,9,0.7152119583463199
22230015,11,5,5,36,11,2,0,-1,0,1,1,0,9,-0.7152119583463199
22230015,11,5,6,11,36,-1,0,1,0,1,1,0,9,0.7152119583463199
22230015,11,5,6,36,11,1,1,-1,0,1,1,0,9,-0.7152119583463199
22230015,11,5,7,11,36,0,0,-2,-1,1,0,0,9,0.7152119583463199
22230015,11,5,7,36,11,0,1,2,1,0,1,0,9,-0.7152119583463199
22230015,11,5,8,11,36,-2,1,2,1,0,0,0,9,0.7152119583463199
22230015,11,5,8,36,11,2,0,-2,-1,0,0,0,9,-0.7152119583463199
22230015,11,5,9,11,36,0,0,-1,0,0,0,0,9,0.7152119583463199
22230015,11,5,9,36,11,0,1,1,0,0,0,0,9,-0.7152119583463199
22230015,12,1,1,20,23,0,1,1,0,1,1,0,6,2.4001541588610227
22230015,12,1,1,23,20,0,0,-1,0,1,1,0,6,-2.4001541588610227
22230015,12,1,2,20,23,1,0,3,0,1,1,0,6,2.4001541588610227
22230015,12,1,2,23,20,-1,1,-3,0,1,1,0,6,-2.4001541588610227
22230015,12,1,3,20,23,4,0,2,0,1,1,0,6,2.4001541588610227
22230015,12,1,3,23,20,-4,1,-2,0,1,1,0,6,-2.4001541588610227
22230015,12,1,4,20,23,6,0,1,0,1,1,0,6,2.4001541588610227
22230015,12,1,4,23,20,-6,1,-1,0,1,1,0,6,-2.4001541588610227
22230015,12,1,5,20,23,7,0,-1,-1,1,0,0,6,2.4001541588610227
22230015,12,1,5,23,20,-7,1,1,1,0,1,0,6,-2.4001541588610227
22230015,12,1,6,20,23,6,1,-1,1,0,0,1,6,2.4001541588610227
22230015,12,1,6,23,20,-6,0,1,-1,0,0,1,6,-2.4001541588610227
22230015,12,2,1,16,17,0,0,1,0,1,1,0,8,-0.24505009902619024
22230015,12,2,1,17,16,0,1,-1,0,1,1,0,8,0.24505009902619024
22230015,12,2,2,16,17,1,0,-4,0,1,1,0,8,-0.24505009902619024
22230015,12,2,2,17,16,-1,1,4,0,1,1,0,8,0.24505009902619024
22230015,12,2,3,16,17,-3,1,3,0,1,1,0,8,-0.24505009902619024
22230015,12,2,3,17,16,3,0,-3,0,1,1,0,8,0.24505009902619024
22230015,12,2,4,16,17,0,0,-3,0,1,1,0,8,-0.24505009902619024
22230015,12,2,4,17,16,0,1,3,0,1,1,0,8,0.24505009902619024
22230015,12,2,5,16,17,-3,1,2,0,1,1,0,8,-0.24505009902619024
22230015,12,2,5,17,16,3,0,-2,0,1,1,0,8,0.24505009902619024
22230015,12,2,6,16,17,-1,0,1,-1,1,0,0,8,-0.24505009902619024
22230015,12,2,6,17,16,1,1,-1,1,0,1,0,8,0.24505009902619024
22230015,12,2,7,16,17,0,0,-1,0,1,0,0,8,-0.24505009902619024
22230015,12,2,7,17,16,0,1,1,0,0,1,0,8,0.24505009902619024
22230015,12,2,8,16,17,-1,1,3,1,0,0,0,8,-0.24505009902619024
22230015,12,2,8,17,16,1,0,-3,-1,0,0,0,8,0.24505009902619024
22230015,12,3,1,34,51,0,1,-2,0,1,1,0,7,-0.37145544519101426
22230015,12,3,1,51,34,0,0,2,0,1,1,0,7,0.37145544519101426
22230015,12,3,2,34,51,-2,1,1,0,1,1,0,7,-0.37145544519101426
22230015,12,3,2,51,34,2,0,-1,0,1,1,0,7,0.37145544519101426
22230015,12,3,3,34,51,-1,0,1,0,1,1,0,7,-0.37145544519101426
22230015,12,3,3,51,34,1,1,-1,0,1,1,0,7,0.37145544519101426
22230015,12,3,4,34,51,0,0,-4,0,1,1,0,7,-0.37145544519101426
22230015,12,3,4,51,34,0,1,4,0,1,1,0,7,0.37145544519101426
22230015,12,3,5,34,51,-4,1,-3,0,1,1,0,7,-0.37145544519101426
22230015,12,3,5,51,34,4,0,3,0,1,1,0,7,0.37145544519101426
22230015,12,3,6,34,51,-7,1,2,1,0,1,0,7,-0.37145544519101426
22230015,12,3,6,51,34,7,0,-2,-1,1,0,0,7,0.37145544519101426
22230015,12,3,7,34,51,-5,0,-1,-1,0,0,1,7,-0.37145544519101426
22230015,12,3,7,51,34,5,1,1,1,0,0,1,7,0.37145544519101426
22230015,12,4,1,18,28,0,0,1,0,1,1,0,8,1.5211676356331356
22230015,12,4,1,28,18,0,1,-1,0,1,1,0,8,-1.5211676356331356
22230015,12,4,2,18,28,1,0,-1,0,1,1,0,8,1.5211676356331356
22230015,12,4,2,28,18,-1,1,1,0,1,1,0,8,-1.5211676356331356
22230015,12,4,3,18,28,0,1,-1,0,1,1,0,8,1.5211676356331356
22230015,12,4,3,28,18,0,0,1,0,1,1,0,8,-1.5211676356331356
22230015,12,4,4,18,28,-1,1,4,0,1,1,0,8,1.5211676356331356
22230015,12,4,4,28,18,1,0,-4,0,1,1,0,8,-1.5211676356331356
22230015,12,4,5,18,28,3,0,-1,0,1,1,0,8,1.5211676356331356
22230015,12,4,5,28,18,-3,1,1,0,1,1,0,8,-1.5211676356331356
22230015,12,4,6,18,28,2,1,2,0,1,1,0,8,1.5211676356331356
22230015,12,4,6,28,18,-2,0,-2,0,1,1,0,8,-1.5211676356331356
22230015,12,4,7,18,28,4,0,-2,-1,1,0,0,8,1.5211676356331356
22230015,12,4,7,28,18,-4,1,2,1,0,1,0,8,-1.5211676356331356
22230015,12,4,8,18,28,2,1,0,1,0,0,0,8,1.5211676356331356
22230015,12,4,8,28,18,-2,0,0,-1,0,0,0,8,-1.5211676356331356
22230015,12,5,1,15,19,0,1,2,0,1,1,0,7,-1.6272928139682628
22230015,12,5,1,19,15,0,0,-2,0,1,1,0,7,1.6272928139682628
22230015,12,5,2,15,19,2,0,-1,0,1,1,0,7,-1.6272928139682628
22230015,12,5,2,19,15,-2,1,1,0,1,1,0,7,1.6272928139682628
22230015,12,5,3,15,19,1,1,2,0,1,1,0,7,-1.6272928139682628
22230015,12,5,3,19,15,-1,0,-2,0,1,1,0,7,1.6272928139682628
22230015,12,5,4,15,19,3,0,-2,0,1,1,0,7,-1.6272928139682628
22230015,12,5,4,19,15,-3,1,2,0,1,1,0,7,1.6272928139682628
22230015,12,5,5,15,19,1,1,-1,0,1,1,0,7,-1.6272928139682628
22230015,12,5,5,19,15,-1,0,1,0,1,1,0,7,1.6272928139682628
22230015,12,5,6,15,19,0,1,3,0,1,1,0,7,-1.6272928139682628
22230015,12,5,6,19,15,0,0,-3,0,1,1,0,7,1.6272928139682628
22230015,12,5,7,15,19,3,0,2,-1,1,0,1,7,-1.6272928139682628
22230015,12,5,7,19,15,-3,1,-2,1,0,1,1,7,1.6272928139682628
22230015,13,1,1,22,25,0,1,-2,0,1,1,0,8,0.41207886666951055
22230015,13,1,1,25,22,0,0,2,0,1,1,0,8,-0.41207886666951055
22230015,13,1,2,22,25,-2,1,-1,0,1,1,0,8,0.41207886666951055
22230015,13,1,2,25,22,2,0,1,0,1,1,0,8,-0.41207886666951055
22230015,13,1,3,22,25,-3,1,2,0,1,1,0,8,0.41207886666951055
22230015,13,1,3,25,22,3,0,-2,0,1,1,0,8,-0.41207886666951055
22230015,13,1,4,22,25,-1,0,1,0,1,1,0,8,0.41207886666951055
22230015,13,1,4,25,22,1,1,-1,0,1,1,0,8,-0.41207886666951055
22230015,13,1,5,22,25,0,0,3,0,1,1,0,8,0.41207886666951055
22230015,13,1,5,25,22,0,1,-3,0,1,1,0,8,-0.41207886666951055
22230015,13,1,6,22,25,3,0,-1,-1,1,0,0,8,0.41207886666951055
22230015,13,1,6,25,22,-3,1,1,1,0,1,0,8,-0.41207886666951055
22230015,13,1,7,22,25,2,1,1,1,0,0,0,8,0.41207886666951055
22230015,13,1,7,25,22,-2,0,-1,-1,0,0,0,8,-0.41207886666951055
22230015,13,1,8,22,25,3,0,-1,0,0,0,0,8,0.41207886666951055
22230015,13,1,8,25,22,-3,1,1,0,0,0,0,8,-0.41207886666951055
22230015,13,2,1,10,11,0,0,1,0,1,1,0,7,1.3040831727765438
22230015,13,2,1,11,10,0,1,-1,0,1,1,0,7,-1.3040831727765438
22230015,13,2,2,10,11,1,0,-1,0,1,1,0,7,1.3040831727765438
22230015,13,2,2,11,10,-1,1,1,0,1,1,0,7,-1.3040831727765438
22230015,13,2,3,10,11,0,1,1,0,1,1,0,7,1.3040831727765438
22230015,13,2,3,11,10,0,0,-1,0,1,1,0,7,-1.3040831727765438
22230015,13,2,4,10,11,1,0,1,0,1,1,0,7,1.3040831727765438
22230015,13,2,4,11,10,-1,1,-1,0,1,1,0,7,-1.3040831727765438
22230015,13,2,5,10,11,2,0,-1,0,1,1,0,7,1.3040831727765438
22230015,13,2,5,11,10,-2,1,1,0,1,1,0,7,-1.3040831727765438
22230015,13,2,6,10,11,1,1,2,0,1,1,0,7,1.3040831727765438
22230015,13,2,6,11,10,-1,0,-2,0,1,1,0,7,-1.3040831727765438
22230015,13,2,7,10,11,3,0,3,-1,1,0,1,7,1.3040831727765438
22230015,13,2,7,11,10,-3,1,-3,1,0,1,1,7,-1.3040831727765438
22230015,13,3,1,14,36,0,0,2,0,1,1,0,8,1.9503953316613982
22230015,13,3,1,36,14,0,1,-2,0,1,1,0,8,-1.9503953316613982
22230015,13,3,2,14,36,2,0,-1,0,1,1,0,8,1.9503953316613982
22230015,13,3,2,36,14,-2,1,1,0,1,1,0,8,-1.9503953316613982
22230015,13,3,3,14,36,1,1,2,0,1,1,0,8,1.9503953316613982
22230015,13,3,3,36,14,-1,0,-2,0,1,1,0,8,-1.9503953316613982
22230015,13,3,4,14,36,3,0,-2,0,1,1,0,8,1.9503953316613982
22230015,13,3,4,36,14,-3,1,2,0,1,1,0,8,-1.9503953316613982
22230015,13,3,5,14,36,1,1,3,0,1,1,0,8,1.9503953316613982
22230015,13,3,5,36,14,-1,0,-3,0,1,1,0,8,-1.9503953316613982
22230015,13,3,6,14,36,4,0,-1,-1,1,0,0,8,1.9503953316613982
22230015,13,3,6,36,14,-4,1,1,1,0,1,0,8,-1.9503953316613982
22230015,13,3,7,14,36,3,1,-1,1,0,0,0,8,1.9503953316613982
22230015,13,3,7,36,14,-3,0,1,-1,0,0,0,8,-1.9503953316613982
22230015,13,3,8,14,36,2,1,-1,0,0,0,0,8,1.9503953316613982
22230015,13,3,8,36,14,-2,0,1,0,0,0,0,8,-1.9503953316613982
22230015,13,4,1,37,46,0,1,5,0,1,1,0,6,0.5287118287179271
22230015,13,4,1,46,37,0,0,-5,0,1,1,0,6,-0.5287118287179271
22230015,13,4,2,37,46,5,0,-1,0,1,1,0,6,0.5287118287179271
22230015,13,4,2,46,37,-5,1,1,0,1,1,0,6,-0.5287118287179271
22230015,13,4,3,37,46,4,1,3,0,1,1,0,6,0.5287118287179271
22230015,13,4,3,46,37,-4,0,-3,0,1,1,0,6,-0.5287118287179271
22230015,13,4,4,37,46,7,0,-1,-1,1,0,0,6,0.5287118287179271
22230015,13,4,4,46,37,-7,1,1,1,0,1,0,6,-0.5287118287179271
22230015,13,4,5,37,46,6,1,1,0,1,0,0,6,0.5287118287179271
22230015,13,4,5,46,37,-6,0,-1,0,0,1,0,6,-0.5287118287179271
22230015,13,4,6,37,46,7,0,-1,0,1,0,1,6,0.5287118287179271
22230015,13,4,6,46,37,-7,1,1,0,0,1,1,6,-0.5287118287179271
22230015,13,5,1,24,44,0,1,1,0,1,1,0,8,1.6122636995329471
22230015,13,5,1,44,24,0,0,-1,0,1,1,0,8,-1.6122636995329471
22230015,13,5,2,24,44,1,0,1,0,1,1,0,8,1.6122636995329471
22230015,13,5,2,44,24,-1,1,-1,0,1,1,0,8,-1.6122636995329471
22230015,13,5,3,24,44,2,0,2,0,1,1,0,8,1.6122636995329471
22230015,13,5,3,44,24,-2,1,-2,0,1,1,0,8,-1.6122636995329471
22230015,13,5,4,24,44,4,0,-1,0,1,1,0,8,1.6122636995329471
22230015,13,5,4,44,24,-4,1,1,0,1,1,0,8,-1.6122636995329471
22230015,13,5,5,24,44,3,1,1,0,1,1,0,8,1.6122636995329471
22230015,13,5,5,44,24,-3,0,-1,0,1,1,0,8,-1.6122636995329471
22230015,13,5,6,24,44,4,0,-1,-1,1,0,0,8,1.6122636995329471
22230015,13,5,6,44,24,-4,1,1,1,0,1,0,8,-1.6122636995329471
22230015,13,5,7,24,44,3,1,-1,0,1,0,0,8,1.6122636995329471
22230015,13,5,7,44,24,-3,0,1,0,0,1,0,8,-1.6122636995329471
22230015,13,5,8,24,44,2,1,1,1,0,0,0,8,1.6122636995329471
22230015,13,5,8,44,24,-2,0,-1,-1,0,0,0,8,-1.6122636995329471
22230015,14,1,1,28,34,0,0,-2,0,1,1,0,8,0.17200217492619307
22230015,14,1,1,34,28,0,1,2,0,1,1,0,8,-0.17200217492619307
22230015,14,1,2,28,34,-2,1,-1,0,1,1,0,8,0.17200217492619307
22230015,14,1,2,34,28,2,0,1,0,1,1,0,8,-0.17200217492619307
22230015,14,1,3,28,34,-3,1,2,0,1,1,0,8,0.17200217492619307
22230015,14,1,3,34,28,3,0,-2,0,1,1,0,8,-0.17200217492619307
22230015,14,1,4,28,34,-1,0,1,0,1,1,0,8,0.17200217492619307
22230015,14,1,4,34,28,1,1,-1,0,1,1,0,8,-0.17200217492619307
22230015,14,1,5,28,34,0,0,1,0,1,1,0,8,0.17200217492619307
22230015,14,1,5,34,28,0,1,-1,0,1,1,0,8,-0.17200217492619307
22230015,14,1,6,28,34,1,0,-3,-1,1,0,0,8,0.17200217492619307
22230015,14,1,6,34,28,-1,1,3,1,0,1,0,8,-0.17200217492619307
22230015,14,1,7,28,34,-2,1,-1,1,0,0,0,8,0.17200217492619307
22230015,14,1,7,34,28,2,0,1,-1,0,0,0,8,-0.17200217492619307
22230015,14,1,8,28,34,-3,1,1,0,0,0,0,8,0.17200217492619307
22230015,14,1,8,34,28,3,0,-1,0,0,0,0,8,-0.17200217492619307
22230015,14,2,1,18,19,0,0,-1,0,1,1,0,8,-0.3724564628180536
22230015,14,2,1,19,18,0,1,1,0,1,1,0,8,0.3724564628180536
22230015,14,2,2,18,19,-1,1,1,0,1,1,0,8,-0.3724564628180536
22230015,14,2,2,19,18,1,0,-1,0,1,1,0,8,0.3724564628180536
22230015,14,2,3,18,19,0,0,-1,0,1,1,0,8,-0.3724564628180536
22230015,14,2,3,19,18,0,1,1,0,1,1,0,8,0.3724564628180536
22230015,14,2,4,18,19,-1,1,1,0,1,1,0,8,-0.3724564628180536
22230015,14,2,4,19,18,1,0,-1,0,1,1,0,8,0.3724564628180536
22230015,14,2,5,18,19,0,0,1,0,1,1,0,8,-0.3724564628180536
22230015,14,2,5,19,18,0,1,-1,0,1,1,0,8,0.3724564628180536
22230015,14,2,6,18,19,1,0,-2,-1,1,0,0,8,-0.3724564628180536
22230015,14,2,6,19,18,-1,1,2,1,0,1,0,8,0.3724564628180536
22230015,14,2,7,18,19,-1,1,3,1,0,0,0,8,-0.3724564628180536
22230015,14,2,7,19,18,1,0,-3,-1,0,0,0,8,0.3724564628180536
22230015,14,2,8,18,19,2,0,2,0,0,0,0,8,-0.3724564628180536
22230015,14,2,8,19,18,-2,1,-2,0,0,0,0,8,0.3724564628180536
22230015,14,3,1,15,23,0,0,1,0,1,1,0,7,0.9143514621191665
22230015,14,3,1,23,15,0,1,-1,0,1,1,0,7,-0.9143514621191665
22230015,14,3,2,15,23,1,0,2,0,1,1,0,7,0.9143514621191665
22230015,14,3,2,23,15,-1,1,-2,0,1,1,0,7,-0.9143514621191665
22230015,14,3,3,15,23,3,0,-1,-1,1,0,0,7,0.9143514621191665
22230015,14,3,3,23,15,-3,1,1,1,0,1,0,7,-0.9143514621191665
22230015,14,3,4,15,23,2,1,3,0,1,0,0,7,0.9143514621191665
22230015,14,3,4,23,15,-2,0,-3,0,0,1,0,7,-0.9143514621191665
22230015,14,3,5,15,23,5,0,-1,0,1,0,0,7,0.9143514621191665
22230015,14,3,5,23,15,-5,1,1,0,0,1,0,7,-0.9143514621191665
22230015,14,3,6,15,23,4,1,-1,0,1,0,0,7,0.9143514621191665
22230015,14,3,6,23,15,-4,0,1,0,0,1,0,7,-0.9143514621191665
22230015,14,3,7,15,23,3,1,2,1,0,0,1,7,0.9143514621191665
22230015,14,3,7,23,15,-3,0,-2,-1,0,0,1,7,-0.9143514621191665
22230015,14,4,1,17,20,0,0,-1,0,1,1,0,8,0.3554989212126862
22230015,14,4,1,20,17,0,1,1,0,1,1,0,8,-0.3554989212126862
22230015,14,4,2,17,20,-1,1,-1,0,1,1,0,8,0.3554989212126862
22230015,14,4,2,20,17,1,0,1,0,1,1,0,8,-0.3554989212126862
22230015,14,4,3,17,20,-2,1,-1,0,1,1,0,8,0.3554989212126862
22230015,14,4,3,20,17,2,0,1,0,1,1,0,8,-0.3554989212126862
22230015,14,4,4,17,20,-3,1,-1,0,1,1,0,8,0.3554989212126862
22230015,14,4,4,20,17,3,0,1,0,1,1,0,8,-0.3554989212126862
22230015,14,4,5,17,20,-4,1,1,1,0,1,0,8,0.3554989212126862
22230015,14,4,5,20,17,4,0,-1,-1,1,0,0,8,-0.3554989212126862
22230015,14,4,6,17,20,-3,0,1,0,0,1,0,8,0.3554989212126862
22230015,14,4,6,20,17,3,1,-1,0,1,0,0,8,-0.3554989212126862
22230015,14,4,7,17,20,-2,0,-1,-1,0,0,0,8,0.3554989212126862
22230015,14,4,7,20,17,2,1,1,1,0,0,0,8,-0.3554989212126862
22230015,14,4,8,17,20,-3,1,1,0,0,0,0,8,0.3554989212126862
22230015,14,4,8,20,17,3,0,-1,0,0,0,0,8,-0.3554989212126862
22230015,14,5,1,16,51,0,1,-1,0,1,1,0,8,1.6631295331464577
22230015,14,5,1,51,16,0,0,1,0,1,1,0,8,-1.6631295331464577
22230015,14,5,2,16,51,-1,1,3,0,1,1,0,8,1.6631295331464577
22230015,14,5,2,51,16,1,0,-3,0,1,1,0,8,-1.6631295331464577
22230015,14,5,3,16,51,2,0,-2,0,1,1,0,8,1.6631295331464577
22230015,14,5,3,51,16,-2,1,2,0,1,1,0,8,-1.6631295331464577
22230015,14,5,4,16,51,0,1,1,0,1,1,0,8,1.6631295331464577
22230015,14,5,4,51,16,0,0,-1,0,1,1,0,8,-1.6631295331464577
22230015,14,5,5,16,51,1,0,1,0,1,1,0,8,1.6631295331464577
22230015,14,5,5,51,16,-1,1,-1,0,1,1,0,8,-1.6631295331464577
22230015,14,5,6,16,51,2,0,-1,-1,1,0,0,8,1.6631295331464577
22230015,14,5,6,51,16,-2,1,1,1,0,1,0,8,-1.6631295331464577
22230015,14,5,7,16,51,1,1,1,1,0,0,0,8,1.6631295331464577
22230015,14,5,7,51,16,-1,0,-1,-1,0,0,0,8,-1.6631295331464577
22230015,14,5,8,16,51,2,0,1,0,0,0,0,8,1.6631295331464577
22230015,14,5,8,51,16,-2,1,-1,0,0,0,0,8,-1.6631295331464577
22230015,15,1,1,10,36,0,1,2,0,1,1,0,9,2.0192951311228637
22230015,15,1,1,36,10,0,0,-2,0,1,1,0,9,-2.0192951311228637
22230015,15,1,2,10,36,2,0,-3,0,1,1,0,9,2.0192951311228637
22230015,15,1,2,36,10,-2,1,3,0,1,1,0,9,-2.0192951311228637
22230015,15,1,3,10,36,-1,1,1,0,1,1,0,9,2.0192951311228637
22230015,15,1,3,36,10,1,0,-1,0,1,1,0,9,-2.0192951311228637
22230015,15,1,4,10,36,0,0,-1,0,1,1,0,9,2.0192951311228637
22230015,15,1,4,36,10,0,1,1,0,1,1,0,9,-2.0192951311228637
22230015,15,1,5,10,36,-1,1,1,0,1,1,0,9,2.0192951311228637
22230015,15,1,5,36,10,1,0,-1,0,1,1,0,9,-2.0192951311228637
22230015,15,1,6,10,36,0,0,1,0,1,1,0,9,2.0192951311228637
22230015,15,1,6,36,10,0,1,-1,0,1,1,0,9,-2.0192951311228637
22230015,15,1,7,10,36,1,0,-3,-1,1,0,0,9,2.0192951311228637
22230015,15,1,7,36,10,-1,1,3,1,0,1,0,9,-2.0192951311228637
22230015,15,1,8,10,36,-2,1,2,1,0,0,0,9,2.0192951311228637
22230015,15,1,8,36,10,2,0,-2,-1,0,0,0,9,-2.0192951311228637
22230015,15,1,9,10,36,0,0,1,0,0,0,0,9,2.0192951311228637
22230015,15,1,9,36,10,0,1,-1,0,0,0,0,9,-2.0192951311228637
22230015,15,2,1,24,37,0,1,1,0,1,1,0,8,0.6639283203390649
22230015,15,2,1,37,24,0,0,-1,0,1,1,0,8,-0.6639283203390649
22230015,15,2,2,24,37,1,0,1,0,1,1,0,8,0.6639283203390649
22230015,15,2,2,37,24,-1,1,-1,0,1,1,0,8,-0.6639283203390649
22230015,15,2,3,24,37,2,0,1,0,1,1,0,8,0.6639283203390649
22230015,15,2,3,37,24,-2,1,-1,0,1,1,0,8,-0.6639283203390649
22230015,15,2,4,24,37,3,0,-2,0,1,1,0,8,0.6639283203390649
22230015,15,2,4,37,24,-3,1,2,0,1,1,0,8,-0.6639283203390649
22230015,15,2,5,24,37,1,1,1,0,1,1,0,8,0.6639283203390649
22230015,15,2,5,37,24,-1,0,-1,0,1,1,0,8,-0.6639283203390649
22230015,15,2,6,24,37,2,0,-3,-1,1,0,0,8,0.6639283203390649
22230015,15,2,6,37,24,-2,1,3,1,0,1,0,8,-0.6639283203390649
22230015,15,2,7,24,37,-1,1,2,1,0,0,0,8,0.6639283203390649
22230015,15,2,7,37,24,1,0,-2,-1,0,0,0,8,-0.6639283203390649
22230015,15,2,8,24,37,1,0,-2,0,0,0,0,8,0.6639283203390649
22230015,15,2,8,37,24,-1,1,2,0,0,0,0,8,-0.6639283203390649
22230015,15,3,1,11,22,0,1,1,0,1,1,0,8,-0.1404912603218996
22230015,15,3,1,22,11,0,0,-1,0,1,1,0,8,0.1404912603218996
22230015,15,3,2,11,22,1,0,-2,0,1,1,0,8,-0.1404912603218996
22230015,15,3,2,22,11,-1,1,2,0,1,1,0,8,0.1404912603218996
22230015,15,3,3,11,22,-1,1,-1,0,1,1,0,8,-0.1404912603218996
22230015,15,3,3,22,11,1,0,1,0,1,1,0,8,0.1404912603218996
22230015,15,3,4,11,22,-2,1,3,0,1,1,0,8,-0.1404912603218996
22230015,15,3,4,22,11,2,0,-3,0,1,1,0,8,0.1404912603218996
22230015,15,3,5,11,22,1,0,-1,0,1,1,0,8,-0.1404912603218996
22230015,15,3,5,22,11,-1,1,1,0,1,1,0,8,0.1404912603218996
22230015,15,3,6,11,22,0,1,1,1,0,1,0,8,-0.1404912603218996
22230015,15,3,6,22,11,0,0,-1,-1,1,0,0,8,0.1404912603218996
22230015,15,3,7,11,22,1,0,-1,-1,0,0,0,8,-0.1404912603218996
22230015,15,3,7,22,11,-1,1,1,1,0,0,0,8,0.1404912603218996
22230015,15,3,8,11,22,0,1,1,0,0,0,0,8,-0.1404912603218996
22230015,15,3,8,22,11,0,0,-1,0,0,0,0,8,0.1404912603218996
22230015,15,4,1,25,44,0,0,-2,0,1,1,0,8,-0.4475336937532483
22230015,15,4,1,44,25,0,1,2,0,1,1,0,8,0.4475336937532483
22230015,15,4,2,25,44,-2,1,3,0,1,1,0,8,-0.4475336937532483
22230015,15,4,2,44,25,2,0,-3,0,1,1,0,8,0.4475336937532483
22230015,15,4,3,25,44,1,0,2,0,1,1,0,8,-0.4475336937532483
22230015,15,4,3,44,25,-1,1,-2,0,1,1,0,8,0.4475336937532483
22230015,15,4,4,25,44,3,0,-1,0,1,1,0,8,-0.4475336937532483
22230015,15,4,4,44,25,-3,1,1,0,1,1,0,8,0.4475336937532483
22230015,15,4,5,25,44,2,1,1,0,1,1,0,8,-0.4475336937532483
22230015,15,4,5,44,25,-2,0,-1,0,1,1,0,8,0.4475336937532483
22230015,15,4,6,25,44,3,0,1,-1,1,0,0,8,-0.4475336937532483
22230015,15,4,6,44,25,-3,1,-1,1,0,1,0,8,0.4475336937532483
22230015,15,4,7,25,44,4,0,-1,0,1,0,0,8,-0.4475336937532483
22230015,15,4,7,44,25,-4,1,1,0,0,1,0,8,0.4475336937532483
22230015,15,4,8,25,44,3,1,1,1,0,0,0,8,-0.4475336937532483
22230015,15,4,8,44,25,-3,0,-1,-1,0,0,0,8,0.4475336937532483
22230015,15,5,1,14,46,0,1,4,0,1,1,0,8,0.6396137354334859
22230015,15,5,1,46,14,0,0,-4,0,1,1,0,8,-0.6396137354334859
22230015,15,5,2,14,46,4,0,-2,0,1,1,0,8,0.6396137354334859
22230015,15,5,2,46,14,-4,1,2,0,1,1,0,8,-0.6396137354334859
22230015,15,5,3,14,46,2,1,1,0,1,1,0,8,0.6396137354334859
22230015,15,5,3,46,14,-2,0,-1,0,1,1,0,8,-0.6396137354334859
22230015,15,5,4,14,46,3,0,-1,0,1,1,0,8,0.6396137354334859
22230015,15,5,4,46,14,-3,1,1,0,1,1,0,8,-0.6396137354334859
22230015,15,5,5,14,46,2,1,2,0,1,1,0,8,0.6396137354334859
22230015,15,5,5,46,14,-2,0,-2,0,1,1,0,8,-0.6396137354334859
22230015,15,5,6,14,46,4,0,-2,-1,1,0,0,8,0.6396137354334859
22230015,15,5,6,46,14,-4,1,2,1,0,1,0,8,-0.6396137354334859
22230015,15,5,7,14,46,2,1,1,1,0,0,0,8,0.6396137354334859
22230015,15,5,7,46,14,-2,0,-1,-1,0,0,0,8,-0.6396137354334859
22230015,15,5,8,14,46,3,0,-1,0,0,0,0,8,0.6396137354334859
22230015,15,5,8,46,14,-3,1,1,0,0,0,0,8,-0.6396137354334859
22230015,16,1,1,15,18,0,0,-1,0,1,1,0,8,-1.2548363511502092
22230015,16,1,1,18,15,0,1,1,0,1,1,0,8,1.2548363511502092
22230015,16,1,2,15,18,-1,1,2,0,1,1,0,8,-1.2548363511502092
22230015,16,1,2,18,15,1,0,-2,0,1,1,0,8,1.2548363511502092
22230015,16,1,3,15,18,1,0,-3,0,1,1,0,8,-1.2548363511502092
22230015,16,1,3,18,15,-1,1,3,0,1,1,0,8,1.2548363511502092
22230015,16,1,4,15,18,-2,1,2,0,1,1,0,8,-1.2548363511502092
22230015,16,1,4,18,15,2,0,-2,0,1,1,0,8,1.2548363511502092
22230015,16,1,5,15,18,0,0,-2,0,1,1,0,8,-1.2548363511502092
22230015,16,1,5,18,15,0,1,2,0,1,1,0,8,1.2548363511502092
22230015,16,1,6,15,18,-2,1,2,0,1,1,0,8,-1.2548363511502092
22230015,16,1,6,18,15,2,0,-2,0,1,1,0,8,1.2548363511502092
22230015,16,1,7,15,18,0,0,-2,-1,1,0,0,8,-1.2548363511502092
22230015,16,1,7,18,15,0,1,2,1,0,1,0,8,1.2548363511502092
22230015,16,1,8,15,18,-2,1,1,1,0,0,0,8,-1.2548363511502092
22230015,16,1,8,18,15,2,0,-1,-1,0,0,0,8,1.2548363511502092
22230015,16,2,1,20,51,0,1,1,0,1,1,0,8,1.5526807109599616
22230015,16,2,1,51,20,0,0,-1,0,1,1,0,8,-1.5526807109599616
22230015,16,2,2,20,51,1,0,2,0,1,1,0,8,1.5526807109599616
22230015,16,2,2,51,20,-1,1,-2,0,1,1,0,8,-1.5526807109599616
22230015,16,2,3,20,51,3,0,1,0,1,1,0,8,1.5526807109599616
22230015,16,2,3,51,20,-3,1,-1,0,1,1,0,8,-1.5526807109599616
22230015,16,2,4,20,51,4,0,-2,-1,1,0,0,8,1.5526807109599616
22230015,16,2,4,51,20,-4,1,2,1,0,1,0,8,-1.5526807109599616
22230015,16,2,5,20,51,2,1,1,0,1,0,0,8,1.5526807109599616
22230015,16,2,5,51,20,-2,0,-1,0,0,1,0,8,-1.5526807109599616
22230015,16,2,6,20,51,3,0,-3,0,1,0,0,8,1.5526807109599616
22230015,16,2,6,51,20,-3,1,3,0,0,1,0,8,-1.5526807109599616
22230015,16,2,7,20,51,0,1,3,1,0,0,0,8,1.5526807109599616
22230015,16,2,7,51,20,0,0,-3,-1,0,0,0,8,-1.5526807109599616
22230015,16,2,8,20,51,3,0,-2,0,0,0,0,8,1.5526807109599616
22230015,16,2,8,51,20,-3,1,2,0,0,0,0,8,-1.5526807109599616
22230015,16,3,1,19,28,0,1,2,0,1,1,0,6,1.8936240984511894
22230015,16,3,1,28,19,0,0,-2,0,1,1,0,6,-1.8936240984511894
22230015,16,3,2,19,28,2,0,3,0,1,1,0,6,1.8936240984511894
22230015,16,3,2,28,19,-2,1,-3,0,1,1,0,6,-1.8936240984511894
22230015,16,3,3,19,28,5,0,-1,0,1,1,0,6,1.8936240984511894
22230015,16,3,3,28,19,-5,1,1,0,1,1,0,6,-1.8936240984511894
22230015,16,3,4,19,28,4,1,3,0,1,1,0,6,1.8936240984511894
22230015,16,3,4,28,19,-4,0,-3,0,1,1,0,6,-1.8936240984511894
22230015,16,3,5,19,28,7,0,-1,-1,1,0,0,6,1.8936240984511894
22230015,16,3,5,28,19,-7,1,1,1,0,1,0,6,-1.8936240984511894
22230015,16,3,6,19,28,6,1,2,0,1,0,1,6,1.8936240984511894
22230015,16,3,6,28,19,-6,0,-2,0,0,1,1,6,-1.8936240984511894
22230015,16,4,1,16,34,0,0,2,0,1,1,0,8,2.034584978337472
22230015,16,4,1,34,16,0,1,-2,0,1,1,0,8,-2.034584978337472
22230015,16,4,2,16,34,2,0,-1,0,1,1,0,8,2.034584978337472
22230015,16,4,2,34,16,-2,1,1,0,1,1,0,8,-2.034584978337472
22230015,16,4,3,16,34,1,1,-1,0,1,1,0,8,2.034584978337472
22230015,16,4,3,34,16,-1,0,1,0,1,1,0,8,-2.034584978337472
22230015,16,4,4,16,34,0,1,2,0,1,1,0,8,2.034584978337472
22230015,16,4,4,34,16,0,0,-2,0,1,1,0,8,-2.034584978337472
22230015,16,4,5,16,34,2,0,-1,0,1,1,0,8,2.034584978337472
22230015,16,4,5,34,16,-2,1,1,0,1,1,0,8,-2.034584978337472
22230015,16,4,6,16,34,1,1,3,1,0,1,0,8,2.034584978337472
22230015,16,4,6,34,16,-1,0,-3,-1,1,0,0,8,-2.034584978337472
22230015,16,4,7,16,34,4,0,-2,-1,0,0,0,8,2.034584978337472
22230015,16,4,7,34,16,-4,1,2,1,0,0,0,8,-2.034584978337472
22230015,16,4,8,16,34,2,1,0,0,0,0,0,8,2.034584978337472
22230015,16,4,8,34,16,-2,0,0,0,0,0,0,8,-2.034584978337472
22230015,16,5,1,17,23,0,1,-1,0,1,1,0,6,2.755653080073709
22230015,16,5,1,23,17,0,0,1,0,1,1,0,6,-2.755653080073709
22230015,16,5,2,17,23,-1,1,2,0,1,1,0,6,2.755653080073709
22230015,16,5,2,23,17,1,0,-2,0,1,1,0,6,-2.755653080073709
22230015,16,5,3,17,23,1,0,2,0,1,1,0,6,2.755653080073709
22230015,16,5,3,23,17,-1,1,-2,0,1,1,0,6,-2.755653080073709
22230015,16,5,4,17,23,3,0,3,0,1,1,0,6,2.755653080073709
22230015,16,5,4,23,17,-3,1,-3,0,1,1,0,6,-2.755653080073709
22230015,16,5,5,17,23,6,0,2,-1,1,0,0,6,2.755653080073709
22230015,16,5,5,23,17,-6,1,-2,1,0,1,0,6,-2.755653080073709
22230015,16,5,6,17,23,8,0,-1,0,1,0,1,6,2.755653080073709
22230015,16,5,6,23,17,-8,1,1,0,0,1,1,6,-2.755653080073709
22230015,17,1,1,11,24,0,0,-5,0,1,1,0,8,-1.7882097869385845
22230015,17,1,1,24,11,0,1,5,0,1,1,0,8,1.7882097869385845
22230015,17,1,2,11,24,-5,1,4,0,1,1,0,8,-1.7882097869385845
22230015,17,1,2,24,11,5,0,-4,0,1,1,0,8,1.7882097869385845
22230015,17,1,3,11,24,-1,0,-1,0,1,1,0,8,-1.7882097869385845
22230015,17,1,3,24,11,1,1,1,0,1,1,0,8,1.7882097869385845
22230015,17,1,4,11,24,-2,1,2,0,1,1,0,8,-1.7882097869385845
22230015,17,1,4,24,11,2,0,-2,0,1,1,0,8,1.7882097869385845
22230015,17,1,5,11,24,0,0,-2,0,1,1,0,8,-1.7882097869385845
22230015,17,1,5,24,11,0,1,2,0,1,1,0,8,1.7882097869385845
22230015,17,1,6,11,24,-2,1,2,0,1,1,0,8,-1.7882097869385845
22230015,17,1,6,24,11,2,0,-2,0,1,1,0,8,1.7882097869385845
22230015,17,1,7,11,24,0,0,-1,-1,1,0,0,8,-1.7882097869385845
22230015,17,1,7,24,11,0,1,1,1,0,1,0,8,1.7882097869385845
22230015,17,1,8,11,24,-1,1,3,1,0,0,0,8,-1.7882097869385845
22230015,17,1,8,24,11,1,0,-3,-1,0,0,0,8,1.7882097869385845
22230015,17,2,1,14,22,0,1,1,0,1,1,0,8,1.0946921129931788
22230015,17,2,1,22,14,0,0,-1,0,1,1,0,8,-1.0946921129931788
22230015,17,2,2,14,22,1,0,3,0,1,1,0,8,1.0946921129931788
22230015,17,2,2,22,14,-1,1,-3,0,1,1,0,8,-1.0946921129931788
22230015,17,2,3,14,22,4,0,-1,-1,1,0,0,8,1.0946921129931788
22230015,17,2,3,22,14,-4,1,1,1,0,1,0,8,-1.0946921129931788
22230015,17,2,4,14,22,3,1,1,0,1,0,0,8,1.0946921129931788
22230015,17,2,4,22,14,-3,0,-1,0,0,1,0,8,-1.0946921129931788
22230015,17,2,5,14,22,4,0,-2,0,1,0,0,8,1.0946921129931788
22230015,17,2,5,22,14,-4,1,2,0,0,1,0,8,-1.0946921129931788
22230015,17,2,6,14,22,2,1,-1,1,0,0,0,8,1.0946921129931788
22230015,17,2,6,22,14,-2,0,1,-1,0,0,0,8,-1.0946921129931788
22230015,17,2,7,14,22,1,1,-1,0,0,0,0,8,1.0946921129931788
22230015,17,2,7,22,14,-1,0,1,0,0,0,0,8,-1.0946921129931788
22230015,17,2,8,14,22,0,1,1,0,0,0,0,8,1.0946921129931788
22230015,17,2,8,22,14,0,0,-1,0,0,0,0,8,-1.0946921129931788
22230015,17,3,1,25,37,0,0,-1,0,1,1,0,8,-1.3958690729471304
22230015,17,3,1,37,25,0,1,1,0,1,1,0,8,1.3958690729471304
22230015,17,3,2,25,37,-1,1,2,0,1,1,0,8,-1.3958690729471304
22230015,17,3,2,37,25,1,0,-2,0,1,1,0,8,1.3958690729471304
22230015,17,3,3,25,37,1,0,-1,0,1,1,0,8,-1.3958690729471304
22230015,17,3,3,37,25,-1,1,1,0,1,1,0,8,1.3958690729471304
22230015,17,3,4,25,37,0,1,-1,0,1,1,0,8,-1.3958690729471304
22230015,17,3,4,37,25,0,0,1,0,1,1,0,8,1.3958690729471304
22230015,17,3,5,25,37,-1,1,4,0,1,1,0,8,-1.3958690729471304
22230015,17,3,5,37,25,1,0,-4,0,1,1,0,8,1.3958690729471304
22230015,17,3,6,25,37,3,0,2,-1,1,0,0,8,-1.3958690729471304
22230015,17,3,6,37,25,-3,1,-2,1,0,1,0,8,1.3958690729471304
22230015,17,3,7,25,37,5,0,-3,0,1,0,0,8,-1.3958690729471304
22230015,17,3,7,37,25,-5,1,3,0,0,1,0,8,1.3958690729471304
22230015,17,3,8,25,37,2,1,0,1,0,0,0,8,-1.3958690729471304
22230015,17,3,8,37,25,-2,0,0,-1,0,0,0,8,1.3958690729471304
22230015,17,4,1,36,46,0,1,1,0,1,1,0,8,-1.3107815962279123
22230015,17,4,1,46,36,0,0,-1,0,1,1,0,8,1.3107815962279123
22230015,17,4,2,36,46,1,0,-1,0,1,1,0,8,-1.3107815962279123
22230015,17,4,2,46,36,-1,1,1,0,1,1,0,8,1.3107815962279123
22230015,17,4,3,36,46,0,1,2,0,1,1,0,8,-1.3107815962279123
22230015,17,4,3,46,36,0,0,-2,0,1,1,0,8,1.3107815962279123
22230015,17,4,4,36,46,2,0,-3,0,1,1,0,8,-1.3107815962279123
22230015,17,4,4,46,36,-2,1,3,0,1,1,0,8,1.3107815962279123
22230015,17,4,5,36,46,-1,1,1,0,1,1,0,8,-1.3107815962279123
22230015,17,4,5,46,36,1,0,-1,0,1,1,0,8,1.3107815962279123
22230015,17,4,6,36,46,0,0,-2,0,1,1,0,8,-1.3107815962279123
22230015,17,4,6,46,36,0,1,2,0,1,1,0,8,1.3107815962279123
22230015,17,4,7,36,46,-2,1,1,1,0,1,0,8,-1.3107815962279123
22230015,17,4,7,46,36,2,0,-1,-1,1,0,0,8,1.3107815962279123
22230015,17,4,8,36,46,-1,0,-1,-1,0,0,0,8,-1.3107815962279123
22230015,17,4,8,46,36,1,1,1,1,0,0,0,8,1.3107815962279123
22230015,17,5,1,10,44,0,1,2,0,1,1,0,8,1.1281370853709065
22230015,17,5,1,44,10,0,0,-2,0,1,1,0,8,-1.1281370853709065
22230015,17,5,2,10,44,2,0,1,0,1,1,0,8,1.1281370853709065
22230015,17,5,2,44,10,-2,1,-1,0,1,1,0,8,-1.1281370853709065
22230015,17,5,3,10,44,3,0,-2,0,1,1,0,8,1.1281370853709065
22230015,17,5,3,44,10,-3,1,2,0,1,1,0,8,-1.1281370853709065
22230015,17,5,4,10,44,1,1,3,0,1,1,0,8,1.1281370853709065
22230015,17,5,4,44,10,-1,0,-3,0,1,1,0,8,-1.1281370853709065
22230015,17,5,5,10,44,4,0,-1,0,1,1,0,8,1.1281370853709065
22230015,17,5,5,44,10,-4,1,1,0,1,1,0,8,-1.1281370853709065
22230015,17,5,6,10,44,3,1,-1,0,1,1,0,8,1.1281370853709065
22230015,17,5,6,44,10,-3,0,1,0,1,1,0,8,-1.1281370853709065
22230015,17,5,7,10,44,2,1,1,0,1,1,0,8,1.1281370853709065
22230015,17,5,7,44,10,-2,0,-1,0,1,1,0,8,-1.1281370853709065
22230015,17,5,8,10,44,3,0,-2,-1,1,0,0,8,1.1281370853709065
22230015,17,5,8,44,10,-3,1,2,1,0,1,0,8,-1.1281370853709065
22230015,18,1,1,19,51,0,0,-1,0,1,1,0,8,1.694170828186368
22230015,18,1,1,51,19,0,1,1,0,1,1,0,8,-1.694170828186368
22230015,18,1,2,19,51,-1,1,-2,0,1,1,0,8,1.694170828186368
22230015,18,1,2,51,19,1,0,2,0,1,1,0,8,-1.694170828186368
22230015,18,1,3,19,51,-3,1,2,0,1,1,0,8,1.694170828186368
22230015,18,1,3,51,19,3,0,-2,0,1,1,0,8,-1.694170828186368
22230015,18,1,4,19,51,-1,0,1,0,1,1,0,8,1.694170828186368
22230015,18,1,4,51,19,1,1,-1,0,1,1,0,8,-1.694170828186368
22230015,18,1,5,19,51,0,0,-3,0,1,1,0,8,1.694170828186368
22230015,18,1,5,51,19,0,1,3,0,1,1,0,8,-1.694170828186368
22230015,18,1,6,19,51,-3,1,2,1,0,1,0,8,1.694170828186368
22230015,18,1,6,51,19,3,0,-2,-1,1,0,0,8,-1.694170828186368
22230015,18,1,7,19,51,-1,0,-2,-1,0,0,0,8,1.694170828186368
22230015,18,1,7,51,19,1,1,2,1,0,0,0,8,-1.694170828186368
22230015,18,1,8,19,51,-3,1,4,0,0,0,0,8,1.694170828186368
22230015,18,1,8,51,19,3,0,-4,0,0,0,0,8,-1.694170828186368
22230015,18,2,1,23,28,0,1,-1,0,1,1,0,6,-0.64802017763624
22230015,18,2,1,28,23,0,0,1,0,1,1,0,6,0.64802017763624
22230015,18,2,2,23,28,-1,1,-1,0,1,1,0,6,-0.64802017763624
22230015,18,2,2,28,23,1,0,1,0,1,1,0,6,0.64802017763624
22230015,18,2,3,23,28,-2,1,1,0,1,1,0,6,-0.64802017763624
22230015,18,2,3,28,23,2,0,-1,0,1,1,0,6,0.64802017763624
22230015,18,2,4,23,28,-1,0,-5,0,1,1,0,6,-0.64802017763624
22230015,18,2,4,28,23,1,1,5,0,1,1,0,6,0.64802017763624
22230015,18,2,5,23,28,-6,1,1,0,1,1,0,6,-0.64802017763624
22230015,18,2,5,28,23,6,0,-1,0,1,1,0,6,0.64802017763624
22230015,18,2,6,23,28,-5,0,-1,0,1,1,1,6,-0.64802017763624
22230015,18,2,6,28,23,5,1,1,0,1,1,1,6,0.64802017763624
22230015,18,3,1,20,34,0,0,-3,0,1,1,0,9,1.924136156150976
22230015,18,3,1,34,20,0,1,3,0,1,1,0,9,-1.924136156150976
22230015,18,3,2,20,34,-3,1,2,0,1,1,0,9,1.924136156150976
22230015,18,3,2,34,20,3,0,-2,0,1,1,0,9,-1.924136156150976
22230015,18,3,3,20,34,-1,0,-1,0,1,1,0,9,1.924136156150976
22230015,18,3,3,34,20,1,1,1,0,1,1,0,9,-1.924136156150976
22230015,18,3,4,20,34,-2,1,4,0,1,1,0,9,1.924136156150976
22230015,18,3,4,34,20,2,0,-4,0,1,1,0,9,-1.924136156150976
22230015,18,3,5,20,34,2,0,-2,0,1,1,0,9,1.924136156150976
22230015,18,3,5,34,20,-2,1,2,0,1,1,0,9,-1.924136156150976
22230015,18,3,6,20,34,0,1,1,0,1,1,0,9,1.924136156150976
22230015,18,3,6,34,20,0,0,-1,0,1,1,0,9,-1.924136156150976
22230015,18,3,7,20,34,1,0,-2,-1,1,0,0,9,1.924136156150976
22230015,18,3,7,34,20,-1,1,2,1,0,1,0,9,-1.924136156150976
22230015,18,3,8,20,34,-1,1,1,1,0,0,0,9,1.924136156150976
22230015,18,3,8,34,20,1,0,-1,-1,0,0,0,9,-1.924136156150976
22230015,18,3,9,20,34,0,0,-1,0,0,0,0,9,1.924136156150976
22230015,18,3,9,34,20,0,1,1,0,0,0,0,9,-1.924136156150976
22230015,18,4,1,15,17,0,0,-1,0,1,1,0,8,-1.8413016179545427
22230015,18,4,1,17,15,0,1,1,0,1,1,0,8,1.8413016179545427
22230015,18,4,2,15,17,-1,1,1,0,1,1,0,8,-1.8413016179545427
22230015,18,4,2,17,15,1,0,-1,0,1,1,0,8,1.8413016179545427
22230015,18,4,3,15,17,0,0,1,0,1,1,0,8,-1.8413016179545427
22230015,18,4,3,17,15,0,1,-1,0,1,1,0,8,1.8413016179545427
22230015,18,4,4,15,17,1,0,-1,0,1,1,0,8,-1.8413016179545427
22230015,18,4,4,17,15,-1,1,1,0,1,1,0,8,1.8413016179545427
22230015,18,4,5,15,17,0,1,-3,0,1,1,0,8,-1.8413016179545427
22230015,18,4,5,17,15,0,0,3,0,1,1,0,8,1.8413016179545427
22230015,18,4,6,15,17,-3,1,2,1,0,1,0,8,-1.8413016179545427
22230015,18,4,6,17,15,3,0,-2,-1,1,0,0,8,1.8413016179545427
22230015,18,4,7,15,17,-1,0,-1,-1,0,0,0,8,-1.8413016179545427
22230015,18,4,7,17,15,1,1,1,1,0,0,0,8,1.8413016179545427
22230015,18,4,8,15,17,-2,1,0,0,0,0,0,8,-1.8413016179545427
22230015,18,4,8,17,15,2,0,0,0,0,0,0,8,1.8413016179545427
22230015,18,5,1,16,18,0,1,-1,0,1,1,0,6,0.34141516777814324
22230015,18,5,1,18,16,0,0,1,0,1,1,0,6,-0.34141516777814324
22230015,18,5,2,16,18,-1,1,-1,0,1,1,0,6,0.34141516777814324
22230015,18,5,2,18,16,1,0,1,0,1,1,0,6,-0.34141516777814324
22230015,18,5,3,16,18,-2,1,-3,0,1,1,0,6,0.34141516777814324
22230015,18,5,3,18,16,2,0,3,0,1,1,0,6,-0.34141516777814324
22230015,18,5,4,16,18,-5,1,-2,1,0,1,0,6,0.34141516777814324
22230015,18,5,4,18,16,5,0,2,-1,1,0,0,6,-0.34141516777814324
22230015,18,5,5,16,18,-7,1,1,0,0,1,0,6,0.34141516777814324
22230015,18,5,5,18,16,7,0,-1,0,1,0,0,6,-0.34141516777814324
22230015,18,5,6,16,18,-6,0,-2,0,0,1,1,6,0.34141516777814324
22230015,18,5,6,18,16,6,1,2,0,1,0,1,6,-0.34141516777814324
22230015,41,1,1,14,20,0,0,-2,0,1,1,0,8,0.2813088811622775
22230015,41,1,1,20,14,0,1,2,0,1,1,0,8,-0.2813088811622775
22230015,41,1,2,14,20,-2,1,1,0,1,1,0,8,0.2813088811622775
22230015,41,1,2,20,14,2,0,-1,0,1,1,0,8,-0.2813088811622775
22230015,41,1,3,14,20,-1,0,-4,0,1,1,0,8,0.2813088811622775
22230015,41,1,3,20,14,1,1,4,0,1,1,0,8,-0.2813088811622775
22230015,41,1,4,14,20,-5,1,2,1,0,1,0,8,0.2813088811622775
22230015,41,1,4,20,14,5,0,-2,-1,1,0,0,8,-0.2813088811622775
22230015,41,1,5,14,20,-3,0,1,0,0,1,0,8,0.2813088811622775
22230015,41,1,5,20,14,3,1,-1,0,1,0,0,8,-0.2813088811622775
22230015,41,1,6,14,20,-2,0,-2,0,0,1,0,8,0.2813088811622775
22230015,41,1,6,20,14,2,1,2,0,1,0,0,8,-0.2813088811622775
22230015,41,1,7,14,20,-4,1,2,0,0,1,0,8,0.2813088811622775
22230015,41,1,7,20,14,4,0,-2,0,1,0,0,8,-0.2813088811622775
22230015,41,1,8,14,20,-2,0,0,-1,0,0,0,8,0.2813088811622775
22230015,41,1,8,20,14,2,1,0,1,0,0,0,8,-0.2813088811622775
22230015,41,2,1,17,37,0,0,-1,0,1,1,0,8,0.18509194676596752
22230015,41,2,1,37,17,0,1,1,0,1,1,0,8,-0.18509194676596752
22230015,41,2,2,17,37,-1,1,1,0,1,1,0,8,0.18509194676596752
22230015,41,2,2,37,17,1,0,-1,0,1,1,0,8,-0.18509194676596752
22230015,41,2,3,17,37,0,0,-1,0,1,1,0,8,0.18509194676596752
22230015,41,2,3,37,17,0,1,1,0,1,1,0,8,-0.18509194676596752
22230015,41,2,4,17,37,-1,1,3,0,1,1,0,8,0.18509194676596752
22230015,41,2,4,37,17,1,0,-3,0,1,1,0,8,-0.18509194676596752
22230015,41,2,5,17,37,2,0,1,0,1,1,0,8,0.18509194676596752
22230015,41,2,5,37,17,-2,1,-1,0,1,1,0,8,-0.18509194676596752
22230015,41,2,6,17,37,3,0,-2,-1,1,0,0,8,0.18509194676596752
22230015,41,2,6,37,17,-3,1,2,1,0,1,0,8,-0.18509194676596752
22230015,41,2,7,17,37,1,1,3,1,0,0,0,8,0.18509194676596752
22230015,41,2,7,37,17,-1,0,-3,-1,0,0,0,8,-0.18509194676596752
22230015,41,2,8,17,37,4,0,-1,0,0,0,0,8,0.18509194676596752
22230015,41,2,8,37,17,-4,1,1,0,0,0,0,8,-0.18509194676596752
22230015,45,1,1,15,22,0,1,1,0,1,1,0,8,-0.6724194649109552
22230015,45,1,1,22,15,0,0,-1,0,1,1,0,8,0.6724194649109552
22230015,45,1,2,15,22,1,0,1,0,1,1,0,8,-0.6724194649109552
22230015,45,1,2,22,15,-1,1,-1,0,1,1,0,8,0.6724194649109552
22230015,45,1,3,15,22,2,0,-1,0,1,1,0,8,-0.6724194649109552
22230015,45,1,3,22,15,-2,1,1,0,1,1,0,8,0.6724194649109552
22230015,45,1,4,15,22,1,1,-1,0,1,1,0,8,-0.6724194649109552
22230015,45,1,4,22,15,-1,0,1,0,1,1,0,8,0.6724194649109552
22230015,45,1,5,15,22,0,1,-1,0,1,1,0,8,-0.6724194649109552
22230015,45,1,5,22,15,0,0,1,0,1,1,0,8,0.6724194649109552
22230015,45,1,6,15,22,-1,1,-1,0,1,1,0,8,-0.6724194649109552
22230015,45,1,6,22,15,1,0,1,0,1,1,0,8,0.6724194649109552
22230015,45,1,7,15,22,-2,1,1,1,0,1,0,8,-0.6724194649109552
22230015,45,1,7,22,15,2,0,-1,-1,1,0,0,8,0.6724194649109552
22230015,45,1,8,15,22,-1,0,-1,-1,0,0,0,8,-0.6724194649109552
22230015,45,1,8,22,15,1,1,1,1,0,0,0,8,0.6724194649109552
22230015,45,2,1,28,44,0,1,-2,0,1,1,0,8,-0.9742055764776194
22230015,45,2,1,44,28,0,0,2,0,1,1,0,8,0.9742055764776194
22230015,45,2,2,28,44,-2,1,2,0,1,1,0,8,-0.9742055764776194
22230015,45,2,2,44,28,2,0,-2,0,1,1,0,8,0.9742055764776194
22230015,45,2,3,28,44,0,0,1,0,1,1,0,8,-0.9742055764776194
22230015,45,2,3,44,28,0,1,-1,0,1,1,0,8,0.9742055764776194
22230015,45,2,4,28,44,1,0,-3,0,1,1,0,8,-0.9742055764776194
22230015,45,2,4,44,28,-1,1,3,0,1,1,0,8,0.9742055764776194
22230015,45,2,5,28,44,-2,1,1,0,1,1,0,8,-0.9742055764776194
22230015,45,2,5,44,28,2,0,-1,0,1,1,0,8,0.9742055764776194
22230015,45,2,6,28,44,-1,0,-2,0,1,1,0,8,-0.9742055764776194
22230015,45,2,6,44,28,1,1,2,0,1,1,0,8,0.9742055764776194
22230015,45,2,7,28,44,-3,1,2,1,0,1,0,8,-0.9742055764776194
22230015,45,2,7,44,28,3,0,-2,-1,1,0,0,8,0.9742055764776194
22230015,45,2,8,28,44,-1,0,-1,-1,0,0,0,8,-0.9742055764776194
22230015,45,2,8,44,28,1,1,1,1,0,0,0,8,0.9742055764776194
22230015,46,1,1,10,20,0,1,-1,0,1,1,0,8,0.350208680623743
22230015,46,1,1,20,10,0,0,1,0,1,1,0,8,-0.350208680623743
22230015,46,1,2,10,20,-1,1,1,0,1,1,0,8,0.350208680623743
22230015,46,1,2,20,10,1,0,-1,0,1,1,0,8,-0.350208680623743
22230015,46,1,3,10,20,0,0,-1,0,1,1,0,8,0.350208680623743
22230015,46,1,3,20,10,0,1,1,0,1,1,0,8,-0.350208680623743
22230015,46,1,4,10,20,-1,1,1,0,1,1,0,8,0.350208680623743
22230015,46,1,4,20,10,1,0,-1,0,1,1,0,8,-0.350208680623743
22230015,46,1,5,10,20,0,0,-1,0,1,1,0,8,0.350208680623743
22230015,46,1,5,20,10,0,1,1,0,1,1,0,8,-0.350208680623743
22230015,46,1,6,10,20,-1,1,-1,0,1,1,0,8,0.350208680623743
22230015,46,1,6,20,10,1,0,1,0,1,1,0,8,-0.350208680623743
22230015,46,1,7,10,20,-2,1,-2,1,0,1,0,8,0.350208680623743
22230015,46,1,7,20,10,2,0,2,-1,1,0,0,8,-0.350208680623743
22230015,46,1,8,10,20,-4,1,0,0,0,1,0,8,0.350208680623743
22230015,46,1,8,20,10,4,0,0,0,1,0,0,8,-0.350208680623743
22230015,46,2,1,16,17,0,1,1,0,1,1,0,8,-0.24505009902619024
22230015,46,2,1,17,16,0,0,-1,0,1,1,0,8,0.24505009902619024
22230015,46,2,2,16,17,1,0,-1,0,1,1,0,8,-0.24505009902619024
22230015,46,2,2,17,16,-1,1,1,0,1,1,0,8,0.24505009902619024
22230015,46,2,3,16,17,0,1,1,0,1,1,0,8,-0.24505009902619024
22230015,46,2,3,17,16,0,0,-1,0,1,1,0,8,0.24505009902619024
22230015,46,2,4,16,17,1,0,-1,0,1,1,0,8,-0.24505009902619024
22230015,46,2,4,17,16,-1,1,1,0,1,1,0,8,0.24505009902619024
22230015,46,2,5,16,17,0,1,1,0,1,1,0,8,-0.24505009902619024
22230015,46,2,5,17,16,0,0,-1,0,1,1,0,8,0.24505009902619024
22230015,46,2,6,16,17,1,0,-2,-1,1,0,0,8,-0.24505009902619024
22230015,46,2,6,17,16,-1,1,2,1,0,1,0,8,0.24505009902619024
22230015,46,2,7,16,17,-1,1,1,1,0,0,0,8,-0.24505009902619024
22230015,46,2,7,17,16,1,0,-1,-1,0,0,0,8,0.24505009902619024
22230015,46,2,8,16,17,0,0,1,0,0,0,0,8,-0.24505009902619024
22230015,46,2,8,17,16,0,1,-1,0,0,0,0,8,0.24505009902619024
22230015,48,1,1,10,17,0,1,-1,0,1,1,0,8,-0.005290240588943229
22230015,48,1,1,17,10,0,0,1,0,1,1,0,8,0.005290240588943229
22230015,48,1,2,10,17,-1,1,1,0,1,1,0,8,-0.005290240588943229
22230015,48,1,2,17,10,1,0,-1,0,1,1,0,8,0.005290240588943229
22230015,48,1,3,10,17,0,0,-1,0,1,1,0,8,-0.005290240588943229
22230015,48,1,3,17,10,0,1,1,0,1,1,0,8,0.005290240588943229
22230015,48,1,4,10,17,-1,1,-1,0,1,1,0,8,-0.005290240588943229
22230015,48,1,4,17,10,1,0,1,0,1,1,0,8,0.005290240588943229
22230015,48,1,5,10,17,-2,1,-1,0,1,1,0,8,-0.005290240588943229
22230015,48,1,5,17,10,2,0,1,0,1,1,0,8,0.005290240588943229
22230015,48,1,6,10,17,-3,1,1,1,0,1,0,8,-0.005290240588943229
22230015,48,1,6,17,10,3,0,-1,-1,1,0,0,8,0.005290240588943229
22230015,48,1,7,10,17,-2,0,-1,-1,0,0,0,8,-0.005290240588943229
22230015,48,1,7,17,10,2,1,1,1,0,0,0,8,0.005290240588943229
22230015,48,1,8,10,17,-3,1,-1,0,0,0,0,8,-0.005290240588943229
22230015,48,1,8,17,10,3,0,1,0,0,0,0,8,0.005290240588943229
22230015,49,1,1,16,20,0,1,-1,0,1,1,0,7,0.11044882218649599
22230015,49,1,1,20,16,0,0,1,0,1,1,0,7,-0.11044882218649599
22230015,49,1,2,16,20,-1,1,-2,0,1,1,0,7,0.11044882218649599
22230015,49,1,2,20,16,1,0,2,0,1,1,0,7,-0.11044882218649599
22230015,49,1,3,16,20,-3,1,1,0,1,1,0,7,0.11044882218649599
22230015,49,1,3,20,16,3,0,-1,0,1,1,0,7,-0.11044882218649599
22230015,49,1,4,16,20,-2,0,-2,0,1,1,0,7,0.11044882218649599
22230015,49,1,4,20,16,2,1,2,0,1,1,0,7,-0.11044882218649599
22230015,49,1,5,16,20,-4,1,-1,1,0,1,0,7,0.11044882218649599
22230015,49,1,5,20,16,4,0,1,-1,1,0,0,7,-0.11044882218649599
22230015,49,1,6,16,20,-5,1,1,0,0,1,0,7,0.11044882218649599
22230015,49,1,6,20,16,5,0,-1,0,1,0,0,7,-0.11044882218649599
22230015,49,1,7,16,20,-4,0,-2,-1,0,0,1,7,0.11044882218649599
22230015,49,1,7,20,16,4,1,2,1,0,0,1,7,-0.11044882218649599
23240026,1,1,1,11,15,0,0,1,0,1,1,0,8,0.5319282045890555
23240026,1,1,1,15,11,0,1,-1,0,1,1,0,8,-0.5319282045890555
23240026,1,1,2,11,15,1,0,-2,0,1,1,0,8,0.5319282045890555
23240026,1,1,2,15,11,-1,1,2,0,1,1,0,8,-0.5319282045890555
23240026,1,1,3,11,15,-1,1,2,0,1,1,0,8,0.5319282045890555
23240026,1,1,3,15,11,1,0,-2,0,1,1,0,8,-0.5319282045890555
23240026,1,1,4,11,15,1,0,-1,0,1,1,0,8,0.5319282045890555
23240026,1,1,4,15,11,-1,1,1,0,1,1,0,8,-0.5319282045890555
23240026,1,1,5,11,15,0,1,1,0,1,1,0,8,0.5319282045890555
23240026,1,1,5,15,11,0,0,-1,0,1,1,0,8,-0.5319282045890555
23240026,1,1,6,11,15,1,0,-1,0,1,1,0,8,0.5319282045890555
23240026,1,1,6,15,11,-1,1,1,0,1,1,0,8,-0.5319282045890555
23240026,1,1,7,11,15,0,1,-1,1,0,1,0,8,0.5319282045890555
23240026,1,1,7,15,11,0,0,1,-1,1,0,0,8,-0.5319282045890555
23240026,1,1,8,11,15,-1,1,-1,0,0,1,0,8,0.5319282045890555
23240026,1,1,8,15,11,1,0,1,0,1,0,0,8,-0.5319282045890555
23240026,1,2,1,24,34,0,0,1,0,1,1,0,8,2.7584714509367596
23240026,1,2,1,34,24,0,1,-1,0,1,1,0,8,-2.7584714509367596
23240026,1,2,2,24,34,1,0,1,0,1,1,0,8,2.7584714509367596
23240026,1,2,2,34,24,-1,1,-1,0,1,1,0,8,-2.7584714509367596
23240026,1,2,3,24,34,2,0,1,0,1,1,0,8,2.7584714509367596
23240026,1,2,3,34,24,-2,1,-1,0,1,1,0,8,-2.7584714509367596
23240026,1,2,4,24,34,3,0,-1,0,1,1,0,8,2.7584714509367596
23240026,1,2,4,34,24,-3,1,1,0,1,1,0,8,-2.7584714509367596
23240026,1,2,5,24,34,2,1,1,0,1,1,0,8,2.7584714509367596
23240026,1,2,5,34,24,-2,0,-1,0,1,1,0,8,-2.7584714509367596
23240026,1,2,6,24,34,3,0,-1,-1,1,0,0,8,2.7584714509367596
23240026,1,2,6,34,24,-3,1,1,1,0,1,0,8,-2.7584714509367596
23240026,1,2,7,24,34,2,1,1,0,1,0,0,8,2.7584714509367596
23240026,1,2,7,34,24,-2,0,-1,0,0,1,0,8,-2.7584714509367596
23240026,1,2,8,24,34,3,0,0,0,1,0,0,8,2.7584714509367596
23240026,1,2,8,34,24,-3,1,0,0,0,1,0,8,-2.7584714509367596
23240026,1,3,1,37,51,0,1,4,0,1,1,0,8,1.7230876854066803
23240026,1,3,1,51,37,0,0,-4,0,1,1,0,8,-1.7230876854066803
23240026,1,3,2,37,51,4,0,-1,0,1,1,0,8,1.7230876854066803
23240026,1,3,2,51,37,-4,1,1,0,1,1,0,8,-1.7230876854066803
23240026,1,3,3,37,51,3,1,-2,0,1,1,0,8,1.7230876854066803
23240026,1,3,3,51,37,-3,0,2,0,1,1,0,8,-1.7230876854066803
23240026,1,3,4,37,51,1,1,1,0,1,1,0,8,1.7230876854066803
23240026,1,3,4,51,37,-1,0,-1,0,1,1,0,8,-1.7230876854066803
23240026,1,3,5,37,51,2,0,-1,0,1,1,0,8,1.7230876854066803
23240026,1,3,5,51,37,-2,1,1,0,1,1,0,8,-1.7230876854066803
23240026,1,3,6,37,51,1,1,2,1,0,1,0,8,1.7230876854066803
23240026,1,3,6,51,37,-1,0,-2,-1,1,0,0,8,-1.7230876854066803
23240026,1,3,7,37,51,3,0,-1,-1,0,0,0,8,1.7230876854066803
23240026,1,3,7,51,37,-3,1,1,1,0,0,0,8,-1.7230876854066803
23240026,1,3,8,37,51,2,1,0,0,0,0,0,8,1.7230876854066803
23240026,1,3,8,51,37,-2,0,0,0,0,0,0,8,-1.7230876854066803
23240026,1,4,1,13,18,0,1,-1,0,1,1,0,8,-1.3354952737973893
23240026,1,4,1,18,13,0,0,1,0,1,1,0,8,1.3354952737973893
23240026,1,4,2,13,18,-1,1,2,0,1,1,0,8,-1.3354952737973893
23240026,1,4,2,18,13,1,0,-2,0,1,1,0,8,1.3354952737973893
23240026,1,4,3,13,18,1,0,-1,0,1,1,0,8,-1.3354952737973893
23240026,1,4,3,18,13,-1,1,1,0,1,1,0,8,1.3354952737973893
23240026,1,4,4,13,18,0,1,1,0,1,1,0,8,-1.3354952737973893
23240026,1,4,4,18,13,0,0,-1,0,1,1,0,8,1.3354952737973893
23240026,1,4,5,13,18,1,0,-3,0,1,1,0,8,-1.3354952737973893
23240026,1,4,5,18,13,-1,1,3,0,1,1,0,8,1.3354952737973893
23240026,1,4,6,13,18,-2,1,1,1,0,1,0,8,-1.3354952737973893
23240026,1,4,6,18,13,2,0,-1,-1,1,0,0,8,1.3354952737973893
23240026,1,4,7,13,18,-1,0,-3,-1,0,0,0,8,-1.3354952737973893
23240026,1,4,7,18,13,1,1,3,1,0,0,0,8,1.3354952737973893
23240026,1,4,8,13,18,-4,1,0,0,0,0,0,8,-1.3354952737973893
23240026,1,4,8,18,13,4,0,0,0,0,0,0,8,1.3354952737973893
23240026,1,5,1,16,17,0,1,1,0,1,1,0,8,-0.24505009902619024
23240026,1,5,1,17,16,0,0,-1,0,1,1,0,8,0.24505009902619024
23240026,1,5,2,16,17,1,0,1,0,1,1,0,8,-0.24505009902619024
23240026,1,5,2,17,16,-1,1,-1,0,1,1,0,8,0.24505009902619024
23240026,1,5,3,16,17,2,0,-1,0,1,1,0,8,-0.24505009902619024
23240026,1,5,3,17,16,-2,1,1,0,1,1,0,8,0.24505009902619024
23240026,1,5,4,16,17,1,1,-1,0,1,1,0,8,-0.24505009902619024
23240026,1,5,4,17,16,-1,0,1,0,1,1,0,8,0.24505009902619024
23240026,1,5,5,16,17,0,1,-1,0,1,1,0,8,-0.24505009902619024
23240026,1,5,5,17,16,0,0,1,0,1,1,0,8,0.24505009902619024
23240026,1,5,6,16,17,-1,1,2,1,0,1,0,8,-0.24505009902619024
23240026,1,5,6,17,16,1,0,-2,-1,1,0,0,8,0.24505009902619024
23240026,1,5,7,16,17,1,0,-2,-1,0,0,0,8,-0.24505009902619024
23240026,1,5,7,17,16,-1,1,2,1,0,0,0,8,0.24505009902619024
23240026,1,5,8,16,17,-1,1,2,0,0,0,0,8,-0.24505009902619024
23240026,1,5,8,17,16,1,0,-2,0,0,0,0,8,0.24505009902619024
23240026,2,1,1,14,22,0,0,-1,0,1,1,0,8,1.0946921129931788
23240026,2,1,1,22,14,0,1,1,0,1,1,0,8,-1.0946921129931788
23240026,2,1,2,14,22,-1,1,-1,0,1,1,0,8,1.0946921129931788
23240026,2,1,2,22,14,1,0,1,0,1,1,0,8,-1.0946921129931788
23240026,2,1,3,14,22,-2,1,-1,0,1,1,0,8,1.0946921129931788
23240026,2,1,3,22,14,2,0,1,0,1,1,0,8,-1.0946921129931788
23240026,2,1,4,14,22,-3,1,1,0,1,1,0,8,1.0946921129931788
23240026,2,1,4,22,14,3,0,-1,0,1,1,0,8,-1.0946921129931788
23240026,2,1,5,14,22,-2,0,2,0,1,1,0,8,1.0946921129931788
23240026,2,1,5,22,14,2,1,-2,0,1,1,0,8,-1.0946921129931788
23240026,2,1,6,14,22,0,0,1,-1,1,0,0,8,1.0946921129931788
23240026,2,1,6,22,14,0,1,-1,1,0,1,0,8,-1.0946921129931788
23240026,2,1,7,14,22,1,0,3,0,1,0,0,8,1.0946921129931788
23240026,2,1,7,22,14,-1,1,-3,0,0,1,0,8,-1.0946921129931788
23240026,2,1,8,14,22,4,0,0,0,1,0,0,8,1.0946921129931788
23240026,2,1,8,22,14,-4,1,0,0,0,1,0,8,-1.0946921129931788
23240026,2,2,1,25,43,0,1,1,0,1,1,0,8,0.1037458514695827
23240026,2,2,1,43,25,0,0,-1,0,1,1,0,8,-0.1037458514695827
23240026,2,2,2,25,43,1,0,-3,0,1,1,0,8,0.1037458514695827
23240026,2,2,2,43,25,-1,1,3,0,1,1,0,8,-0.1037458514695827
23240026,2,2,3,25,43,-2,1,1,0,1,1,0,8,0.1037458514695827
23240026,2,2,3,43,25,2,0,-1,0,1,1,0,8,-0.1037458514695827
23240026,2,2,4,25,43,-1,0,-2,0,1,1,0,8,0.1037458514695827
23240026,2,2,4,43,25,1,1,2,0,1,1,0,8,-0.1037458514695827
23240026,2,2,5,25,43,-3,1,1,0,1,1,0,8,0.1037458514695827
23240026,2,2,5,43,25,3,0,-1,0,1,1,0,8,-0.1037458514695827
23240026,2,2,6,25,43,-2,0,-1,-1,1,0,0,8,0.1037458514695827
23240026,2,2,6,43,25,2,1,1,1,0,1,0,8,-0.1037458514695827
23240026,2,2,7,25,43,-3,1,2,1,0,0,0,8,0.1037458514695827
23240026,2,2,7,43,25,3,0,-2,-1,0,0,0,8,-0.1037458514695827
23240026,2,2,8,25,43,-1,0,-3,0,0,0,0,8,0.1037458514695827
23240026,2,2,8,43,25,1,1,3,0,0,0,0,8,-0.1037458514695827
23240026,2,3,1,19,20,0,0,1,0,1,1,0,8,0.14149011722640636
23240026,2,3,1,20,19,0,1,-1,0,1,1,0,8,-0.14149011722640636
23240026,2,3,2,19,20,1,0,-1,0,1,1,0,8,0.14149011722640636
23240026,2,3,2,20,19,-1,1,1,0,1,1,0,8,-0.14149011722640636
23240026,2,3,3,19,20,0,1,-2,0,1,1,0,8,0.14149011722640636
23240026,2,3,3,20,19,0,0,2,0,1,1,0,8,-0.14149011722640636
23240026,2,3,4,19,20,-2,1,2,0,1,1,0,8,0.14149011722640636
23240026,2,3,4,20,19,2,0,-2,0,1,1,0,8,-0.14149011722640636
23240026,2,3,5,19,20,0,0,-1,0,1,1,0,8,0.14149011722640636
23240026,2,3,5,20,19,0,1,1,0,1,1,0,8,-0.14149011722640636
23240026,2,3,6,19,20,-1,1,2,1,0,1,0,8,0.14149011722640636
23240026,2,3,6,20,19,1,0,-2,-1,1,0,0,8,-0.14149011722640636
23240026,2,3,7,19,20,1,0,-1,-1,0,0,0,8,0.14149011722640636
23240026,2,3,7,20,19,-1,1,1,1,0,0,0,8,-0.14149011722640636
23240026,2,3,8,19,20,0,1,1,0,0,0,0,8,0.14149011722640636
23240026,2,3,8,20,19,0,0,-1,0,0,0,0,8,-0.14149011722640636
23240026,2,4,1,10,30,0,1,2,0,1,1,0,6,1.4415945821139156
23240026,2,4,1,30,10,0,0,-2,0,1,1,0,6,-1.4415945821139156
23240026,2,4,2,10,30,2,0,2,0,1,1,0,6,1.4415945821139156
23240026,2,4,2,30,10,-2,1,-2,0,1,1,0,6,-1.4415945821139156
23240026,2,4,3,10,30,4,0,-1,0,1,1,0,6,1.4415945821139156
23240026,2,4,3,30,10,-4,1,1,0,1,1,0,6,-1.4415945821139156
23240026,2,4,4,10,30,3,1,2,0,1,1,0,6,1.4415945821139156
23240026,2,4,4,30,10,-3,0,-2,0,1,1,0,6,-1.4415945821139156
23240026,2,4,5,10,30,5,0,1,-1,1,0,0,6,1.4415945821139156
23240026,2,4,5,30,10,-5,1,-1,1,0,1,0,6,-1.4415945821139156
23240026,2,4,6,10,30,6,0,-1,0,1,0,1,6,1.4415945821139156
23240026,2,4,6,30,10,-6,1,1,0,0,1,1,6,-1.4415945821139156
23240026,2,5,1,44,46,0,1,-1,0,1,1,0,9,-0.419623550475955
23240026,2,5,1,46,44,0,0,1,0,1,1,0,9,0.419623550475955
23240026,2,5,2,44,46,-1,1,1,0,1,1,0,9,-0.419623550475955
23240026,2,5,2,46,44,1,0,-1,0,1,1,0,9,0.419623550475955
23240026,2,5,3,44,46,0,0,-1,0,1,1,0,9,-0.419623550475955
23240026,2,5,3,46,44,0,1,1,0,1,1,0,9,0.419623550475955
23240026,2,5,4,44,46,-1,1,-2,0,1,1,0,9,-0.419623550475955
23240026,2,5,4,46,44,1,0,2,0,1,1,0,9,0.419623550475955
23240026,2,5,5,44,46,-3,1,1,0,1,1,0,9,-0.419623550475955
23240026,2,5,5,46,44,3,0,-1,0,1,1,0,9,0.419623550475955
23240026,2,5,6,44,46,-2,0,2,0,1,1,0,9,-0.419623550475955
23240026,2,5,6,46,44,2,1,-2,0,1,1,0,9,0.419623550475955
23240026,2,5,7,44,46,0,0,1,-1,1,0,0,9,-0.419623550475955
23240026,2,5,7,46,44,0,1,-1,1,0,1,0,9,0.419623550475955
23240026,2,5,8,44,46,1,0,-1,0,1,0,0,9,-0.419623550475955
23240026,2,5,8,46,44,-1,1,1,0,0,1,0,9,0.419623550475955
23240026,2,5,9,44,46,0,1,-1,0,1,0,0,9,-0.419623550475955
23240026,2,5,9,46,44,0,0,1,0,0,1,0,9,0.419623550475955
23240026,3,1,1,18,24,0,1,2,0,1,1,0,8,-1.065301640377431
23240026,3,1,1,24,18,0,0,-2,0,1,1,0,8,1.065301640377431
23240026,3,1,2,18,24,2,0,-1,0,1,1,0,8,-1.065301640377431
23240026,3,1,2,24,18,-2,1,1,0,1,1,0,8,1.065301640377431
23240026,3,1,3,18,24,1,1,1,0,1,1,0,8,-1.065301640377431
23240026,3,1,3,24,18,-1,0,-1,0,1,1,0,8,1.065301640377431
23240026,3,1,4,18,24,2,0,-1,0,1,1,0,8,-1.065301640377431
23240026,3,1,4,24,18,-2,1,1,0,1,1,0,8,1.065301640377431
23240026,3,1,5,18,24,1,1,1,0,1,1,0,8,-1.065301640377431
23240026,3,1,5,24,18,-1,0,-1,0,1,1,0,8,1.065301640377431
23240026,3,1,6,18,24,2,0,-2,-1,1,0,0,8,-1.065301640377431
23240026,3,1,6,24,18,-2,1,2,1,0,1,0,8,1.065301640377431
23240026,3,1,7,18,24,0,1,2,1,0,0,0,8,-1.065301640377431
23240026,3,1,7,24,18,0,0,-2,-1,0,0,0,8,1.065301640377431
23240026,3,1,8,18,24,2,0,2,0,0,0,0,8,-1.065301640377431
23240026,3,1,8,24,18,-2,1,-2,0,0,0,0,8,1.065301640377431
23240026,3,2,1,13,15,0,0,-2,0,1,1,0,8,-0.08065892264718011
23240026,3,2,1,15,13,0,1,2,0,1,1,0,8,0.08065892264718011
23240026,3,2,2,13,15,-2,1,-2,0,1,1,0,8,-0.08065892264718011
23240026,3,2,2,15,13,2,0,2,0,1,1,0,8,0.08065892264718011
23240026,3,2,3,13,15,-4,1,-1,0,1,1,0,8,-0.08065892264718011
23240026,3,2,3,15,13,4,0,1,0,1,1,0,8,0.08065892264718011
23240026,3,2,4,13,15,-5,1,2,1,0,1,0,8,-0.08065892264718011
23240026,3,2,4,15,13,5,0,-2,-1,1,0,0,8,0.08065892264718011
23240026,3,2,5,13,15,-3,0,-2,0,0,1,0,8,-0.08065892264718011
23240026,3,2,5,15,13,3,1,2,0,1,0,0,8,0.08065892264718011
23240026,3,2,6,13,15,-5,1,3,0,0,1,0,8,-0.08065892264718011
23240026,3,2,6,15,13,5,0,-3,0,1,0,0,8,0.08065892264718011
23240026,3,2,7,13,15,-2,0,-2,-1,0,0,0,8,-0.08065892264718011
23240026,3,2,7,15,13,2,1,2,1,0,0,0,8,0.08065892264718011
23240026,3,2,8,13,15,-4,1,0,0,0,0,0,8,-0.08065892264718011
23240026,3,2,8,15,13,4,0,0,0,0,0,0,8,0.08065892264718011
23240026,3,3,1,11,17,0,0,-1,0,1,1,0,8,-1.309373413365487
23240026,3,3,1,17,11,0,1,1,0,1,1,0,8,1.309373413365487
23240026,3,3,2,11,17,-1,1,3,0,1,1,0,8,-1.309373413365487
23240026,3,3,2,17,11,1,0,-3,0,1,1,0,8,1.309373413365487
23240026,3,3,3,11,17,2,0,-1,0,1,1,0,8,-1.309373413365487
23240026,3,3,3,17,11,-2,1,1,0,1,1,0,8,1.309373413365487
23240026,3,3,4,11,17,1,1,2,0,1,1,0,8,-1.309373413365487
23240026,3,3,4,17,11,-1,0,-2,0,1,1,0,8,1.309373413365487
23240026,3,3,5,11,17,3,0,-3,-1,1,0,0,8,-1.309373413365487
23240026,3,3,5,17,11,-3,1,3,1,0,1,0,8,1.309373413365487
23240026,3,3,6,11,17,0,1,1,1,0,0,0,8,-1.309373413365487
23240026,3,3,6,17,11,0,0,-1,-1,0,0,0,8,1.309373413365487
23240026,3,3,7,11,17,1,0,-1,0,0,0,0,8,-1.309373413365487
23240026,3,3,7,17,11,-1,1,1,0,0,0,0,8,1.309373413365487
23240026,3,3,8,11,17,0,1,1,0,0,0,0,8,-1.309373413365487
23240026,3,3,8,17,11,0,0,-1,0,0,0,0,8,1.309373413365487
23240026,3,4,1,16,37,0,0,-2,0,1,1,0,8,-0.05995815226022272
23240026,3,4,1,37,16,0,1,2,0,1,1,0,8,0.05995815226022272
23240026,3,4,2,16,37,-2,1,1,0,1,1,0,8,-0.05995815226022272
23240026,3,4,2,37,16,2,0,-1,0,1,1,0,8,0.05995815226022272
23240026,3,4,3,16,37,-1,0,1,0,1,1,0,8,-0.05995815226022272
23240026,3,4,3,37,16,1,1,-1,0,1,1,0,8,0.05995815226022272
23240026,3,4,4,16,37,0,0,-1,0,1,1,0,8,-0.05995815226022272
23240026,3,4,4,37,16,0,1,1,0,1,1,0,8,0.05995815226022272
23240026,3,4,5,16,37,-1,1,2,0,1,1,0,8,-0.05995815226022272
23240026,3,4,5,37,16,1,0,-2,0,1,1,0,8,0.05995815226022272
23240026,3,4,6,16,37,1,0,-1,-1,1,0,0,8,-0.05995815226022272
23240026,3,4,6,37,16,-1,1,1,1,0,1,0,8,0.05995815226022272
23240026,3,4,7,16,37,0,1,-2,1,0,0,0,8,-0.05995815226022272
23240026,3,4,7,37,16,0,0,2,-1,0,0,0,8,0.05995815226022272
23240026,3,4,8,16,37,-2,1,-1,0,0,0,0,8,-0.05995815226022272
23240026,3,4,8,37,16,2,0,1,0,0,0,0,8,0.05995815226022272
23240026,3,5,1,34,51,0,1,-1,0,1,1,0,8,-0.37145544519101426
23240026,3,5,1,51,34,0,0,1,0,1,1,0,8,0.37145544519101426
23240026,3,5,2,34,51,-1,1,1,0,1,1,0,8,-0.37145544519101426
23240026,3,5,2,51,34,1,0,-1,0,1,1,0,8,0.37145544519101426
23240026,3,5,3,34,51,0,0,1,0,1,1,0,8,-0.37145544519101426
23240026,3,5,3,51,34,0,1,-1,0,1,1,0,8,0.37145544519101426
23240026,3,5,4,34,51,1,0,-2,0,1,1,0,8,-0.37145544519101426
23240026,3,5,4,51,34,-1,1,2,0,1,1,0,8,0.37145544519101426
23240026,3,5,5,34,51,-1,1,-1,0,1,1,0,8,-0.37145544519101426
23240026,3,5,5,51,34,1,0,1,0,1,1,0,8,0.37145544519101426
23240026,3,5,6,34,51,-2,1,1,1,0,1,0,8,-0.37145544519101426
23240026,3,5,6,51,34,2,0,-1,-1,1,0,0,8,0.37145544519101426
23240026,3,5,7,34,51,-1,0,-3,-1,0,0,0,8,-0.37145544519101426
23240026,3,5,7,51,34,1,1,3,1,0,0,0,8,0.37145544519101426
23240026,3,5,8,34,51,-4,1,0,0,0,0,0,8,-0.37145544519101426
23240026,3,5,8,51,34,4,0,0,0,0,0,0,8,0.37145544519101426
23240026,4,1,1,25,30,0,1,-1,0,1,1,0,7,-0.13407619701023915
23240026,4,1,1,30,25,0,0,1,0,1,1,0,7,0.13407619701023915
23240026,4,1,2,25,30,-1,1,2,0,1,1,0,7,-0.13407619701023915
23240026,4,1,2,30,25,1,0,-2,0,1,1,0,7,0.13407619701023915
23240026,4,1,3,25,30,1,0,1,0,1,1,0,7,-0.13407619701023915
23240026,4,1,3,30,25,-1,1,-1,0,1,1,0,7,0.13407619701023915
23240026,4,1,4,25,30,2,0,1,0,1,1,0,7,-0.13407619701023915
23240026,4,1,4,30,25,-2,1,-1,0,1,1,0,7,0.13407619701023915
23240026,4,1,5,25,30,3,0,1,0,1,1,0,7,-0.13407619701023915
23240026,4,1,5,30,25,-3,1,-1,0,1,1,0,7,0.13407619701023915
23240026,4,1,6,25,30,4,0,1,-1,1,0,0,7,-0.13407619701023915
23240026,4,1,6,30,25,-4,1,-1,1,0,1,0,7,0.13407619701023915
23240026,4,1,7,25,30,5,0,-1,0,1,0,1,7,-0.13407619701023915
23240026,4,1,7,30,25,-5,1,1,0,0,1,1,7,0.13407619701023915
23240026,4,2,1,10,22,0,0,2,0,1,1,0,6,1.1635919124546443
23240026,4,2,1,22,10,0,1,-2,0,1,1,0,6,-1.1635919124546443
23240026,4,2,2,10,22,2,0,-1,0,1,1,0,6,1.1635919124546443
23240026,4,2,2,22,10,-2,1,1,0,1,1,0,6,-1.1635919124546443
23240026,4,2,3,10,22,1,1,4,0,1,1,0,6,1.1635919124546443
23240026,4,2,3,22,10,-1,0,-4,0,1,1,0,6,-1.1635919124546443
23240026,4,2,4,10,22,5,0,-1,-1,1,0,0,6,1.1635919124546443
23240026,4,2,4,22,10,-5,1,1,1,0,1,0,6,-1.1635919124546443
23240026,4,2,5,10,22,4,1,-1,0,1,0,0,6,1.1635919124546443
23240026,4,2,5,22,10,-4,0,1,0,0,1,0,6,-1.1635919124546443
23240026,4,2,6,10,22,3,1,2,0,1,0,1,6,1.1635919124546443
23240026,4,2,6,22,10,-3,0,-2,0,0,1,1,6,-1.1635919124546443
23240026,4,3,1,14,44,0,1,-1,0,1,1,0,8,1.059237285909441
23240026,4,3,1,44,14,0,0,1,0,1,1,0,8,-1.059237285909441
23240026,4,3,2,14,44,-1,1,-1,0,1,1,0,8,1.059237285909441
23240026,4,3,2,44,14,1,0,1,0,1,1,0,8,-1.059237285909441
23240026,4,3,3,14,44,-2,1,-1,0,1,1,0,8,1.059237285909441
23240026,4,3,3,44,14,2,0,1,0,1,1,0,8,-1.059237285909441
23240026,4,3,4,14,44,-3,1,1,0,1,1,0,8,1.059237285909441
23240026,4,3,4,44,14,3,0,-1,0,1,1,0,8,-1.059237285909441
23240026,4,3,5,14,44,-2,0,-1,0,1,1,0,8,1.059237285909441
23240026,4,3,5,44,14,2,1,1,0,1,1,0,8,-1.059237285909441
23240026,4,3,6,14,44,-3,1,3,1,0,1,0,8,1.059237285909441
23240026,4,3,6,44,14,3,0,-3,-1,1,0,0,8,-1.059237285909441
23240026,4,3,7,14,44,0,0,-2,-1,0,0,0,8,1.059237285909441
23240026,4,3,7,44,14,0,1,2,1,0,0,0,8,-1.059237285909441
23240026,4,3,8,14,44,-2,1,0,0,0,0,0,8,1.059237285909441
23240026,4,3,8,44,14,2,0,0,0,0,0,0,8,-1.059237285909441
23240026,4,4,1,20,46,0,0,1,0,1,1,0,8,0.35830485427120845
23240026,4,4,1,46,20,0,1,-1,0,1,1,0,8,-0.35830485427120845
23240026,4,4,2,20,46,1,0,-2,0,1,1,0,8,0.35830485427120845
23240026,4,4,2,46,20,-1,1,2,0,1,1,0,8,-0.35830485427120845
23240026,4,4,3,20,46,-1,1,1,0,1,1,0,8,0.35830485427120845
23240026,4,4,3,46,20,1,0,-1,0,1,1,0,8,-0.35830485427120845
23240026,4,4,4,20,46,0,0,2,0,1,1,0,8,0.35830485427120845
23240026,4,4,4,46,20,0,1,-2,0,1,1,0,8,-0.35830485427120845
23240026,4,4,5,20,46,2,0,-2,0,1,1,0,8,0.35830485427120845
23240026,4,4,5,46,20,-2,1,2,0,1,1,0,8,-0.35830485427120845
23240026,4,4,6,20,46,0,1,4,1,0,1,0,8,0.35830485427120845
23240026,4,4,6,46,20,0,0,-4,-1,1,0,0,8,-0.35830485427120845
23240026,4,4,7,20,46,4,0,-2,-1,0,0,0,8,0.35830485427120845
23240026,4,4,7,46,20,-4,1,2,1,0,0,0,8,-0.35830485427120845
23240026,4,4,8,20,46,2,1,-1,0,0,0,0,8,0.35830485427120845
23240026,4,4,8,46,20,-2,0,1,0,0,0,0,8,-0.35830485427120845
23240026,4,5,1,19,43,0,1,1,0,1,1,0,6,1.470698067196401
23240026,4,5,1,43,19,0,0,-1,0,1,1,0,6,-1.470698067196401
23240026,4,5,2,19,43,1,0,4,0,1,1,0,6,1.470698067196401
23240026,4,5,2,43,19,-1,1,-4,0,1,1,0,6,-1.470698067196401
23240026,4,5,3,19,43,5,0,-3,0,1,1,0,6,1.470698067196401
23240026,4,5,3,43,19,-5,1,3,0,1,1,0,6,-1.470698067196401
23240026,4,5,4,19,43,2,1,2,0,1,1,0,6,1.470698067196401
23240026,4,5,4,43,19,-2,0,-2,0,1,1,0,6,-1.470698067196401
23240026,4,5,5,19,43,4,0,1,0,1,1,0,6,1.470698067196401
23240026,4,5,5,43,19,-4,1,-1,0,1,1,0,6,-1.470698067196401
23240026,4,5,6,19,43,5,0,1,0,1,1,1,6,1.470698067196401
23240026,4,5,6,43,19,-5,1,-1,0,1,1,1,6,-1.470698067196401
23240026,5,1,1,34,37,0,0,-4,0,1,1,0,6,-2.0945431305976947
23240026,5,1,1,37,34,0,1,4,0,1,1,0,6,2.0945431305976947
23240026,5,1,2,34,37,-4,1,1,0,1,1,0,6,-2.0945431305976947
23240026,5,1,2,37,34,4,0,-1,0,1,1,0,6,2.0945431305976947
23240026,5,1,3,34,37,-3,0,0,0,1,1,0,6,-2.0945431305976947
23240026,5,1,3,37,34,3,1,0,0,1,1,0,6,2.0945431305976947
23240026,5,1,4,34,37,-3,1,1,0,1,1,0,6,-2.0945431305976947
23240026,5,1,4,37,34,3,0,-1,0,1,1,0,6,2.0945431305976947
23240026,5,1,5,34,37,-2,0,-2,0,1,1,0,6,-2.0945431305976947
23240026,5,1,5,37,34,2,1,2,0,1,1,0,6,2.0945431305976947
23240026,5,1,6,34,37,-4,1,-4,1,0,1,1,6,-2.0945431305976947
23240026,5,1,6,37,34,4,0,4,-1,1,0,1,6,2.0945431305976947
23240026,5,2,1,11,16,0,0,1,0,1,1,0,7,-1.0643233143392967
23240026,5,2,1,16,11,0,1,-1,0,1,1,0,7,1.0643233143392967
23240026,5,2,2,11,16,1,0,-1,0,1,1,0,7,-1.0643233143392967
23240026,5,2,2,16,11,-1,1,1,0,1,1,0,7,1.0643233143392967
23240026,5,2,3,11,16,0,1,1,0,1,1,0,7,-1.0643233143392967
23240026,5,2,3,16,11,0,0,-1,0,1,1,0,7,1.0643233143392967
23240026,5,2,4,11,16,1,0,-2,0,1,1,0,7,-1.0643233143392967
23240026,5,2,4,16,11,-1,1,2,0,1,1,0,7,1.0643233143392967
23240026,5,2,5,11,16,-1,1,-1,0,1,1,0,7,-1.0643233143392967
23240026,5,2,5,16,11,1,0,1,0,1,1,0,7,1.0643233143392967
23240026,5,2,6,11,16,-2,1,1,1,0,1,0,7,-1.0643233143392967
23240026,5,2,6,16,11,2,0,-1,-1,1,0,0,7,1.0643233143392967
23240026,5,2,7,11,16,-1,0,-4,-1,0,0,1,7,-1.0643233143392967
23240026,5,2,7,16,11,1,1,4,1,0,0,1,7,1.0643233143392967
23240026,5,3,1,15,18,0,0,-4,0,1,1,0,7,-1.2548363511502092
23240026,5,3,1,18,15,0,1,4,0,1,1,0,7,1.2548363511502092
23240026,5,3,2,15,18,-4,1,-1,0,1,1,0,7,-1.2548363511502092
23240026,5,3,2,18,15,4,0,1,0,1,1,0,7,1.2548363511502092
23240026,5,3,3,15,18,-5,1,-1,0,1,1,0,7,-1.2548363511502092
23240026,5,3,3,18,15,5,0,1,0,1,1,0,7,1.2548363511502092
23240026,5,3,4,15,18,-6,1,1,0,1,1,0,7,-1.2548363511502092
23240026,5,3,4,18,15,6,0,-1,0,1,1,0,7,1.2548363511502092
23240026,5,3,5,15,18,-5,0,2,0,1,1,0,7,-1.2548363511502092
23240026,5,3,5,18,15,5,1,-2,0,1,1,0,7,1.2548363511502092
23240026,5,3,6,15,18,-3,0,-1,0,1,1,0,7,-1.2548363511502092
23240026,5,3,6,18,15,3,1,1,0,1,1,0,7,1.2548363511502092
23240026,5,3,7,15,18,-4,1,-2,1,0,1,1,7,-1.2548363511502092
23240026,5,3,7,18,15,4,0,2,-1,1,0,1,7,1.2548363511502092
23240026,5,4,1,17,51,0,1,0,0,1,1,0,8,1.908179632172648
23240026,5,4,1,51,17,0,0,0,0,1,1,0,8,-1.908179632172648
23240026,5,4,2,17,51,0,0,3,0,1,1,0,8,1.908179632172648
23240026,5,4,2,51,17,0,1,-3,0,1,1,0,8,-1.908179632172648
23240026,5,4,3,17,51,3,0,-1,0,1,1,0,8,1.908179632172648
23240026,5,4,3,51,17,-3,1,1,0,1,1,0,8,-1.908179632172648
23240026,5,4,4,17,51,2,1,-1,0,1,1,0,8,1.908179632172648
23240026,5,4,4,51,17,-2,0,1,0,1,1,0,8,-1.908179632172648
23240026,5,4,5,17,51,1,1,1,0,1,1,0,8,1.908179632172648
23240026,5,4,5,51,17,-1,0,-1,0,1,1,0,8,-1.908179632172648
23240026,5,4,6,17,51,2,0,-2,-1,1,0,0,8,1.908179632172648
23240026,5,4,6,51,17,-2,1,2,1,0,1,0,8,-1.908179632172648
23240026,5,4,7,17,51,0,1,2,1,0,0,0,8,1.908179632172648
23240026,5,4,7,51,17,0,0,-2,-1,0,0,0,8,-1.908179632172648
23240026,5,4,8,17,51,2,0,-1,0,0,0,0,8,1.908179632172648
23240026,5,4,8,51,17,-2,1,1,0,0,0,0,8,-1.908179632172648
23240026,5,5,1,13,24,0,1,3,0,1,1,0,8,-2.40079691417482
23240026,5,5,1,24,13,0,0,-3,0,1,1,0,8,2.40079691417482
23240026,5,5,2,13,24,3,0,-5,0,1,1,0,8,-2.40079691417482
23240026,5,5,2,24,13,-3,1,5,0,1,1,0,8,2.40079691417482
23240026,5,5,3,13,24,-2,1,-1,0,1,1,0,8,-2.40079691417482
23240026,5,5,3,24,13,2,0,1,0,1,1,0,8,2.40079691417482
23240026,5,5,4,13,24,-3,1,-1,0,1,1,0,8,-2.40079691417482
23240026,5,5,4,24,13,3,0,1,0,1,1,0,8,2.40079691417482
23240026,5,5,5,13,24,-4,1,3,1,0,1,0,8,-2.40079691417482
23240026,5,5,5,24,13,4,0,-3,-1,1,0,0,8,2.40079691417482
23240026,5,5,6,13,24,-1,0,-2,0,0,1,0,8,-2.40079691417482
23240026,5,5,6,24,13,1,1,2,0,1,0,0,8,2.40079691417482
23240026,5,5,7,13,24,-3,1,-1,0,0,1,0,8,-2.40079691417482
23240026,5,5,7,24,13,3,0,1,0,1,0,0,8,2.40079691417482
23240026,5,5,8,13,24,-4,1,0,0,0,1,0,8,-2.40079691417482
23240026,5,5,8,24,13,4,0,0,0,1,0,0,8,2.40079691417482
23240026,6,1,1,20,43,0,0,-1,0,1,1,0,8,1.3292079499699945
23240026,6,1,1,43,20,0,1,1,0,1,1,0,8,-1.3292079499699945
23240026,6,1,2,20,43,-1,1,-1,0,1,1,0,8,1.3292079499699945
23240026,6,1,2,43,20,1,0,1,0,1,1,0,8,-1.3292079499699945
23240026,6,1,3,20,43,-2,1,1,0,1,1,0,8,1.3292079499699945
23240026,6,1,3,43,20,2,0,-1,0,1,1,0,8,-1.3292079499699945
23240026,6,1,4,20,43,-1,0,-3,0,1,1,0,8,1.3292079499699945
23240026,6,1,4,43,20,1,1,3,0,1,1,0,8,-1.3292079499699945
23240026,6,1,5,20,43,-4,1,3,1,0,1,0,8,1.3292079499699945
23240026,6,1,5,43,20,4,0,-3,-1,1,0,0,8,-1.3292079499699945
23240026,6,1,6,20,43,-1,0,-1,-1,0,0,0,8,1.3292079499699945
23240026,6,1,6,43,20,1,1,1,1,0,0,0,8,-1.3292079499699945
23240026,6,1,7,20,43,-2,1,3,0,0,0,0,8,1.3292079499699945
23240026,6,1,7,43,20,2,0,-3,0,0,0,0,8,-1.3292079499699945
23240026,6,1,8,20,43,1,0,1,0,0,0,0,8,1.3292079499699945
23240026,6,1,8,43,20,-1,1,-1,0,0,0,0,8,-1.3292079499699945
23240026,6,2,1,14,46,0,1,1,0,1,1,0,9,0.6396137354334859
23240026,6,2,1,46,14,0,0,-1,0,1,1,0,9,-0.6396137354334859
23240026,6,2,2,14,46,1,0,-1,0,1,1,0,9,0.6396137354334859
23240026,6,2,2,46,14,-1,1,1,0,1,1,0,9,-0.6396137354334859
23240026,6,2,3,14,46,0,1,-1,0,1,1,0,9,0.6396137354334859
23240026,6,2,3,46,14,0,0,1,0,1,1,0,9,-0.6396137354334859
23240026,6,2,4,14,46,-1,1,1,0,1,1,0,9,0.6396137354334859
23240026,6,2,4,46,14,1,0,-1,0,1,1,0,9,-0.6396137354334859
23240026,6,2,5,14,46,0,0,-1,0,1,1,0,9,0.6396137354334859
23240026,6,2,5,46,14,0,1,1,0,1,1,0,9,-0.6396137354334859
23240026,6,2,6,14,46,-1,1,1,0,1,1,0,9,0.6396137354334859
23240026,6,2,6,46,14,1,0,-1,0,1,1,0,9,-0.6396137354334859
23240026,6,2,7,14,46,0,0,2,-1,1,0,0,9,0.6396137354334859
23240026,6,2,7,46,14,0,1,-2,1,0,1,0,9,-0.6396137354334859
23240026,6,2,8,14,46,2,0,-2,0,1,0,0,9,0.6396137354334859
23240026,6,2,8,46,14,-2,1,2,0,0,1,0,9,-0.6396137354334859
23240026,6,2,9,14,46,0,1,2,0,1,0,0,9,0.6396137354334859
23240026,6,2,9,46,14,0,0,-2,0,0,1,0,9,-0.6396137354334859
23240026,6,3,1,22,30,0,1,3,0,1,1,0,8,0.27800266965927134
23240026,6,3,1,30,22,0,0,-3,0,1,1,0,8,-0.27800266965927134
23240026,6,3,2,22,30,3,0,-2,0,1,1,0,8,0.27800266965927134
23240026,6,3,2,30,22,-3,1,2,0,1,1,0,8,-0.27800266965927134
23240026,6,3,3,22,30,1,1,-1,0,1,1,0,8,0.27800266965927134
23240026,6,3,3,30,22,-1,0,1,0,1,1,0,8,-0.27800266965927134
23240026,6,3,4,22,30,0,1,1,0,1,1,0,8,0.27800266965927134
23240026,6,3,4,30,22,0,0,-1,0,1,1,0,8,-0.27800266965927134
23240026,6,3,5,22,30,1,0,1,0,1,1,0,8,0.27800266965927134
23240026,6,3,5,30,22,-1,1,-1,0,1,1,0,8,-0.27800266965927134
23240026,6,3,6,22,30,2,0,-1,-1,1,0,0,8,0.27800266965927134
23240026,6,3,6,30,22,-2,1,1,1,0,1,0,8,-0.27800266965927134
23240026,6,3,7,22,30,1,1,-2,0,1,0,0,8,0.27800266965927134
23240026,6,3,7,30,22,-1,0,2,0,0,1,0,8,-0.27800266965927134
23240026,6,3,8,22,30,-1,1,3,1,0,0,0,8,0.27800266965927134
23240026,6,3,8,30,22,1,0,-3,-1,0,0,0,8,-0.27800266965927134
23240026,6,4,1,19,44,0,1,1,0,1,1,0,8,0.9194185219735699
23240026,6,4,1,44,19,0,0,-1,0,1,1,0,8,-0.9194185219735699
23240026,6,4,2,19,44,1,0,1,0,1,1,0,8,0.9194185219735699
23240026,6,4,2,44,19,-1,1,-1,0,1,1,0,8,-0.9194185219735699
23240026,6,4,3,19,44,2,0,-1,0,1,1,0,8,0.9194185219735699
23240026,6,4,3,44,19,-2,1,1,0,1,1,0,8,-0.9194185219735699
23240026,6,4,4,19,44,1,1,-1,0,1,1,0,8,0.9194185219735699
23240026,6,4,4,44,19,-1,0,1,0,1,1,0,8,-0.9194185219735699
23240026,6,4,5,19,44,0,1,3,0,1,1,0,8,0.9194185219735699
23240026,6,4,5,44,19,0,0,-3,0,1,1,0,8,-0.9194185219735699
23240026,6,4,6,19,44,3,0,-3,-1,1,0,0,8,0.9194185219735699
23240026,6,4,6,44,19,-3,1,3,1,0,1,0,8,-0.9194185219735699
23240026,6,4,7,19,44,0,1,3,1,0,0,0,8,0.9194185219735699
23240026,6,4,7,44,19,0,0,-3,-1,0,0,0,8,-0.9194185219735699
23240026,6,4,8,19,44,3,0,0,0,0,0,0,8,0.9194185219735699
23240026,6,4,8,44,19,-3,1,0,0,0,0,0,8,-0.9194185219735699
23240026,6,5,1,10,25,0,1,2,0,1,1,0,6,1.5756707791241547
23240026,6,5,1,25,10,0,0,-2,0,1,1,0,6,-1.5756707791241547
23240026,6,5,2,10,25,2,0,2,0,1,1,0,6,1.5756707791241547
23240026,6,5,2,25,10,-2,1,-2,0,1,1,0,6,-1.5756707791241547
23240026,6,5,3,10,25,4,0,2,0,1,1,0,6,1.5756707791241547
23240026,6,5,3,25,10,-4,1,-2,0,1,1,0,6,-1.5756707791241547
23240026,6,5,4,10,25,6,0,3,-1,1,0,0,6,1.5756707791241547
23240026,6,5,4,25,10,-6,1,-3,1,0,1,0,6,-1.5756707791241547
23240026,6,5,5,10,25,9,0,1,0,1,0,0,6,1.5756707791241547
23240026,6,5,5,25,10,-9,1,-1,0,0,1,0,6,-1.5756707791241547
23240026,6,5,6,10,25,10,0,1,0,1,0,1,6,1.5756707791241547
23240026,6,5,6,25,10,-10,1,-1,0,0,1,1,6,-1.5756707791241547
23240026,7,1,1,13,17,0,1,1,0,1,1,0,7,-1.9219605406017228
23240026,7,1,1,17,13,0,0,-1,0,1,1,0,7,1.9219605406017228
23240026,7,1,2,13,17,1,0,-1,0,1,1,0,7,-1.9219605406017228
23240026,7,1,2,17,13,-1,1,1,0,1,1,0,7,1.9219605406017228
23240026,7,1,3,13,17,0,1,-1,0,1,1,0,7,-1.9219605406017228
23240026,7,1,3,17,13,0,0,1,0,1,1,0,7,1.9219605406017228
23240026,7,1,4,13,17,-1,1,-1,0,1,1,0,7,-1.9219605406017228
23240026,7,1,4,17,13,1,0,1,0,1,1,0,7,1.9219605406017228
23240026,7,1,5,13,17,-2,1,-2,0,1,1,0,7,-1.9219605406017228
23240026,7,1,5,17,13,2,0,2,0,1,1,0,7,1.9219605406017228
23240026,7,1,6,13,17,-4,1,-3,1,0,1,0,7,-1.9219605406017228
23240026,7,1,6,17,13,4,0,3,-1,1,0,0,7,1.9219605406017228
23240026,7,1,7,13,17,-7,1,1,0,0,1,1,7,-1.9219605406017228
23240026,7,1,7,17,13,7,0,-1,0,1,0,1,7,1.9219605406017228
23240026,7,2,1,18,51,0,1,3,0,1,1,0,6,1.3217143653683145
23240026,7,2,1,51,18,0,0,-3,0,1,1,0,6,-1.3217143653683145
23240026,7,2,2,18,51,3,0,2,0,1,1,0,6,1.3217143653683145
23240026,7,2,2,51,18,-3,1,-2,0,1,1,0,6,-1.3217143653683145
23240026,7,2,3,18,51,5,0,2,-1,1,0,0,6,1.3217143653683145
23240026,7,2,3,51,18,-5,1,-2,1,0,1,0,6,-1.3217143653683145
23240026,7,2,4,18,51,7,0,-1,0,1,0,0,6,1.3217143653683145
23240026,7,2,4,51,18,-7,1,1,0,0,1,0,6,-1.3217143653683145
23240026,7,2,5,18,51,6,1,3,0,1,0,0,6,1.3217143653683145
23240026,7,2,5,51,18,-6,0,-3,0,0,1,0,6,-1.3217143653683145
23240026,7,2,6,18,51,9,0,-2,0,1,0,1,6,1.3217143653683145
23240026,7,2,6,51,18,-9,1,2,0,0,1,1,6,-1.3217143653683145
23240026,7,3,1,16,24,0,1,-1,0,1,1,0,7,-0.7238864725992876
23240026,7,3,1,24,16,0,0,1,0,1,1,0,7,0.7238864725992876
23240026,7,3,2,16,24,-1,1,-1,0,1,1,0,7,-0.7238864725992876
23240026,7,3,2,24,16,1,0,1,0,1,1,0,7,0.7238864725992876
23240026,7,3,3,16,24,-2,1,1,0,1,1,0,7,-0.7238864725992876
23240026,7,3,3,24,16,2,0,-1,0,1,1,0,7,0.7238864725992876
23240026,7,3,4,16,24,-1,0,-2,0,1,1,0,7,-0.7238864725992876
23240026,7,3,4,24,16,1,1,2,0,1,1,0,7,0.7238864725992876
23240026,7,3,5,16,24,-3,1,-1,1,0,1,0,7,-0.7238864725992876
23240026,7,3,5,24,16,3,0,1,-1,1,0,0,7,0.7238864725992876
23240026,7,3,6,16,24,-4,1,1,0,0,1,0,7,-0.7238864725992876
23240026,7,3,6,24,16,4,0,-1,0,1,0,0,7,0.7238864725992876
23240026,7,3,7,16,24,-3,0,-3,0,0,1,1,7,-0.7238864725992876
23240026,7,3,7,24,16,3,1,3,0,1,0,1,7,0.7238864725992876
23240026,7,4,1,11,37,0,0,-2,0,1,1,0,9,-1.1242814665995196
23240026,7,4,1,37,11,0,1,2,0,1,1,0,9,1.1242814665995196
23240026,7,4,2,11,37,-2,1,2,0,1,1,0,9,-1.1242814665995196
23240026,7,4,2,37,11,2,0,-2,0,1,1,0,9,1.1242814665995196
23240026,7,4,3,11,37,0,0,-1,0,1,1,0,9,-1.1242814665995196
23240026,7,4,3,37,11,0,1,1,0,1,1,0,9,1.1242814665995196
23240026,7,4,4,11,37,-1,1,1,0,1,1,0,9,-1.1242814665995196
23240026,7,4,4,37,11,1,0,-1,0,1,1,0,9,1.1242814665995196
23240026,7,4,5,11,37,0,0,-4,0,1,1,0,9,-1.1242814665995196
23240026,7,4,5,37,11,0,1,4,0,1,1,0,9,1.1242814665995196
23240026,7,4,6,11,37,-4,1,2,1,0,1,0,9,-1.1242814665995196
23240026,7,4,6,37,11,4,0,-2,-1,1,0,0,9,1.1242814665995196
23240026,7,4,7,11,37,-2,0,1,-1,0,0,0,9,-1.1242814665995196
23240026,7,4,7,37,11,2,1,-1,1,0,0,0,9,1.1242814665995196
23240026,7,4,8,11,37,-1,0,1,0,0,0,0,9,-1.1242814665995196
23240026,7,4,8,37,11,1,1,-1,0,0,0,0,9,1.1242814665995196
23240026,7,4,9,11,37,0,0,1,0,0,0,0,9,-1.1242814665995196
23240026,7,4,9,37,11,0,1,-1,0,0,0,0,9,1.1242814665995196
23240026,7,5,1,15,34,0,1,2,0,1,1,0,8,0.4383334594091196
23240026,7,5,1,34,15,0,0,-2,0,1,1,0,8,-0.4383334594091196
23240026,7,5,2,15,34,2,0,-1,0,1,1,0,8,0.4383334594091196
23240026,7,5,2,34,15,-2,1,1,0,1,1,0,8,-0.4383334594091196
23240026,7,5,3,15,34,1,1,2,0,1,1,0,8,0.4383334594091196
23240026,7,5,3,34,15,-1,0,-2,0,1,1,0,8,-0.4383334594091196
23240026,7,5,4,15,34,3,0,-1,0,1,1,0,8,0.4383334594091196
23240026,7,5,4,34,15,-3,1,1,0,1,1,0,8,-0.4383334594091196
23240026,7,5,5,15,34,2,1,2,0,1,1,0,8,0.4383334594091196
23240026,7,5,5,34,15,-2,0,-2,0,1,1,0,8,-0.4383334594091196
23240026,7,5,6,15,34,4,0,-1,-1,1,0,0,8,0.4383334594091196
23240026,7,5,6,34,15,-4,1,1,1,0,1,0,8,-0.4383334594091196
23240026,7,5,7,15,34,3,1,1,1,0,0,0,8,0.4383334594091196
23240026,7,5,7,34,15,-3,0,-1,-1,0,0,0,8,-0.4383334594091196
23240026,7,5,8,15,34,4,0,-1,0,0,0,0,8,0.4383334594091196
23240026,7,5,8,34,15,-4,1,1,0,0,0,0,8,-0.4383334594091196
23240026,8,1,1,10,44,0,0,-1,0,1,1,0,8,1.1281370853709065
23240026,8,1,1,44,10,0,1,1,0,1,1,0,8,-1.1281370853709065
23240026,8,1,2,10,44,-1,1,-1,0,1,1,0,8,1.1281370853709065
23240026,8,1,2,44,10,1,0,1,0,1,1,0,8,-1.1281370853709065
23240026,8,1,3,10,44,-2,1,-1,0,1,1,0,8,1.1281370853709065
23240026,8,1,3,44,10,2,0,1,0,1,1,0,8,-1.1281370853709065
23240026,8,1,4,10,44,-3,1,3,0,1,1,0,8,1.1281370853709065
23240026,8,1,4,44,10,3,0,-3,0,1,1,0,8,-1.1281370853709065
23240026,8,1,5,10,44,0,0,2,0,1,1,0,8,1.1281370853709065
23240026,8,1,5,44,10,0,1,-2,0,1,1,0,8,-1.1281370853709065
23240026,8,1,6,10,44,2,0,-1,0,1,1,0,8,1.1281370853709065
23240026,8,1,6,44,10,-2,1,1,0,1,1,0,8,-1.1281370853709065
23240026,8,1,7,10,44,1,1,1,1,0,1,0,8,1.1281370853709065
23240026,8,1,7,44,10,-1,0,-1,-1,1,0,0,8,-1.1281370853709065
23240026,8,1,8,10,44,2,0,0,-1,0,0,0,8,1.1281370853709065
23240026,8,1,8,44,10,-2,1,0,1,0,0,0,8,-1.1281370853709065
23240026,8,2,1,19,30,0,1,1,0,1,1,0,6,1.232876018716579
23240026,8,2,1,30,19,0,0,-1,0,1,1,0,6,-1.232876018716579
23240026,8,2,2,19,30,1,0,3,0,1,1,0,6,1.232876018716579
23240026,8,2,2,30,19,-1,1,-3,0,1,1,0,6,-1.232876018716579
23240026,8,2,3,19,30,4,0,1,0,1,1,0,6,1.232876018716579
23240026,8,2,3,30,19,-4,1,-1,0,1,1,0,6,-1.232876018716579
23240026,8,2,4,19,30,5,0,-1,-1,1,0,0,6,1.232876018716579
23240026,8,2,4,30,19,-5,1,1,1,0,1,0,6,-1.232876018716579
23240026,8,2,5,19,30,4,1,1,0,1,0,0,6,1.232876018716579
23240026,8,2,5,30,19,-4,0,-1,0,0,1,0,6,-1.232876018716579
23240026,8,2,6,19,30,5,0,1,0,1,0,1,6,1.232876018716579
23240026,8,2,6,30,19,-5,1,-1,0,0,1,1,6,-1.232876018716579
23240026,8,3,1,25,46,0,1,2,0,1,1,0,7,-0.8671572442292033
23240026,8,3,1,46,25,0,0,-2,0,1,1,0,7,0.8671572442292033
23240026,8,3,2,25,46,2,0,-1,0,1,1,0,7,-0.8671572442292033
23240026,8,3,2,46,25,-2,1,1,0,1,1,0,7,0.8671572442292033
23240026,8,3,3,25,46,1,1,-1,0,1,1,0,7,-0.8671572442292033
23240026,8,3,3,46,25,-1,0,1,0,1,1,0,7,0.8671572442292033
23240026,8,3,4,25,46,0,1,-1,0,1,1,0,7,-0.8671572442292033
23240026,8,3,4,46,25,0,0,1,0,1,1,0,7,0.8671572442292033
23240026,8,3,5,25,46,-1,1,2,0,1,1,0,7,-0.8671572442292033
23240026,8,3,5,46,25,1,0,-2,0,1,1,0,7,0.8671572442292033
23240026,8,3,6,25,46,1,0,-1,-1,1,0,0,7,-0.8671572442292033
23240026,8,3,6,46,25,-1,1,1,1,0,1,0,7,0.8671572442292033
23240026,8,3,7,25,46,0,1,5,1,0,0,1,7,-0.8671572442292033
23240026,8,3,7,46,25,0,0,-5,-1,0,0,1,7,0.8671572442292033
23240026,8,4,1,14,20,0,1,-1,0,1,1,0,8,0.2813088811622775
23240026,8,4,1,20,14,0,0,1,0,1,1,0,8,-0.2813088811622775
23240026,8,4,2,14,20,-1,1,-1,0,1,1,0,8,0.2813088811622775
23240026,8,4,2,20,14,1,0,1,0,1,1,0,8,-0.2813088811622775
23240026,8,4,3,14,20,-2,1,-2,0,1,1,0,8,0.2813088811622775
23240026,8,4,3,20,14,2,0,2,0,1,1,0,8,-0.2813088811622775
23240026,8,4,4,14,20,-4,1,-4,0,1,1,0,8,0.2813088811622775
23240026,8,4,4,20,14,4,0,4,0,1,1,0,8,-0.2813088811622775
23240026,8,4,5,14,20,-8,1,2,1,0,1,0,8,0.2813088811622775
23240026,8,4,5,20,14,8,0,-2,-1,1,0,0,8,-0.2813088811622775
23240026,8,4,6,14,20,-6,0,1,-1,0,0,0,8,0.2813088811622775
23240026,8,4,6,20,14,6,1,-1,1,0,0,0,8,-0.2813088811622775
23240026,8,4,7,14,20,-5,0,1,0,0,0,0,8,0.2813088811622775
23240026,8,4,7,20,14,5,1,-1,0,0,0,0,8,-0.2813088811622775
23240026,8,4,8,14,20,-4,0,0,0,0,0,0,8,0.2813088811622775
23240026,8,4,8,20,14,4,1,0,0,0,0,0,8,-0.2813088811622775
23240026,8,5,1,22,43,0,1,3,0,1,1,0,6,0.5158247181390933
23240026,8,5,1,43,22,0,0,-3,0,1,1,0,6,-0.5158247181390933
23240026,8,5,2,22,43,3,0,2,0,1,1,0,6,0.5158247181390933
23240026,8,5,2,43,22,-3,1,-2,0,1,1,0,6,-0.5158247181390933
23240026,8,5,3,22,43,5,0,1,-1,1,0,0,6,0.5158247181390933
23240026,8,5,3,43,22,-5,1,-1,1,0,1,0,6,-0.5158247181390933
23240026,8,5,4,22,43,6,0,2,0,1,0,0,6,0.5158247181390933
23240026,8,5,4,43,22,-6,1,-2,0,0,1,0,6,-0.5158247181390933
23240026,8,5,5,22,43,8,0,-2,0,1,0,0,6,0.5158247181390933
23240026,8,5,5,43,22,-8,1,2,0,0,1,0,6,-0.5158247181390933
23240026,8,5,6,22,43,6,1,1,0,1,0,1,6,0.5158247181390933
23240026,8,5,6,43,22,-6,0,-1,0,0,1,1,6,-0.5158247181390933
23240026,9,1,1,24,51,0,0,-1,0,1,1,0,7,2.3870160057457452
23240026,9,1,1,51,24,0,1,1,0,1,1,0,7,-2.3870160057457452
23240026,9,1,2,24,51,-1,1,2,0,1,1,0,7,2.3870160057457452
23240026,9,1,2,51,24,1,0,-2,0,1,1,0,7,-2.3870160057457452
23240026,9,1,3,24,51,1,0,2,0,1,1,0,7,2.3870160057457452
23240026,9,1,3,51,24,-1,1,-2,0,1,1,0,7,-2.3870160057457452
23240026,9,1,4,24,51,3,0,-1,0,1,1,0,7,2.3870160057457452
23240026,9,1,4,51,24,-3,1,1,0,1,1,0,7,-2.3870160057457452
23240026,9,1,5,24,51,2,1,1,0,1,1,0,7,2.3870160057457452
23240026,9,1,5,51,24,-2,0,-1,0,1,1,0,7,-2.3870160057457452
23240026,9,1,6,24,51,3,0,-1,-1,1,0,0,7,2.3870160057457452
23240026,9,1,6,51,24,-3,1,1,1,0,1,0,7,-2.3870160057457452
23240026,9,1,7,24,51,2,1,3,1,0,0,1,7,2.3870160057457452
23240026,9,1,7,51,24,-2,0,-3,-1,0,0,1,7,-2.3870160057457452
23240026,9,2,1,15,17,0,0,-3,0,1,1,0,8,-1.8413016179545427
23240026,9,2,1,17,15,0,1,3,0,1,1,0,8,1.8413016179545427
23240026,9,2,2,15,17,-3,1,1,0,1,1,0,8,-1.8413016179545427
23240026,9,2,2,17,15,3,0,-1,0,1,1,0,8,1.8413016179545427
23240026,9,2,3,15,17,-2,0,-2,0,1,1,0,8,-1.8413016179545427
23240026,9,2,3,17,15,2,1,2,0,1,1,0,8,1.8413016179545427
23240026,9,2,4,15,17,-4,1,1,0,1,1,0,8,-1.8413016179545427
23240026,9,2,4,17,15,4,0,-1,0,1,1,0,8,1.8413016179545427
23240026,9,2,5,15,17,-3,0,1,0,1,1,0,8,-1.8413016179545427
23240026,9,2,5,17,15,3,1,-1,0,1,1,0,8,1.8413016179545427
23240026,9,2,6,15,17,-2,0,-1,-1,1,0,0,8,-1.8413016179545427
23240026,9,2,6,17,15,2,1,1,1,0,1,0,8,1.8413016179545427
23240026,9,2,7,15,17,-3,1,1,1,0,0,0,8,-1.8413016179545427
23240026,9,2,7,17,15,3,0,-1,-1,0,0,0,8,1.8413016179545427
23240026,9,2,8,15,17,-2,0,-1,0,0,0,0,8,-1.8413016179545427
23240026,9,2,8,17,15,2,1,1,0,0,0,0,8,1.8413016179545427
23240026,9,3,1,11,13,0,1,3,0,1,1,0,8,0.6125871272362357
23240026,9,3,1,13,11,0,0,-3,0,1,1,0,8,-0.6125871272362357
23240026,9,3,2,11,13,3,0,-4,0,1,1,0,8,0.6125871272362357
23240026,9,3,2,13,11,-3,1,4,0,1,1,0,8,-0.6125871272362357
23240026,9,3,3,11,13,-1,1,4,0,1,1,0,8,0.6125871272362357
23240026,9,3,3,13,11,1,0,-4,0,1,1,0,8,-0.6125871272362357
23240026,9,3,4,11,13,3,0,-1,0,1,1,0,8,0.6125871272362357
23240026,9,3,4,13,11,-3,1,1,0,1,1,0,8,-0.6125871272362357
23240026,9,3,5,11,13,2,1,1,0,1,1,0,8,0.6125871272362357
23240026,9,3,5,13,11,-2,0,-1,0,1,1,0,8,-0.6125871272362357
23240026,9,3,6,11,13,3,0,-3,-1,1,0,0,8,0.6125871272362357
23240026,9,3,6,13,11,-3,1,3,1,0,1,0,8,-0.6125871272362357
23240026,9,3,7,11,13,0,1,-1,1,0,0,0,8,0.6125871272362357
23240026,9,3,7,13,11,0,0,1,-1,0,0,0,8,-0.6125871272362357
23240026,9,3,8,11,13,-1,1,-1,0,0,0,0,8,0.6125871272362357
23240026,9,3,8,13,11,1,0,1,0,0,0,0,8,-0.6125871272362357
23240026,9,4,1,16,34,0,1,2,0,1,1,0,8,2.034584978337472
23240026,9,4,1,34,16,0,0,-2,0,1,1,0,8,-2.034584978337472
23240026,9,4,2,16,34,2,0,2,0,1,1,0,8,2.034584978337472
23240026,9,4,2,34,16,-2,1,-2,0,1,1,0,8,-2.034584978337472
23240026,9,4,3,16,34,4,0,2,0,1,1,0,8,2.034584978337472
23240026,9,4,3,34,16,-4,1,-2,0,1,1,0,8,-2.034584978337472
23240026,9,4,4,16,34,6,0,-1,-1,1,0,0,8,2.034584978337472
23240026,9,4,4,34,16,-6,1,1,1,0,1,0,8,-2.034584978337472
23240026,9,4,5,16,34,5,1,1,1,0,0,0,8,2.034584978337472
23240026,9,4,5,34,16,-5,0,-1,-1,0,0,0,8,-2.034584978337472
23240026,9,4,6,16,34,6,0,-1,0,0,0,0,8,2.034584978337472
23240026,9,4,6,34,16,-6,1,1,0,0,0,0,8,-2.034584978337472
23240026,9,4,7,16,34,5,1,-2,0,0,0,0,8,2.034584978337472
23240026,9,4,7,34,16,-5,0,2,0,0,0,0,8,-2.034584978337472
23240026,9,4,8,16,34,3,1,0,0,0,0,0,8,2.034584978337472
23240026,9,4,8,34,16,-3,0,0,0,0,0,0,8,-2.034584978337472
23240026,9,5,1,18,37,0,1,2,0,1,1,0,8,-0.40137332003836595
23240026,9,5,1,37,18,0,0,-2,0,1,1,0,8,0.40137332003836595
23240026,9,5,2,18,37,2,0,-1,0,1,1,0,8,-0.40137332003836595
23240026,9,5,2,37,18,-2,1,1,0,1,1,0,8,0.40137332003836595
23240026,9,5,3,18,37,1,1,2,0,1,1,0,8,-0.40137332003836595
23240026,9,5,3,37,18,-1,0,-2,0,1,1,0,8,0.40137332003836595
23240026,9,5,4,18,37,3,0,1,0,1,1,0,8,-0.40137332003836595
23240026,9,5,4,37,18,-3,1,-1,0,1,1,0,8,0.40137332003836595
23240026,9,5,5,18,37,4,0,-3,-1,1,0,0,8,-0.40137332003836595
23240026,9,5,5,37,18,-4,1,3,1,0,1,0,8,0.40137332003836595
23240026,9,5,6,18,37,1,1,2,0,1,0,0,8,-0.40137332003836595
23240026,9,5,6,37,18,-1,0,-2,0,0,1,0,8,0.40137332003836595
23240026,9,5,7,18,37,3,0,1,0,1,0,0,8,-0.40137332003836595
23240026,9,5,7,37,18,-3,1,-1,0,0,1,0,8,0.40137332003836595
23240026,9,5,8,18,37,4,0,0,0,1,0,0,8,-0.40137332003836595
23240026,9,5,8,37,18,-4,1,0,0,0,1,0,8,0.40137332003836595
23240026,10,1,1,19,25,0,1,1,0,1,1,0,7,1.3669522157268181
23240026,10,1,1,25,19,0,0,-1,0,1,1,0,7,-1.3669522157268181
23240026,10,1,2,19,25,1,0,1,0,1,1,0,7,1.3669522157268181
23240026,10,1,2,25,19,-1,1,-1,0,1,1,0,7,-1.3669522157268181
23240026,10,1,3,19,25,2,0,-1,0,1,1,0,7,1.3669522157268181
23240026,10,1,3,25,19,-2,1,1,0,1,1,0,7,-1.3669522157268181
23240026,10,1,4,19,25,1,1,2,0,1,1,0,7,1.3669522157268181
23240026,10,1,4,25,19,-1,0,-2,0,1,1,0,7,-1.3669522157268181
23240026,10,1,5,19,25,3,0,-1,0,1,1,0,7,1.3669522157268181
23240026,10,1,5,25,19,-3,1,1,0,1,1,0,7,-1.3669522157268181
23240026,10,1,6,19,25,2,1,1,1,0,1,0,7,1.3669522157268181
23240026,10,1,6,25,19,-2,0,-1,-1,1,0,0,7,-1.3669522157268181
23240026,10,1,7,19,25,3,0,1,-1,0,0,1,7,1.3669522157268181
23240026,10,1,7,25,19,-3,1,-1,1,0,0,1,7,-1.3669522157268181
23240026,10,2,1,22,44,0,0,-5,0,1,1,0,6,-0.035454827083737775
23240026,10,2,1,44,22,0,1,5,0,1,1,0,6,0.035454827083737775
23240026,10,2,2,22,44,-5,1,1,0,1,1,0,6,-0.035454827083737775
23240026,10,2,2,44,22,5,0,-1,0,1,1,0,6,0.035454827083737775
23240026,10,2,3,22,44,-4,0,1,0,1,1,0,6,-0.035454827083737775
23240026,10,2,3,44,22,4,1,-1,0,1,1,0,6,0.035454827083737775
23240026,10,2,4,22,44,-3,0,-1,0,1,1,0,6,-0.035454827083737775
23240026,10,2,4,44,22,3,1,1,0,1,1,0,6,0.035454827083737775
23240026,10,2,5,22,44,-4,1,1,1,0,1,0,6,-0.035454827083737775
23240026,10,2,5,44,22,4,0,-1,-1,1,0,0,6,0.035454827083737775
23240026,10,2,6,22,44,-3,0,-3,0,0,1,1,6,-0.035454827083737775
23240026,10,2,6,44,22,3,1,3,0,1,0,1,6,0.035454827083737775
23240026,10,3,1,10,14,0,1,-1,0,1,1,0,7,0.06889979946146552
23240026,10,3,1,14,10,0,0,1,0,1,1,0,7,-0.06889979946146552
23240026,10,3,2,10,14,-1,1,3,0,1,1,0,7,0.06889979946146552
23240026,10,3,2,14,10,1,0,-3,0,1,1,0,7,-0.06889979946146552
23240026,10,3,3,10,14,2,0,1,0,1,1,0,7,0.06889979946146552
23240026,10,3,3,14,10,-2,1,-1,0,1,1,0,7,-0.06889979946146552
23240026,10,3,4,10,14,3,0,-1,0,1,1,0,7,0.06889979946146552
23240026,10,3,4,14,10,-3,1,1,0,1,1,0,7,-0.06889979946146552
23240026,10,3,5,10,14,2,1,2,0,1,1,0,7,0.06889979946146552
23240026,10,3,5,14,10,-2,0,-2,0,1,1,0,7,-0.06889979946146552
23240026,10,3,6,10,14,4,0,-3,-1,1,0,0,7,0.06889979946146552
23240026,10,3,6,14,10,-4,1,3,1,0,1,0,7,-0.06889979946146552
23240026,10,3,7,10,14,1,1,6,1,0,0,1,7,0.06889979946146552
23240026,10,3,7,14,10,-1,0,-6,-1,0,0,1,7,-0.06889979946146552
23240026,10,4,1,43,46,0,0,-1,0,1,1,0,9,-0.9709030956987861
23240026,10,4,1,46,43,0,1,1,0,1,1,0,9,0.9709030956987861
23240026,10,4,2,43,46,-1,1,-1,0,1,1,0,9,-0.9709030956987861
23240026,10,4,2,46,43,1,0,1,0,1,1,0,9,0.9709030956987861
23240026,10,4,3,43,46,-2,1,-1,0,1,1,0,9,-0.9709030956987861
23240026,10,4,3,46,43,2,0,1,0,1,1,0,9,0.9709030956987861
23240026,10,4,4,43,46,-3,1,1,0,1,1,0,9,-0.9709030956987861
23240026,10,4,4,46,43,3,0,-1,0,1,1,0,9,0.9709030956987861
23240026,10,4,5,43,46,-2,0,1,0,1,1,0,9,-0.9709030956987861
23240026,10,4,5,46,43,2,1,-1,0,1,1,0,9,0.9709030956987861
23240026,10,4,6,43,46,-1,0,-2,0,1,1,0,9,-0.9709030956987861
23240026,10,4,6,46,43,1,1,2,0,1,1,0,9,0.9709030956987861
23240026,10,4,7,43,46,-3,1,2,1,0,1,0,9,-0.9709030956987861
23240026,10,4,7,46,43,3,0,-2,-1,1,0,0,9,0.9709030956987861
23240026,10,4,8,43,46,-1,0,1,-1,0,0,0,9,-0.9709030956987861
23240026,10,4,8,46,43,1,1,-1,1,0,0,0,9,0.9709030956987861
23240026,10,4,9,43,46,0,0,1,0,0,0,0,9,-0.9709030956987861
23240026,10,4,9,46,43,0,1,-1,0,0,0,0,9,0.9709030956987861
23240026,10,5,1,20,30,0,1,1,0,1,1,0,8,1.0913859014901726
23240026,10,5,1,30,20,0,0,-1,0,1,1,0,8,-1.0913859014901726
23240026,10,5,2,20,30,1,0,-2,0,1,1,0,8,1.0913859014901726
23240026,10,5,2,30,20,-1,1,2,0,1,1,0,8,-1.0913859014901726
23240026,10,5,3,20,30,-1,1,1,0,1,1,0,8,1.0913859014901726
23240026,10,5,3,30,20,1,0,-1,0,1,1,0,8,-1.0913859014901726
23240026,10,5,4,20,30,0,0,1,0,1,1,0,8,1.0913859014901726
23240026,10,5,4,30,20,0,1,-1,0,1,1,0,8,-1.0913859014901726
23240026,10,5,5,20,30,1,0,1,0,1,1,0,8,1.0913859014901726
23240026,10,5,5,30,20,-1,1,-1,0,1,1,0,8,-1.0913859014901726
23240026,10,5,6,20,30,2,0,-1,-1,1,0,0,8,1.0913859014901726
23240026,10,5,6,30,20,-2,1,1,1,0,1,0,8,-1.0913859014901726
23240026,10,5,7,20,30,1,1,1,1,0,0,0,8,1.0913859014901726
23240026,10,5,7,30,20,-1,0,-1,-1,0,0,0,8,-1.0913859014901726
23240026,10,5,8,20,30,2,0,-1,0,0,0,0,8,1.0913859014901726
23240026,10,5,8,30,20,-2,1,1,0,0,0,0,8,-1.0913859014901726
23240026,11,1,1,17,37,0,1,1,0,1,1,0,7,0.18509194676596752
23240026,11,1,1,37,17,0,0,-1,0,1,1,0,7,-0.18509194676596752
23240026,11,1,2,17,37,1,0,-1,0,1,1,0,7,0.18509194676596752
23240026,11,1,2,37,17,-1,1,1,0,1,1,0,7,-0.18509194676596752
23240026,11,1,3,17,37,0,1,5,0,1,1,0,7,0.18509194676596752
23240026,11,1,3,37,17,0,0,-5,0,1,1,0,7,-0.18509194676596752
23240026,11,1,4,17,37,5,0,-1,-1,1,0,0,7,0.18509194676596752
23240026,11,1,4,37,17,-5,1,1,1,0,1,0,7,-0.18509194676596752
23240026,11,1,5,17,37,4,1,2,0,1,0,0,7,0.18509194676596752
23240026,11,1,5,37,17,-4,0,-2,0,0,1,0,7,-0.18509194676596752
23240026,11,1,6,17,37,6,0,-2,0,1,0,0,7,0.18509194676596752
23240026,11,1,6,37,17,-6,1,2,0,0,1,0,7,-0.18509194676596752
23240026,11,1,7,17,37,4,1,1,1,0,0,1,7,0.18509194676596752
23240026,11,1,7,37,17,-4,0,-1,-1,0,0,1,7,-0.18509194676596752
23240026,11,2,1,11,24,0,1,-1,0,1,1,0,8,-1.7882097869385845
23240026,11,2,1,24,11,0,0,1,0,1,1,0,8,1.7882097869385845
23240026,11,2,2,11,24,-1,1,-2,0,1,1,0,8,-1.7882097869385845
23240026,11,2,2,24,11,1,0,2,0,1,1,0,8,1.7882097869385845
23240026,11,2,3,11,24,-3,1,1,0,1,1,0,8,-1.7882097869385845
23240026,11,2,3,24,11,3,0,-1,0,1,1,0,8,1.7882097869385845
23240026,11,2,4,11,24,-2,0,1,0,1,1,0,8,-1.7882097869385845
23240026,11,2,4,24,11,2,1,-1,0,1,1,0,8,1.7882097869385845
23240026,11,2,5,11,24,-1,0,-2,0,1,1,0,8,-1.7882097869385845
23240026,11,2,5,24,11,1,1,2,0,1,1,0,8,1.7882097869385845
23240026,11,2,6,11,24,-3,1,2,1,0,1,0,8,-1.7882097869385845
23240026,11,2,6,24,11,3,0,-2,-1,1,0,0,8,1.7882097869385845
23240026,11,2,7,11,24,-1,0,-1,-1,0,0,0,8,-1.7882097869385845
23240026,11,2,7,24,11,1,1,1,1,0,0,0,8,1.7882097869385845
23240026,11,2,8,11,24,-2,1,-3,0,0,0,0,8,-1.7882097869385845
23240026,11,2,8,24,11,2,0,3,0,0,0,0,8,1.7882097869385845
23240026,11,3,1,18,34,0,1,3,0,1,1,0,6,1.6931698105593287
23240026,11,3,1,34,18,0,0,-3,0,1,1,0,6,-1.6931698105593287
23240026,11,3,2,18,34,3,0,1,0,1,1,0,6,1.6931698105593287
23240026,11,3,2,34,18,-3,1,-1,0,1,1,0,6,-1.6931698105593287
23240026,11,3,3,18,34,4,0,1,0,1,1,0,6,1.6931698105593287
23240026,11,3,3,34,18,-4,1,-1,0,1,1,0,6,-1.6931698105593287
23240026,11,3,4,18,34,5,0,-1,-1,1,0,0,6,1.6931698105593287
23240026,11,3,4,34,18,-5,1,1,1,0,1,0,6,-1.6931698105593287
23240026,11,3,5,18,34,4,1,2,0,1,0,0,6,1.6931698105593287
23240026,11,3,5,34,18,-4,0,-2,0,0,1,0,6,-1.6931698105593287
23240026,11,3,6,18,34,6,0,1,0,1,0,1,6,1.6931698105593287
23240026,11,3,6,34,18,-6,1,-1,0,0,1,1,6,-1.6931698105593287
23240026,11,4,1,13,51,0,0,-2,0,1,1,0,8,-0.013780908429074756
23240026,11,4,1,51,13,0,1,2,0,1,1,0,8,0.013780908429074756
23240026,11,4,2,13,51,-2,1,-2,0,1,1,0,8,-0.013780908429074756
23240026,11,4,2,51,13,2,0,2,0,1,1,0,8,0.013780908429074756
23240026,11,4,3,13,51,-4,1,1,0,1,1,0,8,-0.013780908429074756
23240026,11,4,3,51,13,4,0,-1,0,1,1,0,8,0.013780908429074756
23240026,11,4,4,13,51,-3,0,1,0,1,1,0,8,-0.013780908429074756
23240026,11,4,4,51,13,3,1,-1,0,1,1,0,8,0.013780908429074756
23240026,11,4,5,13,51,-2,0,-1,0,1,1,0,8,-0.013780908429074756
23240026,11,4,5,51,13,2,1,1,0,1,1,0,8,0.013780908429074756
23240026,11,4,6,13,51,-3,1,2,1,0,1,0,8,-0.013780908429074756
23240026,11,4,6,51,13,3,0,-2,-1,1,0,0,8,0.013780908429074756
23240026,11,4,7,13,51,-1,0,-2,-1,0,0,0,8,-0.013780908429074756
23240026,11,4,7,51,13,1,1,2,1,0,0,0,8,0.013780908429074756
23240026,11,4,8,13,51,-3,1,0,0,0,0,0,8,-0.013780908429074756
23240026,11,4,8,51,13,3,0,0,0,0,0,0,8,0.013780908429074756
23240026,11,5,1,15,16,0,1,-1,0,1,1,0,8,-1.5962515189283524
23240026,11,5,1,16,15,0,0,1,0,1,1,0,8,1.5962515189283524
23240026,11,5,2,15,16,-1,1,1,0,1,1,0,8,-1.5962515189283524
23240026,11,5,2,16,15,1,0,-1,0,1,1,0,8,1.5962515189283524
23240026,11,5,3,15,16,0,0,-1,0,1,1,0,8,-1.5962515189283524
23240026,11,5,3,16,15,0,1,1,0,1,1,0,8,1.5962515189283524
23240026,11,5,4,15,16,-1,1,2,0,1,1,0,8,-1.5962515189283524
23240026,11,5,4,16,15,1,0,-2,0,1,1,0,8,1.5962515189283524
23240026,11,5,5,15,16,1,0,-2,0,1,1,0,8,-1.5962515189283524
23240026,11,5,5,16,15,-1,1,2,0,1,1,0,8,1.5962515189283524
23240026,11,5,6,15,16,-1,1,1,1,0,1,0,8,-1.5962515189283524
23240026,11,5,6,16,15,1,0,-1,-1,1,0,0,8,1.5962515189283524
23240026,11,5,7,15,16,0,0,-3,-1,0,0,0,8,-1.5962515189283524
23240026,11,5,7,16,15,0,1,3,1,0,0,0,8,1.5962515189283524
23240026,11,5,8,15,16,-3,1,1,0,0,0,0,8,-1.5962515189283524
23240026,11,5,8,16,15,3,0,-1,0,0,0,0,8,1.5962515189283524
23240026,12,1,1,20,44,0,0,1,0,1,1,0,8,0.7779284047471635
23240026,12,1,1,44,20,0,1,-1,0,1,1,0,8,-0.7779284047471635
23240026,12,1,2,20,44,1,0,-2,0,1,1,0,8,0.7779284047471635
23240026,12,1,2,44,20,-1,1,2,0,1,1,0,8,-0.7779284047471635
23240026,12,1,3,20,44,-1,1,-1,0,1,1,0,8,0.7779284047471635
23240026,12,1,3,44,20,1,0,1,0,1,1,0,8,-0.7779284047471635
23240026,12,1,4,20,44,-2,1,1,0,1,1,0,8,0.7779284047471635
23240026,12,1,4,44,20,2,0,-1,0,1,1,0,8,-0.7779284047471635
23240026,12,1,5,20,44,-1,0,1,0,1,1,0,8,0.7779284047471635
23240026,12,1,5,44,20,1,1,-1,0,1,1,0,8,-0.7779284047471635
23240026,12,1,6,20,44,0,0,-2,0,1,1,0,8,0.7779284047471635
23240026,12,1,6,44,20,0,1,2,0,1,1,0,8,-0.7779284047471635
23240026,12,1,7,20,44,-2,1,2,1,0,1,0,8,0.7779284047471635
23240026,12,1,7,44,20,2,0,-2,-1,1,0,0,8,-0.7779284047471635
23240026,12,1,8,20,44,0,0,-2,-1,0,0,0,8,0.7779284047471635
23240026,12,1,8,44,20,0,1,2,1,0,0,0,8,-0.7779284047471635
23240026,12,2,1,14,25,0,1,2,0,1,1,0,8,1.5067709796626891
23240026,12,2,1,25,14,0,0,-2,0,1,1,0,8,-1.5067709796626891
23240026,12,2,2,14,25,2,0,-1,0,1,1,0,8,1.5067709796626891
23240026,12,2,2,25,14,-2,1,1,0,1,1,0,8,-1.5067709796626891
23240026,12,2,3,14,25,1,1,2,0,1,1,0,8,1.5067709796626891
23240026,12,2,3,25,14,-1,0,-2,0,1,1,0,8,-1.5067709796626891
23240026,12,2,4,14,25,3,0,-2,0,1,1,0,8,1.5067709796626891
23240026,12,2,4,25,14,-3,1,2,0,1,1,0,8,-1.5067709796626891
23240026,12,2,5,14,25,1,1,-1,0,1,1,0,8,1.5067709796626891
23240026,12,2,5,25,14,-1,0,1,0,1,1,0,8,-1.5067709796626891
23240026,12,2,6,14,25,0,1,-1,0,1,1,0,8,1.5067709796626891
23240026,12,2,6,25,14,0,0,1,0,1,1,0,8,-1.5067709796626891
23240026,12,2,7,14,25,-1,1,1,1,0,1,0,8,1.5067709796626891
23240026,12,2,7,25,14,1,0,-1,-1,1,0,0,8,-1.5067709796626891
23240026,12,2,8,14,25,0,0,2,-1,0,0,0,8,1.5067709796626891
23240026,12,2,8,25,14,0,1,-2,1,0,0,0,8,-1.5067709796626891
23240026,12,3,1,30,43,0,1,2,0,1,1,0,8,0.23782204847982186
23240026,12,3,1,43,30,0,0,-2,0,1,1,0,8,-0.23782204847982186
23240026,12,3,2,30,43,2,0,-1,0,1,1,0,8,0.23782204847982186
23240026,12,3,2,43,30,-2,1,1,0,1,1,0,8,-0.23782204847982186
23240026,12,3,3,30,43,1,1,-3,0,1,1,0,8,0.23782204847982186
23240026,12,3,3,43,30,-1,0,3,0,1,1,0,8,-0.23782204847982186
23240026,12,3,4,30,43,-2,1,1,0,1,1,0,8,0.23782204847982186
23240026,12,3,4,43,30,2,0,-1,0,1,1,0,8,-0.23782204847982186
23240026,12,3,5,30,43,-1,0,-1,0,1,1,0,8,0.23782204847982186
23240026,12,3,5,43,30,1,1,1,0,1,1,0,8,-0.23782204847982186
23240026,12,3,6,30,43,-2,1,1,1,0,1,0,8,0.23782204847982186
23240026,12,3,6,43,30,2,0,-1,-1,1,0,0,8,-0.23782204847982186
23240026,12,3,7,30,43,-1,0,-2,-1,0,0,0,8,0.23782204847982186
23240026,12,3,7,43,30,1,1,2,1,0,0,0,8,-0.23782204847982186
23240026,12,3,8,30,43,-3,1,-1,0,0,0,0,8,0.23782204847982186
23240026,12,3,8,43,30,3,0,1,0,0,0,0,8,-0.23782204847982186
23240026,12,4,1,10,19,0,0,-1,0,1,1,0,8,0.20871856339733663
23240026,12,4,1,19,10,0,1,1,0,1,1,0,8,-0.20871856339733663
23240026,12,4,2,10,19,-1,1,-1,0,1,1,0,8,0.20871856339733663
23240026,12,4,2,19,10,1,0,1,0,1,1,0,8,-0.20871856339733663
23240026,12,4,3,10,19,-2,1,1,0,1,1,0,8,0.20871856339733663
23240026,12,4,3,19,10,2,0,-1,0,1,1,0,8,-0.20871856339733663
23240026,12,4,4,10,19,-1,0,-2,0,1,1,0,8,0.20871856339733663
23240026,12,4,4,19,10,1,1,2,0,1,1,0,8,-0.20871856339733663
23240026,12,4,5,10,19,-3,1,2,0,1,1,0,8,0.20871856339733663
23240026,12,4,5,19,10,3,0,-2,0,1,1,0,8,-0.20871856339733663
23240026,12,4,6,10,19,-1,0,-2,-1,1,0,0,8,0.20871856339733663
23240026,12,4,6,19,10,1,1,2,1,0,1,0,8,-0.20871856339733663
23240026,12,4,7,10,19,-3,1,1,1,0,0,0,8,0.20871856339733663
23240026,12,4,7,19,10,3,0,-1,-1,0,0,0,8,-0.20871856339733663
23240026,12,4,8,10,19,-2,0,1,0,0,0,0,8,0.20871856339733663
23240026,12,4,8,19,10,2,1,-1,0,0,0,0,8,-0.20871856339733663
23240026,12,5,1,22,46,0,0,-1,0,1,1,0,8,-0.4550783775596928
23240026,12,5,1,46,22,0,1,1,0,1,1,0,8,0.4550783775596928
23240026,12,5,2,22,46,-1,1,-1,0,1,1,0,8,-0.4550783775596928
23240026,12,5,2,46,22,1,0,1,0,1,1,0,8,0.4550783775596928
23240026,12,5,3,22,46,-2,1,4,0,1,1,0,8,-0.4550783775596928
23240026,12,5,3,46,22,2,0,-4,0,1,1,0,8,0.4550783775596928
23240026,12,5,4,22,46,2,0,1,0,1,1,0,8,-0.4550783775596928
23240026,12,5,4,46,22,-2,1,-1,0,1,1,0,8,0.4550783775596928
23240026,12,5,5,22,46,3,0,-2,-1,1,0,0,8,-0.4550783775596928
23240026,12,5,5,46,22,-3,1,2,1,0,1,0,8,0.4550783775596928
23240026,12,5,6,22,46,1,1,-1,1,0,0,0,8,-0.4550783775596928
23240026,12,5,6,46,22,-1,0,1,-1,0,0,0,8,0.4550783775596928
23240026,12,5,7,22,46,0,1,1,0,0,0,0,8,-0.4550783775596928
23240026,12,5,7,46,22,0,0,-1,0,0,0,0,8,0.4550783775596928
23240026,12,5,8,22,46,1,0,-2,0,0,0,0,8,-0.4550783775596928
23240026,12,5,8,46,22,-1,1,2,0,0,0,0,8,0.4550783775596928
23240026,13,1,1,13,34,0,1,2,0,1,1,0,8,0.3576745367619395
23240026,13,1,1,34,13,0,0,-2,0,1,1,0,8,-0.3576745367619395
23240026,13,1,2,13,34,2,0,-5,0,1,1,0,8,0.3576745367619395
23240026,13,1,2,34,13,-2,1,5,0,1,1,0,8,-0.3576745367619395
23240026,13,1,3,13,34,-3,1,2,0,1,1,0,8,0.3576745367619395
23240026,13,1,3,34,13,3,0,-2,0,1,1,0,8,-0.3576745367619395
23240026,13,1,4,13,34,-1,0,-1,0,1,1,0,8,0.3576745367619395
23240026,13,1,4,34,13,1,1,1,0,1,1,0,8,-0.3576745367619395
23240026,13,1,5,13,34,-2,1,-2,0,1,1,0,8,0.3576745367619395
23240026,13,1,5,34,13,2,0,2,0,1,1,0,8,-0.3576745367619395
23240026,13,1,6,13,34,-4,1,2,1,0,1,0,8,0.3576745367619395
23240026,13,1,6,34,13,4,0,-2,-1,1,0,0,8,-0.3576745367619395
23240026,13,1,7,13,34,-2,0,-2,0,0,1,0,8,0.3576745367619395
23240026,13,1,7,34,13,2,1,2,0,1,0,0,8,-0.3576745367619395
23240026,13,1,8,13,34,-4,1,0,0,0,1,0,8,0.3576745367619395
23240026,13,1,8,34,13,4,0,0,0,1,0,0,8,-0.3576745367619395
23240026,13,2,1,16,51,0,0,-1,0,1,1,0,8,1.6631295331464577
23240026,13,2,1,51,16,0,1,1,0,1,1,0,8,-1.6631295331464577
23240026,13,2,2,16,51,-1,1,2,0,1,1,0,8,1.6631295331464577
23240026,13,2,2,51,16,1,0,-2,0,1,1,0,8,-1.6631295331464577
23240026,13,2,3,16,51,1,0,1,0,1,1,0,8,1.6631295331464577
23240026,13,2,3,51,16,-1,1,-1,0,1,1,0,8,-1.6631295331464577
23240026,13,2,4,16,51,2,0,1,0,1,1,0,8,1.6631295331464577
23240026,13,2,4,51,16,-2,1,-1,0,1,1,0,8,-1.6631295331464577
23240026,13,2,5,16,51,3,0,-3,-1,1,0,0,8,1.6631295331464577
23240026,13,2,5,51,16,-3,1,3,1,0,1,0,8,-1.6631295331464577
23240026,13,2,6,16,51,0,1,2,1,0,0,0,8,1.6631295331464577
23240026,13,2,6,51,16,0,0,-2,-1,0,0,0,8,-1.6631295331464577
23240026,13,2,7,16,51,2,0,-1,0,0,0,0,8,1.6631295331464577
23240026,13,2,7,51,16,-2,1,1,0,0,0,0,8,-1.6631295331464577
23240026,13,2,8,16,51,1,1,1,0,0,0,0,8,1.6631295331464577
23240026,13,2,8,51,16,-1,0,-1,0,0,0,0,8,-1.6631295331464577
23240026,13,3,1,15,37,0,0,-2,0,1,1,0,7,-1.656209671188575
23240026,13,3,1,37,15,0,1,2,0,1,1,0,7,1.656209671188575
23240026,13,3,2,15,37,-2,1,1,0,1,1,0,7,-1.656209671188575
23240026,13,3,2,37,15,2,0,-1,0,1,1,0,7,1.656209671188575
23240026,13,3,3,15,37,-1,0,-1,0,1,1,0,7,-1.656209671188575
23240026,13,3,3,37,15,1,1,1,0,1,1,0,7,1.656209671188575
23240026,13,3,4,15,37,-2,1,-2,0,1,1,0,7,-1.656209671188575
23240026,13,3,4,37,15,2,0,2,0,1,1,0,7,1.656209671188575
23240026,13,3,5,15,37,-4,1,1,1,0,1,0,7,-1.656209671188575
23240026,13,3,5,37,15,4,0,-1,-1,1,0,0,7,1.656209671188575
23240026,13,3,6,15,37,-3,0,-3,-1,0,0,0,7,-1.656209671188575
23240026,13,3,6,37,15,3,1,3,1,0,0,0,7,1.656209671188575
23240026,13,3,7,15,37,-6,1,-2,0,0,0,1,7,-1.656209671188575
23240026,13,3,7,37,15,6,0,2,0,0,0,1,7,1.656209671188575
23240026,13,4,1,17,24,0,0,-1,0,1,1,0,8,-0.4788363735730974
23240026,13,4,1,24,17,0,1,1,0,1,1,0,8,0.4788363735730974
23240026,13,4,2,17,24,-1,1,3,0,1,1,0,8,-0.4788363735730974
23240026,13,4,2,24,17,1,0,-3,0,1,1,0,8,0.4788363735730974
23240026,13,4,3,17,24,2,0,-1,0,1,1,0,8,-0.4788363735730974
23240026,13,4,3,24,17,-2,1,1,0,1,1,0,8,0.4788363735730974
23240026,13,4,4,17,24,1,1,2,0,1,1,0,8,-0.4788363735730974
23240026,13,4,4,24,17,-1,0,-2,0,1,1,0,8,0.4788363735730974
23240026,13,4,5,17,24,3,0,-1,0,1,1,0,8,-0.4788363735730974
23240026,13,4,5,24,17,-3,1,1,0,1,1,0,8,0.4788363735730974
23240026,13,4,6,17,24,2,1,-1,1,0,1,0,8,-0.4788363735730974
23240026,13,4,6,24,17,-2,0,1,-1,1,0,0,8,0.4788363735730974
23240026,13,4,7,17,24,1,1,1,0,0,1,0,8,-0.4788363735730974
23240026,13,4,7,24,17,-1,0,-1,0,1,0,0,8,0.4788363735730974
23240026,13,4,8,17,24,2,0,1,-1,0,0,0,8,-0.4788363735730974
23240026,13,4,8,24,17,-2,1,-1,1,0,0,0,8,0.4788363735730974
23240026,13,5,1,11,18,0,0,1,0,1,1,0,8,-0.7229081465611535
23240026,13,5,1,18,11,0,1,-1,0,1,1,0,8,0.7229081465611535
23240026,13,5,2,11,18,1,0,1,0,1,1,0,8,-0.7229081465611535
23240026,13,5,2,18,11,-1,1,-1,0,1,1,0,8,0.7229081465611535
23240026,13,5,3,11,18,2,0,1,0,1,1,0,8,-0.7229081465611535
23240026,13,5,3,18,11,-2,1,-1,0,1,1,0,8,0.7229081465611535
23240026,13,5,4,11,18,3,0,-1,0,1,1,0,8,-0.7229081465611535
23240026,13,5,4,18,11,-3,1,1,0,1,1,0,8,0.7229081465611535
23240026,13,5,5,11,18,2,1,2,0,1,1,0,8,-0.7229081465611535
23240026,13,5,5,18,11,-2,0,-2,0,1,1,0,8,0.7229081465611535
23240026,13,5,6,11,18,4,0,-3,-1,1,0,0,8,-0.7229081465611535
23240026,13,5,6,18,11,-4,1,3,1,0,1,0,8,0.7229081465611535
23240026,13,5,7,11,18,1,1,3,1,0,0,0,8,-0.7229081465611535
23240026,13,5,7,18,11,-1,0,-3,-1,0,0,0,8,0.7229081465611535
23240026,13,5,8,11,18,4,0,1,0,0,0,0,8,-0.7229081465611535
23240026,13,5,8,18,11,-4,1,-1,0,0,0,0,8,0.7229081465611535
23240026,14,1,1,10,43,0,1,1,0,1,1,0,8,1.6794166305937375
23240026,14,1,1,43,10,0,0,-1,0,1,1,0,8,-1.6794166305937375
23240026,14,1,2,10,43,1,0,-2,0,1,1,0,8,1.6794166305937375
23240026,14,1,2,43,10,-1,1,2,0,1,1,0,8,-1.6794166305937375
23240026,14,1,3,10,43,-1,1,1,0,1,1,0,8,1.6794166305937375
23240026,14,1,3,43,10,1,0,-1,0,1,1,0,8,-1.6794166305937375
23240026,14,1,4,10,43,0,0,-2,0,1,1,0,8,1.6794166305937375
23240026,14,1,4,43,10,0,1,2,0,1,1,0,8,-1.6794166305937375
23240026,14,1,5,10,43,-2,1,1,0,1,1,0,8,1.6794166305937375
23240026,14,1,5,43,10,2,0,-1,0,1,1,0,8,-1.6794166305937375
23240026,14,1,6,10,43,-1,0,1,-1,1,0,0,8,1.6794166305937375
23240026,14,1,6,43,10,1,1,-1,1,0,1,0,8,-1.6794166305937375
23240026,14,1,7,10,43,0,0,2,0,1,0,0,8,1.6794166305937375
23240026,14,1,7,43,10,0,1,-2,0,0,1,0,8,-1.6794166305937375
23240026,14,1,8,10,43,2,0,4,0,1,0,0,8,1.6794166305937375
23240026,14,1,8,43,10,-2,1,-4,0,0,1,0,8,-1.6794166305937375
23240026,14,2,1,19,46,0,1,2,0,1,1,0,8,0.4997949714976148
23240026,14,2,1,46,19,0,0,-2,0,1,1,0,8,-0.4997949714976148
23240026,14,2,2,19,46,2,0,-1,0,1,1,0,8,0.4997949714976148
23240026,14,2,2,46,19,-2,1,1,0,1,1,0,8,-0.4997949714976148
23240026,14,2,3,19,46,1,1,-1,0,1,1,0,8,0.4997949714976148
23240026,14,2,3,46,19,-1,0,1,0,1,1,0,8,-0.4997949714976148
23240026,14,2,4,19,46,0,1,1,0,1,1,0,8,0.4997949714976148
23240026,14,2,4,46,19,0,0,-1,0,1,1,0,8,-0.4997949714976148
23240026,14,2,5,19,46,1,0,-2,0,1,1,0,8,0.4997949714976148
23240026,14,2,5,46,19,-1,1,2,0,1,1,0,8,-0.4997949714976148
23240026,14,2,6,19,46,-1,1,3,1,0,1,0,8,0.4997949714976148
23240026,14,2,6,46,19,1,0,-3,-1,1,0,0,8,-0.4997949714976148
23240026,14,2,7,19,46,2,0,-2,-1,0,0,0,8,0.4997949714976148
23240026,14,2,7,46,19,-2,1,2,1,0,0,0,8,-0.4997949714976148
23240026,14,2,8,19,46,0,1,1,0,0,0,0,8,0.4997949714976148
23240026,14,2,8,46,19,0,0,-1,0,0,0,0,8,-0.4997949714976148
23240026,14,3,1,20,22,0,1,-1,0,1,1,0,8,0.8133832318309012
23240026,14,3,1,22,20,0,0,1,0,1,1,0,8,-0.8133832318309012
23240026,14,3,2,20,22,-1,1,1,0,1,1,0,8,0.8133832318309012
23240026,14,3,2,22,20,1,0,-1,0,1,1,0,8,-0.8133832318309012
23240026,14,3,3,20,22,0,0,1,0,1,1,0,8,0.8133832318309012
23240026,14,3,3,22,20,0,1,-1,0,1,1,0,8,-0.8133832318309012
23240026,14,3,4,20,22,1,0,-2,0,1,1,0,8,0.8133832318309012
23240026,14,3,4,22,20,-1,1,2,0,1,1,0,8,-0.8133832318309012
23240026,14,3,5,20,22,-1,1,-2,0,1,1,0,8,0.8133832318309012
23240026,14,3,5,22,20,1,0,2,0,1,1,0,8,-0.8133832318309012
23240026,14,3,6,20,22,-3,1,1,1,0,1,0,8,0.8133832318309012
23240026,14,3,6,22,20,3,0,-1,-1,1,0,0,8,-0.8133832318309012
23240026,14,3,7,20,22,-2,0,1,0,0,1,0,8,0.8133832318309012
23240026,14,3,7,22,20,2,1,-1,0,1,0,0,8,-0.8133832318309012
23240026,14,3,8,20,22,-1,0,-2,-1,0,0,0,8,0.8133832318309012
23240026,14,3,8,22,20,1,1,2,1,0,0,0,8,-0.8133832318309012
23240026,14,4,1,25,44,0,1,-1,0,1,1,0,8,-0.4475336937532483
23240026,14,4,1,44,25,0,0,1,0,1,1,0,8,0.4475336937532483
23240026,14,4,2,25,44,-1,1,3,0,1,1,0,8,-0.4475336937532483
23240026,14,4,2,44,25,1,0,-3,0,1,1,0,8,0.4475336937532483
23240026,14,4,3,25,44,2,0,-2,0,1,1,0,8,-0.4475336937532483
23240026,14,4,3,44,25,-2,1,2,0,1,1,0,8,0.4475336937532483
23240026,14,4,4,25,44,0,1,-1,0,1,1,0,8,-0.4475336937532483
23240026,14,4,4,44,25,0,0,1,0,1,1,0,8,0.4475336937532483
23240026,14,4,5,25,44,-1,1,1,0,1,1,0,8,-0.4475336937532483
23240026,14,4,5,44,25,1,0,-1,0,1,1,0,8,0.4475336937532483
23240026,14,4,6,25,44,0,0,-1,0,1,1,0,8,-0.4475336937532483
23240026,14,4,6,44,25,0,1,1,0,1,1,0,8,0.4475336937532483
23240026,14,4,7,25,44,-1,1,2,1,0,1,0,8,-0.4475336937532483
23240026,14,4,7,44,25,1,0,-2,-1,1,0,0,8,0.4475336937532483
23240026,14,4,8,25,44,1,0,-2,-1,0,0,0,8,-0.4475336937532483
23240026,14,4,8,44,25,-1,1,2,1,0,0,0,8,0.4475336937532483
23240026,14,5,1,14,30,0,1,2,0,1,1,0,7,1.37269478265245
23240026,14,5,1,30,14,0,0,-2,0,1,1,0,7,-1.37269478265245
23240026,14,5,2,14,30,2,0,-1,0,1,1,0,7,1.37269478265245
23240026,14,5,2,30,14,-2,1,1,0,1,1,0,7,-1.37269478265245
23240026,14,5,3,14,30,1,1,1,0,1,1,0,7,1.37269478265245
23240026,14,5,3,30,14,-1,0,-1,0,1,1,0,7,-1.37269478265245
23240026,14,5,4,14,30,2,0,-1,0,1,1,0,7,1.37269478265245
23240026,14,5,4,30,14,-2,1,1,0,1,1,0,7,-1.37269478265245
23240026,14,5,5,14,30,1,1,2,0,1,1,0,7,1.37269478265245
23240026,14,5,5,30,14,-1,0,-2,0,1,1,0,7,-1.37269478265245
23240026,14,5,6,14,30,3,0,-1,-1,1,0,0,7,1.37269478265245
23240026,14,5,6,30,14,-3,1,1,1,0,1,0,7,-1.37269478265245
23240026,14,5,7,14,30,2,1,4,1,0,0,1,7,1.37269478265245
23240026,14,5,7,30,14,-2,0,-4,-1,0,0,1,7,-1.37269478265245
23240026,15,1,1,15,51,0,1,1,0,1,1,0,8,0.06687801421810535
23240026,15,1,1,51,15,0,0,-1,0,1,1,0,8,-0.06687801421810535
23240026,15,1,2,15,51,1,0,-1,0,1,1,0,8,0.06687801421810535
23240026,15,1,2,51,15,-1,1,1,0,1,1,0,8,-0.06687801421810535
23240026,15,1,3,15,51,0,1,2,0,1,1,0,8,0.06687801421810535
23240026,15,1,3,51,15,0,0,-2,0,1,1,0,8,-0.06687801421810535
23240026,15,1,4,15,51,2,0,2,0,1,1,0,8,0.06687801421810535
23240026,15,1,4,51,15,-2,1,-2,0,1,1,0,8,-0.06687801421810535
23240026,15,1,5,15,51,4,0,-2,-1,1,0,0,8,0.06687801421810535
23240026,15,1,5,51,15,-4,1,2,1,0,1,0,8,-0.06687801421810535
23240026,15,1,6,15,51,2,1,-1,0,1,0,0,8,0.06687801421810535
23240026,15,1,6,51,15,-2,0,1,0,0,1,0,8,-0.06687801421810535
23240026,15,1,7,15,51,1,1,-1,1,0,0,0,8,0.06687801421810535
23240026,15,1,7,51,15,-1,0,1,-1,0,0,0,8,-0.06687801421810535
23240026,15,1,8,15,51,0,1,3,0,0,0,0,8,0.06687801421810535
23240026,15,1,8,51,15,0,0,-3,0,0,0,0,8,-0.06687801421810535
23240026,15,2,1,17,18,0,0,1,0,1,1,0,9,0.5864652668043335
23240026,15,2,1,18,17,0,1,-1,0,1,1,0,9,-0.5864652668043335
23240026,15,2,2,17,18,1,0,-1,0,1,1,0,9,0.5864652668043335
23240026,15,2,2,18,17,-1,1,1,0,1,1,0,9,-0.5864652668043335
23240026,15,2,3,17,18,0,1,-1,0,1,1,0,9,0.5864652668043335
23240026,15,2,3,18,17,0,0,1,0,1,1,0,9,-0.5864652668043335
23240026,15,2,4,17,18,-1,1,2,0,1,1,0,9,0.5864652668043335
23240026,15,2,4,18,17,1,0,-2,0,1,1,0,9,-0.5864652668043335
23240026,15,2,5,17,18,1,0,-1,0,1,1,0,9,0.5864652668043335
23240026,15,2,5,18,17,-1,1,1,0,1,1,0,9,-0.5864652668043335
23240026,15,2,6,17,18,0,1,1,1,0,1,0,9,0.5864652668043335
23240026,15,2,6,18,17,0,0,-1,-1,1,0,0,9,-0.5864652668043335
23240026,15,2,7,17,18,1,0,-2,-1,0,0,0,9,0.5864652668043335
23240026,15,2,7,18,17,-1,1,2,1,0,0,0,9,-0.5864652668043335
23240026,15,2,8,17,18,-1,1,1,0,0,0,0,9,0.5864652668043335
23240026,15,2,8,18,17,1,0,-1,0,0,0,0,9,-0.5864652668043335
23240026,15,2,9,17,18,0,0,1,0,0,0,0,9,0.5864652668043335
23240026,15,2,9,18,17,0,1,-1,0,0,0,0,9,-0.5864652668043335
23240026,15,3,1,13,16,0,0,-1,0,1,1,0,9,-1.6769104415755325
23240026,15,3,1,16,13,0,1,1,0,1,1,0,9,1.6769104415755325
23240026,15,3,2,13,16,-1,1,-1,0,1,1,0,9,-1.6769104415755325
23240026,15,3,2,16,13,1,0,1,0,1,1,0,9,1.6769104415755325
23240026,15,3,3,13,16,-2,1,4,0,1,1,0,9,-1.6769104415755325
23240026,15,3,3,16,13,2,0,-4,0,1,1,0,9,1.6769104415755325
23240026,15,3,4,13,16,2,0,-3,0,1,1,0,9,-1.6769104415755325
23240026,15,3,4,16,13,-2,1,3,0,1,1,0,9,1.6769104415755325
23240026,15,3,5,13,16,-1,1,1,0,1,1,0,9,-1.6769104415755325
23240026,15,3,5,16,13,1,0,-1,0,1,1,0,9,1.6769104415755325
23240026,15,3,6,13,16,0,0,-1,-1,1,0,0,9,-1.6769104415755325
23240026,15,3,6,16,13,0,1,1,1,0,1,0,9,1.6769104415755325
23240026,15,3,7,13,16,-1,1,2,1,0,0,0,9,-1.6769104415755325
23240026,15,3,7,16,13,1,0,-2,-1,0,0,0,9,1.6769104415755325
23240026,15,3,8,13,16,1,0,-1,0,0,0,0,9,-1.6769104415755325
23240026,15,3,8,16,13,-1,1,1,0,0,0,0,9,1.6769104415755325
23240026,15,3,9,13,16,0,1,1,0,0,0,0,9,-1.6769104415755325
23240026,15,3,9,16,13,0,0,-1,0,0,0,0,9,1.6769104415755325
23240026,15,4,1,11,34,0,0,-2,0,1,1,0,8,0.9702616639981752
23240026,15,4,1,34,11,0,1,2,0,1,1,0,8,-0.9702616639981752
23240026,15,4,2,11,34,-2,1,-3,0,1,1,0,8,0.9702616639981752
23240026,15,4,2,34,11,2,0,3,0,1,1,0,8,-0.9702616639981752
23240026,15,4,3,11,34,-5,1,3,1,0,1,0,8,0.9702616639981752
23240026,15,4,3,34,11,5,0,-3,-1,1,0,0,8,-0.9702616639981752
23240026,15,4,4,11,34,-2,0,-1,0,0,1,0,8,0.9702616639981752
23240026,15,4,4,34,11,2,1,1,0,1,0,0,8,-0.9702616639981752
23240026,15,4,5,11,34,-3,1,2,0,0,1,0,8,0.9702616639981752
23240026,15,4,5,34,11,3,0,-2,0,1,0,0,8,-0.9702616639981752
23240026,15,4,6,11,34,-1,0,2,0,0,1,0,8,0.9702616639981752
23240026,15,4,6,34,11,1,1,-2,0,1,0,0,8,-0.9702616639981752
23240026,15,4,7,11,34,1,0,-1,-1,0,0,0,8,0.9702616639981752
23240026,15,4,7,34,11,-1,1,1,1,0,0,0,8,-0.9702616639981752
23240026,15,4,8,11,34,0,1,3,0,0,0,0,8,0.9702616639981752
23240026,15,4,8,34,11,0,0,-3,0,0,0,0,8,-0.9702616639981752
23240026,15,5,1,24,37,0,0,-2,0,1,1,0,8,0.6639283203390649
23240026,15,5,1,37,24,0,1,2,0,1,1,0,8,-0.6639283203390649
23240026,15,5,2,24,37,-2,1,3,0,1,1,0,8,0.6639283203390649
23240026,15,5,2,37,24,2,0,-3,0,1,1,0,8,-0.6639283203390649
23240026,15,5,3,24,37,1,0,1,0,1,1,0,8,0.6639283203390649
23240026,15,5,3,37,24,-1,1,-1,0,1,1,0,8,-0.6639283203390649
23240026,15,5,4,24,37,2,0,-2,0,1,1,0,8,0.6639283203390649
23240026,15,5,4,37,24,-2,1,2,0,1,1,0,8,-0.6639283203390649
23240026,15,5,5,24,37,0,1,-1,0,1,1,0,8,0.6639283203390649
23240026,15,5,5,37,24,0,0,1,0,1,1,0,8,-0.6639283203390649
23240026,15,5,6,24,37,-1,1,1,0,1,1,0,8,0.6639283203390649
23240026,15,5,6,37,24,1,0,-1,0,1,1,0,8,-0.6639283203390649
23240026,15,5,7,24,37,0,0,1,-1,1,0,0,8,0.6639283203390649
23240026,15,5,7,37,24,0,1,-1,1,0,1,0,8,-0.6639283203390649
23240026,15,5,8,24,37,1,0,-3,0,1,0,0,8,0.6639283203390649
23240026,15,5,8,37,24,-1,1,3,0,0,1,0,8,-0.6639283203390649
23240026,16,1,1,19,22,0,0,-1,0,1,1,0,8,0.9548733490573076
23240026,16,1,1,22,19,0,1,1,0,1,1,0,8,-0.9548733490573076
23240026,16,1,2,19,22,-1,1,3,0,1,1,0,8,0.9548733490573076
23240026,16,1,2,22,19,1,0,-3,0,1,1,0,8,-0.9548733490573076
23240026,16,1,3,19,22,2,0,-1,0,1,1,0,8,0.9548733490573076
23240026,16,1,3,22,19,-2,1,1,0,1,1,0,8,-0.9548733490573076
23240026,16,1,4,19,22,1,1,3,0,1,1,0,8,0.9548733490573076
23240026,16,1,4,22,19,-1,0,-3,0,1,1,0,8,-0.9548733490573076
23240026,16,1,5,19,22,4,0,-1,-1,1,0,0,8,0.9548733490573076
23240026,16,1,5,22,19,-4,1,1,1,0,1,0,8,-0.9548733490573076
23240026,16,1,6,19,22,3,1,1,1,0,0,0,8,0.9548733490573076
23240026,16,1,6,22,19,-3,0,-1,-1,0,0,0,8,-0.9548733490573076
23240026,16,1,7,19,22,4,0,-1,0,0,0,0,8,0.9548733490573076
23240026,16,1,7,22,19,-4,1,1,0,0,0,0,8,-0.9548733490573076
23240026,16,1,8,19,22,3,1,0,0,0,0,0,8,0.9548733490573076
23240026,16,1,8,22,19,-3,0,0,0,0,0,0,8,-0.9548733490573076
23240026,16,2,1,30,44,0,1,2,0,1,1,0,8,-0.31345749674300916
23240026,16,2,1,44,30,0,0,-2,0,1,1,0,8,0.31345749674300916
23240026,16,2,2,30,44,2,0,-2,0,1,1,0,8,-0.31345749674300916
23240026,16,2,2,44,30,-2,1,2,0,1,1,0,8,0.31345749674300916
23240026,16,2,3,30,44,0,1,-2,0,1,1,0,8,-0.31345749674300916
23240026,16,2,3,44,30,0,0,2,0,1,1,0,8,0.31345749674300916
23240026,16,2,4,30,44,-2,1,1,0,1,1,0,8,-0.31345749674300916
23240026,16,2,4,44,30,2,0,-1,0,1,1,0,8,0.31345749674300916
23240026,16,2,5,30,44,-1,0,1,0,1,1,0,8,-0.31345749674300916
23240026,16,2,5,44,30,1,1,-1,0,1,1,0,8,0.31345749674300916
23240026,16,2,6,30,44,0,0,4,0,1,1,0,8,-0.31345749674300916
23240026,16,2,6,44,30,0,1,-4,0,1,1,0,8,0.31345749674300916
23240026,16,2,7,30,44,4,0,-1,-1,1,0,0,8,-0.31345749674300916
23240026,16,2,7,44,30,-4,1,1,1,0,1,0,8,0.31345749674300916
23240026,16,2,8,30,44,3,1,0,1,0,0,0,8,-0.31345749674300916
23240026,16,2,8,44,30,-3,0,0,-1,0,0,0,8,0.31345749674300916
23240026,16,3,1,10,46,0,1,2,0,1,1,0,7,0.7085135348949514
23240026,16,3,1,46,10,0,0,-2,0,1,1,0,7,-0.7085135348949514
23240026,16,3,2,10,46,2,0,1,0,1,1,0,7,0.7085135348949514
23240026,16,3,2,46,10,-2,1,-1,0,1,1,0,7,-0.7085135348949514
23240026,16,3,3,10,46,3,0,-1,0,1,1,0,7,0.7085135348949514
23240026,16,3,3,46,10,-3,1,1,0,1,1,0,7,-0.7085135348949514
23240026,16,3,4,10,46,2,1,2,0,1,1,0,7,0.7085135348949514
23240026,16,3,4,46,10,-2,0,-2,0,1,1,0,7,-0.7085135348949514
23240026,16,3,5,10,46,4,0,-3,-1,1,0,0,7,0.7085135348949514
23240026,16,3,5,46,10,-4,1,3,1,0,1,0,7,-0.7085135348949514
23240026,16,3,6,10,46,1,1,3,0,1,0,0,7,0.7085135348949514
23240026,16,3,6,46,10,-1,0,-3,0,0,1,0,7,-0.7085135348949514
23240026,16,3,7,10,46,4,0,3,0,1,0,1,7,0.7085135348949514
23240026,16,3,7,46,10,-4,1,-3,0,0,1,1,7,-0.7085135348949514
23240026,16,4,1,14,43,0,1,1,0,1,1,0,8,1.610516831132272
23240026,16,4,1,43,14,0,0,-1,0,1,1,0,8,-1.610516831132272
23240026,16,4,2,14,43,1,0,1,0,1,1,0,8,1.610516831132272
23240026,16,4,2,43,14,-1,1,-1,0,1,1,0,8,-1.610516831132272
23240026,16,4,3,14,43,2,0,-1,0,1,1,0,8,1.610516831132272
23240026,16,4,3,43,14,-2,1,1,0,1,1,0,8,-1.610516831132272
23240026,16,4,4,14,43,1,1,2,0,1,1,0,8,1.610516831132272
23240026,16,4,4,43,14,-1,0,-2,0,1,1,0,8,-1.610516831132272
23240026,16,4,5,14,43,3,0,-2,-1,1,0,0,8,1.610516831132272
23240026,16,4,5,43,14,-3,1,2,1,0,1,0,8,-1.610516831132272
23240026,16,4,6,14,43,1,1,-1,0,1,0,0,8,1.610516831132272
23240026,16,4,6,43,14,-1,0,1,0,0,1,0,8,-1.610516831132272
23240026,16,4,7,14,43,0,1,2,1,0,0,0,8,1.610516831132272
23240026,16,4,7,43,14,0,0,-2,-1,0,0,0,8,-1.610516831132272
23240026,16,4,8,14,43,2,0,0,0,0,0,0,8,1.610516831132272
23240026,16,4,8,43,14,-2,1,0,0,0,0,0,8,-1.610516831132272
23240026,16,5,1,20,25,0,1,2,0,1,1,0,6,1.2254620985004117
23240026,16,5,1,25,20,0,0,-2,0,1,1,0,6,-1.2254620985004117
23240026,16,5,2,20,25,2,0,2,0,1,1,0,6,1.2254620985004117
23240026,16,5,2,25,20,-2,1,-2,0,1,1,0,6,-1.2254620985004117
23240026,16,5,3,20,25,4,0,2,0,1,1,0,6,1.2254620985004117
23240026,16,5,3,25,20,-4,1,-2,0,1,1,0,6,-1.2254620985004117
23240026,16,5,4,20,25,6,0,2,-1,1,0,0,6,1.2254620985004117
23240026,16,5,4,25,20,-6,1,-2,1,0,1,0,6,-1.2254620985004117
23240026,16,5,5,20,25,8,0,1,0,1,0,0,6,1.2254620985004117
23240026,16,5,5,25,20,-8,1,-1,0,0,1,0,6,-1.2254620985004117
23240026,16,5,6,20,25,9,0,1,0,1,0,1,6,1.2254620985004117
23240026,16,5,6,25,20,-9,1,-1,0,0,1,1,6,-1.2254620985004117
23240026,17,1,1,16,18,0,0,2,0,1,1,0,8,0.34141516777814324
23240026,17,1,1,18,16,0,1,-2,0,1,1,0,8,-0.34141516777814324
23240026,17,1,2,16,18,2,0,-1,0,1,1,0,8,0.34141516777814324
23240026,17,1,2,18,16,-2,1,1,0,1,1,0,8,-0.34141516777814324
23240026,17,1,3,16,18,1,1,-2,0,1,1,0,8,0.34141516777814324
23240026,17,1,3,18,16,-1,0,2,0,1,1,0,8,-0.34141516777814324
23240026,17,1,4,16,18,-1,1,2,0,1,1,0,8,0.34141516777814324
23240026,17,1,4,18,16,1,0,-2,0,1,1,0,8,-0.34141516777814324
23240026,17,1,5,16,18,1,0,1,0,1,1,0,8,0.34141516777814324
23240026,17,1,5,18,16,-1,1,-1,0,1,1,0,8,-0.34141516777814324
23240026,17,1,6,16,18,2,0,-2,-1,1,0,0,8,0.34141516777814324
23240026,17,1,6,18,16,-2,1,2,1,0,1,0,8,-0.34141516777814324
23240026,17,1,7,16,18,0,1,3,1,0,0,0,8,0.34141516777814324
23240026,17,1,7,18,16,0,0,-3,-1,0,0,0,8,-0.34141516777814324
23240026,17,1,8,16,18,3,0,-2,0,0,0,0,8,0.34141516777814324
23240026,17,1,8,18,16,-3,1,2,0,0,0,0,8,-0.34141516777814324
23240026,17,2,1,13,37,0,0,1,0,1,1,0,8,-1.736868593835755
23240026,17,2,1,37,13,0,1,-1,0,1,1,0,8,1.736868593835755
23240026,17,2,2,13,37,1,0,-1,0,1,1,0,8,-1.736868593835755
23240026,17,2,2,37,13,-1,1,1,0,1,1,0,8,1.736868593835755
23240026,17,2,3,13,37,0,1,-1,0,1,1,0,8,-1.736868593835755
23240026,17,2,3,37,13,0,0,1,0,1,1,0,8,1.736868593835755
23240026,17,2,4,13,37,-1,1,1,0,1,1,0,8,-1.736868593835755
23240026,17,2,4,37,13,1,0,-1,0,1,1,0,8,1.736868593835755
23240026,17,2,5,13,37,0,0,-3,0,1,1,0,8,-1.736868593835755
23240026,17,2,5,37,13,0,1,3,0,1,1,0,8,1.736868593835755
23240026,17,2,6,13,37,-3,1,1,1,0,1,0,8,-1.736868593835755
23240026,17,2,6,37,13,3,0,-1,-1,1,0,0,8,1.736868593835755
23240026,17,2,7,13,37,-2,0,-3,-1,0,0,0,8,-1.736868593835755
23240026,17,2,7,37,13,2,1,3,1,0,0,0,8,1.736868593835755
23240026,17,2,8,13,37,-5,1,0,0,0,0,0,8,-1.736868593835755
23240026,17,2,8,37,13,5,0,0,0,0,0,0,8,1.736868593835755
23240026,17,3,1,17,34,0,1,3,0,1,1,0,8,2.279635077363662
23240026,17,3,1,34,17,0,0,-3,0,1,1,0,8,-2.279635077363662
23240026,17,3,2,17,34,3,0,1,0,1,1,0,8,2.279635077363662
23240026,17,3,2,34,17,-3,1,-1,0,1,1,0,8,-2.279635077363662
23240026,17,3,3,17,34,4,0,-1,0,1,1,0,8,2.279635077363662
23240026,17,3,3,34,17,-4,1,1,0,1,1,0,8,-2.279635077363662
23240026,17,3,4,17,34,3,1,1,0,1,1,0,8,2.279635077363662
23240026,17,3,4,34,17,-3,0,-1,0,1,1,0,8,-2.279635077363662
23240026,17,3,5,17,34,4,0,-1,-1,1,0,0,8,2.279635077363662
23240026,17,3,5,34,17,-4,1,1,1,0,1,0,8,-2.279635077363662
23240026,17,3,6,17,34,3,1,-1,1,0,0,0,8,2.279635077363662
23240026,17,3,6,34,17,-3,0,1,-1,0,0,0,8,-2.279635077363662
23240026,17,3,7,17,34,2,1,2,0,0,0,0,8,2.279635077363662
23240026,17,3,7,34,17,-2,0,-2,0,0,0,0,8,-2.279635077363662
23240026,17,3,8,17,34,4,0,2,0,0,0,0,8,2.279635077363662
23240026,17,3,8,34,17,-4,1,-2,0,0,0,0,8,-2.279635077363662
23240026,17,4,1,15,24,0,1,2,0,1,1,0,8,-2.32013799152764
23240026,17,4,1,24,15,0,0,-2,0,1,1,0,8,2.32013799152764
23240026,17,4,2,15,24,2,0,-1,0,1,1,0,8,-2.32013799152764
23240026,17,4,2,24,15,-2,1,1,0,1,1,0,8,2.32013799152764
23240026,17,4,3,15,24,1,1,2,0,1,1,0,8,-2.32013799152764
23240026,17,4,3,24,15,-1,0,-2,0,1,1,0,8,2.32013799152764
23240026,17,4,4,15,24,3,0,-2,0,1,1,0,8,-2.32013799152764
23240026,17,4,4,24,15,-3,1,2,0,1,1,0,8,2.32013799152764
23240026,17,4,5,15,24,1,1,-3,0,1,1,0,8,-2.32013799152764
23240026,17,4,5,24,15,-1,0,3,0,1,1,0,8,2.32013799152764
23240026,17,4,6,15,24,-2,1,-1,0,1,1,0,8,-2.32013799152764
23240026,17,4,6,24,15,2,0,1,0,1,1,0,8,2.32013799152764
23240026,17,4,7,15,24,-3,1,2,1,0,1,0,8,-2.32013799152764
23240026,17,4,7,24,15,3,0,-2,-1,1,0,0,8,2.32013799152764
23240026,17,4,8,15,24,-1,0,-1,-1,0,0,0,8,-2.32013799152764
23240026,17,4,8,24,15,1,1,1,1,0,0,0,8,2.32013799152764
23240026,17,5,1,11,51,0,0,-1,0,1,1,0,8,0.5988062188071609
23240026,17,5,1,51,11,0,1,1,0,1,1,0,8,-0.5988062188071609
23240026,17,5,2,11,51,-1,1,-1,0,1,1,0,8,0.5988062188071609
23240026,17,5,2,51,11,1,0,1,0,1,1,0,8,-0.5988062188071609
23240026,17,5,3,11,51,-2,1,3,0,1,1,0,8,0.5988062188071609
23240026,17,5,3,51,11,2,0,-3,0,1,1,0,8,-0.5988062188071609
23240026,17,5,4,11,51,1,0,1,0,1,1,0,8,0.5988062188071609
23240026,17,5,4,51,11,-1,1,-1,0,1,1,0,8,-0.5988062188071609
23240026,17,5,5,11,51,2,0,-3,0,1,1,0,8,0.5988062188071609
23240026,17,5,5,51,11,-2,1,3,0,1,1,0,8,-0.5988062188071609
23240026,17,5,6,11,51,-1,1,1,1,0,1,0,8,0.5988062188071609
23240026,17,5,6,51,11,1,0,-1,-1,1,0,0,8,-0.5988062188071609
23240026,17,5,7,11,51,0,0,-1,-1,0,0,0,8,0.5988062188071609
23240026,17,5,7,51,11,0,1,1,1,0,0,0,8,-0.5988062188071609
23240026,17,5,8,11,51,-1,1,-1,0,0,0,0,8,0.5988062188071609
23240026,17,5,8,51,11,1,0,1,0,0,0,0,8,-0.5988062188071609
23240026,18,1,1,30,46,0,1,-1,0,1,1,0,6,-0.7330810472189642
23240026,18,1,1,46,30,0,0,1,0,1,1,0,6,0.7330810472189642
23240026,18,1,2,30,46,-1,1,1,0,1,1,0,6,-0.7330810472189642
23240026,18,1,2,46,30,1,0,-1,0,1,1,0,6,0.7330810472189642
23240026,18,1,3,30,46,0,0,-1,0,1,1,0,6,-0.7330810472189642
23240026,18,1,3,46,30,0,1,1,0,1,1,0,6,0.7330810472189642
23240026,18,1,4,30,46,-1,1,-3,0,1,1,0,6,-0.7330810472189642
23240026,18,1,4,46,30,1,0,3,0,1,1,0,6,0.7330810472189642
23240026,18,1,5,30,46,-4,1,-2,1,0,1,0,6,-0.7330810472189642
23240026,18,1,5,46,30,4,0,2,-1,1,0,0,6,0.7330810472189642
23240026,18,1,6,30,46,-6,1,1,0,0,1,1,6,-0.7330810472189642
23240026,18,1,6,46,30,6,0,-1,0,1,0,1,6,0.7330810472189642
23240026,18,2,1,10,20,0,0,3,0,1,1,0,7,0.350208680623743
23240026,18,2,1,20,10,0,1,-3,0,1,1,0,7,-0.350208680623743
23240026,18,2,2,10,20,3,0,-1,0,1,1,0,7,0.350208680623743
23240026,18,2,2,20,10,-3,1,1,0,1,1,0,7,-0.350208680623743
23240026,18,2,3,10,20,2,1,2,0,1,1,0,7,0.350208680623743
23240026,18,2,3,20,10,-2,0,-2,0,1,1,0,7,-0.350208680623743
23240026,18,2,4,10,20,4,0,-2,0,1,1,0,7,0.350208680623743
23240026,18,2,4,20,10,-4,1,2,0,1,1,0,7,-0.350208680623743
23240026,18,2,5,10,20,2,1,1,0,1,1,0,7,0.350208680623743
23240026,18,2,5,20,10,-2,0,-1,0,1,1,0,7,-0.350208680623743
23240026,18,2,6,10,20,3,0,-3,-1,1,0,0,7,0.350208680623743
23240026,18,2,6,20,10,-3,1,3,1,0,1,0,7,-0.350208680623743
23240026,18,2,7,10,20,0,1,6,1,0,0,1,7,0.350208680623743
23240026,18,2,7,20,10,0,0,-6,-1,0,0,1,7,-0.350208680623743
23240026,18,3,1,43,44,0,1,-1,0,1,1,0,8,-0.551279545222831
23240026,18,3,1,44,43,0,0,1,0,1,1,0,8,0.551279545222831
23240026,18,3,2,43,44,-1,1,-1,0,1,1,0,8,-0.551279545222831
23240026,18,3,2,44,43,1,0,1,0,1,1,0,8,0.551279545222831
23240026,18,3,3,43,44,-2,1,-1,0,1,1,0,8,-0.551279545222831
23240026,18,3,3,44,43,2,0,1,0,1,1,0,8,0.551279545222831
23240026,18,3,4,43,44,-3,1,2,0,1,1,0,8,-0.551279545222831
23240026,18,3,4,44,43,3,0,-2,0,1,1,0,8,0.551279545222831
23240026,18,3,5,43,44,-1,0,2,0,1,1,0,8,-0.551279545222831
23240026,18,3,5,44,43,1,1,-2,0,1,1,0,8,0.551279545222831
23240026,18,3,6,43,44,1,0,1,0,1,1,0,8,-0.551279545222831
23240026,18,3,6,44,43,-1,1,-1,0,1,1,0,8,0.551279545222831
23240026,18,3,7,43,44,2,0,-4,-1,1,0,0,8,-0.551279545222831
23240026,18,3,7,44,43,-2,1,4,1,0,1,0,8,0.551279545222831
23240026,18,3,8,43,44,-2,1,0,1,0,0,0,8,-0.551279545222831
23240026,18,3,8,44,43,2,0,0,-1,0,0,0,8,0.551279545222831
23240026,18,4,1,22,25,0,0,-1,0,1,1,0,6,0.41207886666951055
23240026,18,4,1,25,22,0,1,1,0,1,1,0,6,-0.41207886666951055
23240026,18,4,2,22,25,-1,1,-3,0,1,1,0,6,0.41207886666951055
23240026,18,4,2,25,22,1,0,3,0,1,1,0,6,-0.41207886666951055
23240026,18,4,3,22,25,-4,1,1,0,1,1,0,6,0.41207886666951055
23240026,18,4,3,25,22,4,0,-1,0,1,1,0,6,-0.41207886666951055
23240026,18,4,4,22,25,-3,0,-1,0,1,1,0,6,0.41207886666951055
23240026,18,4,4,25,22,3,1,1,0,1,1,0,6,-0.41207886666951055
23240026,18,4,5,22,25,-4,1,-1,1,0,1,0,6,0.41207886666951055
23240026,18,4,5,25,22,4,0,1,-1,1,0,0,6,-0.41207886666951055
23240026,18,4,6,22,25,-5,1,-1,0,0,1,1,6,0.41207886666951055
23240026,18,4,6,25,22,5,0,1,0,1,0,1,6,-0.41207886666951055
23240026,18,5,1,14,19,0,0,1,0,1,1,0,8,0.13981876393587112
23240026,18,5,1,19,14,0,1,-1,0,1,1,0,8,-0.13981876393587112
23240026,18,5,2,14,19,1,0,-2,0,1,1,0,8,0.13981876393587112
23240026,18,5,2,19,14,-1,1,2,0,1,1,0,8,-0.13981876393587112
23240026,18,5,3,14,19,-1,1,2,0,1,1,0,8,0.13981876393587112
23240026,18,5,3,19,14,1,0,-2,0,1,1,0,8,-0.13981876393587112
23240026,18,5,4,14,19,1,0,-1,0,1,1,0,8,0.13981876393587112
23240026,18,5,4,19,14,-1,1,1,0,1,1,0,8,-0.13981876393587112
23240026,18,5,5,14,19,0,1,2,0,1,1,0,8,0.13981876393587112
23240026,18,5,5,19,14,0,0,-2,0,1,1,0,8,-0.13981876393587112
23240026,18,5,6,14,19,2,0,-1,-1,1,0,0,8,0.13981876393587112
23240026,18,5,6,19,14,-2,1,1,1,0,1,0,8,-0.13981876393587112
23240026,18,5,7,14,19,1,1,3,1,0,0,0,8,0.13981876393587112
23240026,18,5,7,19,14,-1,0,-3,-1,0,0,0,8,-0.13981876393587112
23240026,18,5,8,14,19,4,0,0,0,0,0,0,8,0.13981876393587112
23240026,18,5,8,19,14,-4,1,0,0,0,0,0,8,-0.13981876393587112
23240026,41,1,1,10,37,0,1,1,0,1,1,0,9,0.1798017061770243
23240026,41,1,1,37,10,0,0,-1,0,1,1,0,9,-0.1798017061770243
23240026,41,1,2,10,37,1,0,-2,0,1,1,0,9,0.1798017061770243
23240026,41,1,2,37,10,-1,1,2,0,1,1,0,9,-0.1798017061770243
23240026,41,1,3,10,37,-1,1,1,0,1,1,0,9,0.1798017061770243
23240026,41,1,3,37,10,1,0,-1,0,1,1,0,9,-0.1798017061770243
23240026,41,1,4,10,37,0,0,-1,0,1,1,0,9,0.1798017061770243
23240026,41,1,4,37,10,0,1,1,0,1,1,0,9,-0.1798017061770243
23240026,41,1,5,10,37,-1,1,2,0,1,1,0,9,0.1798017061770243
23240026,41,1,5,37,10,1,0,-2,0,1,1,0,9,-0.1798017061770243
23240026,41,1,6,10,37,1,0,-1,-1,1,0,0,9,0.1798017061770243
23240026,41,1,6,37,10,-1,1,1,1,0,1,0,9,-0.1798017061770243
23240026,41,1,7,10,37,0,1,1,1,0,0,0,9,0.1798017061770243
23240026,41,1,7,37,10,0,0,-1,-1,0,0,0,9,-0.1798017061770243
23240026,41,1,8,10,37,1,0,-1,0,0,0,0,9,0.1798017061770243
23240026,41,1,8,37,10,-1,1,1,0,0,0,0,9,-0.1798017061770243
23240026,41,1,9,10,37,0,1,-1,0,0,0,0,9,0.1798017061770243
23240026,41,1,9,37,10,0,0,1,0,0,0,0,9,-0.1798017061770243
23240026,41,2,1,14,18,0,0,1,0,1,1,0,8,0.5122752267539248
23240026,41,2,1,18,14,0,1,-1,0,1,1,0,8,-0.5122752267539248
23240026,41,2,2,14,18,1,0,1,0,1,1,0,8,0.5122752267539248
23240026,41,2,2,18,14,-1,1,-1,0,1,1,0,8,-0.5122752267539248
23240026,41,2,3,14,18,2,0,-1,0,1,1,0,8,0.5122752267539248
23240026,41,2,3,18,14,-2,1,1,0,1,1,0,8,-0.5122752267539248
23240026,41,2,4,14,18,1,1,-1,0,1,1,0,8,0.5122752267539248
23240026,41,2,4,18,14,-1,0,1,0,1,1,0,8,-0.5122752267539248
23240026,41,2,5,14,18,0,1,-2,0,1,1,0,8,0.5122752267539248
23240026,41,2,5,18,14,0,0,2,0,1,1,0,8,-0.5122752267539248
23240026,41,2,6,14,18,-2,1,2,1,0,1,0,8,0.5122752267539248
23240026,41,2,6,18,14,2,0,-2,-1,1,0,0,8,-0.5122752267539248
23240026,41,2,7,14,18,0,0,-4,-1,0,0,0,8,0.5122752267539248
23240026,41,2,7,18,14,0,1,4,1,0,0,0,8,-0.5122752267539248
23240026,41,2,8,14,18,-4,1,2,0,0,0,0,8,0.5122752267539248
23240026,41,2,8,18,14,4,0,-2,0,0,0,0,8,-0.5122752267539248
23240026,45,1,1,22,51,0,0,-1,0,1,1,0,8,0.7392974791290605
23240026,45,1,1,51,22,0,1,1,0,1,1,0,8,-0.7392974791290605
23240026,45,1,2,22,51,-1,1,3,0,1,1,0,8,0.7392974791290605
23240026,45,1,2,51,22,1,0,-3,0,1,1,0,8,-0.7392974791290605
23240026,45,1,3,22,51,2,0,-1,0,1,1,0,8,0.7392974791290605
23240026,45,1,3,51,22,-2,1,1,0,1,1,0,8,-0.7392974791290605
23240026,45,1,4,22,51,1,1,2,0,1,1,0,8,0.7392974791290605
23240026,45,1,4,51,22,-1,0,-2,0,1,1,0,8,-0.7392974791290605
23240026,45,1,5,22,51,3,0,-2,-1,1,0,0,8,0.7392974791290605
23240026,45,1,5,51,22,-3,1,2,1,0,1,0,8,-0.7392974791290605
23240026,45,1,6,22,51,1,1,1,0,1,0,0,8,0.7392974791290605
23240026,45,1,6,51,22,-1,0,-1,0,0,1,0,8,-0.7392974791290605
23240026,45,1,7,22,51,2,0,2,0,1,0,0,8,0.7392974791290605
23240026,45,1,7,51,22,-2,1,-2,0,0,1,0,8,-0.7392974791290605
23240026,45,1,8,22,51,4,0,0,0,1,0,0,8,0.7392974791290605
23240026,45,1,8,51,22,-4,1,0,0,0,1,0,8,-0.7392974791290605
23240026,45,2,1,13,46,0,1,-1,0,1,1,0,8,-1.208156765117828
23240026,45,2,1,46,13,0,0,1,0,1,1,0,8,1.208156765117828
23240026,45,2,2,13,46,-1,1,2,0,1,1,0,8,-1.208156765117828
23240026,45,2,2,46,13,1,0,-2,0,1,1,0,8,1.208156765117828
23240026,45,2,3,13,46,1,0,-1,0,1,1,0,8,-1.208156765117828
23240026,45,2,3,46,13,-1,1,1,0,1,1,0,8,1.208156765117828
23240026,45,2,4,13,46,0,1,1,0,1,1,0,8,-1.208156765117828
23240026,45,2,4,46,13,0,0,-1,0,1,1,0,8,1.208156765117828
23240026,45,2,5,13,46,1,0,-1,0,1,1,0,8,-1.208156765117828
23240026,45,2,5,46,13,-1,1,1,0,1,1,0,8,1.208156765117828
23240026,45,2,6,13,46,0,1,1,0,1,1,0,8,-1.208156765117828
23240026,45,2,6,46,13,0,0,-1,0,1,1,0,8,1.208156765117828
23240026,45,2,7,13,46,1,0,-4,-1,1,0,0,8,-1.208156765117828
23240026,45,2,7,46,13,-1,1,4,1,0,1,0,8,1.208156765117828
23240026,45,2,8,13,46,-3,1,1,1,0,0,0,8,-1.208156765117828
23240026,45,2,8,46,13,3,0,-1,-1,0,0,0,8,1.208156765117828
23240026,46,1,1,17,37,0,1,-1,0,1,1,0,8,0.18509194676596752
23240026,46,1,1,37,17,0,0,1,0,1,1,0,8,-0.18509194676596752
23240026,46,1,2,17,37,-1,1,2,0,1,1,0,8,0.18509194676596752
23240026,46,1,2,37,17,1,0,-2,0,1,1,0,8,-0.18509194676596752
23240026,46,1,3,17,37,1,0,-1,0,1,1,0,8,0.18509194676596752
23240026,46,1,3,37,17,-1,1,1,0,1,1,0,8,-0.18509194676596752
23240026,46,1,4,17,37,0,1,2,0,1,1,0,8,0.18509194676596752
23240026,46,1,4,37,17,0,0,-2,0,1,1,0,8,-0.18509194676596752
23240026,46,1,5,17,37,2,0,-3,0,1,1,0,8,0.18509194676596752
23240026,46,1,5,37,17,-2,1,3,0,1,1,0,8,-0.18509194676596752
23240026,46,1,6,17,37,-1,1,2,1,0,1,0,8,0.18509194676596752
23240026,46,1,6,37,17,1,0,-2,-1,1,0,0,8,-0.18509194676596752
23240026,46,1,7,17,37,1,0,-2,-1,0,0,0,8,0.18509194676596752
23240026,46,1,7,37,17,-1,1,2,1,0,0,0,8,-0.18509194676596752
23240026,46,1,8,17,37,-1,1,-1,0,0,0,0,8,0.18509194676596752
23240026,46,1,8,37,17,1,0,1,0,0,0,0,8,-0.18509194676596752
23240026,46,2,1,18,19,0,0,-1,0,1,1,0,8,-0.3724564628180536
23240026,46,2,1,19,18,0,1,1,0,1,1,0,8,0.3724564628180536
23240026,46,2,2,18,19,-1,1,1,0,1,1,0,8,-0.3724564628180536
23240026,46,2,2,19,18,1,0,-1,0,1,1,0,8,0.3724564628180536
23240026,46,2,3,18,19,0,0,1,0,1,1,0,8,-0.3724564628180536
23240026,46,2,3,19,18,0,1,-1,0,1,1,0,8,0.3724564628180536
23240026,46,2,4,18,19,1,0,-2,0,1,1,0,8,-0.3724564628180536
23240026,46,2,4,19,18,-1,1,2,0,1,1,0,8,0.3724564628180536
23240026,46,2,5,18,19,-1,1,1,0,1,1,0,8,-0.3724564628180536
23240026,46,2,5,19,18,1,0,-1,0,1,1,0,8,0.3724564628180536
23240026,46,2,6,18,19,0,0,-2,-1,1,0,0,8,-0.3724564628180536
23240026,46,2,6,19,18,0,1,2,1,0,1,0,8,0.3724564628180536
23240026,46,2,7,18,19,-2,1,-1,1,0,0,0,8,-0.3724564628180536
23240026,46,2,7,19,18,2,0,1,-1,0,0,0,8,0.3724564628180536
23240026,46,2,8,18,19,-3,1,0,0,0,0,0,8,-0.3724564628180536
23240026,46,2,8,19,18,3,0,0,0,0,0,0,8,0.3724564628180536
23240026,48,1,1,17,18,0,1,1,0,1,1,0,8,0.5864652668043335
23240026,48,1,1,18,17,0,0,-1,0,1,1,0,8,-0.5864652668043335
23240026,48,1,2,17,18,1,0,-1,0,1,1,0,8,0.5864652668043335
23240026,48,1,2,18,17,-1,1,1,0,1,1,0,8,-0.5864652668043335
23240026,48,1,3,17,18,0,1,1,0,1,1,0,8,0.5864652668043335
23240026,48,1,3,18,17,0,0,-1,0,1,1,0,8,-0.5864652668043335
23240026,48,1,4,17,18,1,0,-2,0,1,1,0,8,0.5864652668043335
23240026,48,1,4,18,17,-1,1,2,0,1,1,0,8,-0.5864652668043335
23240026,48,1,5,17,18,-1,1,3,1,0,1,0,8,0.5864652668043335
23240026,48,1,5,18,17,1,0,-3,-1,1,0,0,8,-0.5864652668043335
23240026,48,1,6,17,18,2,0,-1,-1,0,0,0,8,0.5864652668043335
23240026,48,1,6,18,17,-2,1,1,1,0,0,0,8,-0.5864652668043335
23240026,48,1,7,17,18,1,1,-1,0,0,0,0,8,0.5864652668043335
23240026,48,1,7,18,17,-1,0,1,0,0,0,0,8,-0.5864652668043335
23240026,48,1,8,17,18,0,1,1,0,0,0,0,8,0.5864652668043335
23240026,48,1,8,18,17,0,0,-1,0,0,0,0,8,-0.5864652668043335
23240026,49,1,1,19,37,0,1,-1,0,1,1,0,8,-0.028916857220312342
23240026,49,1,1,37,19,0,0,1,0,1,1,0,8,0.028916857220312342
23240026,49,1,2,19,37,-1,1,2,0,1,1,0,8,-0.028916857220312342
23240026,49,1,2,37,19,1,0,-2,0,1,1,0,8,0.028916857220312342
23240026,49,1,3,19,37,1,0,1,0,1,1,0,8,-0.028916857220312342
23240026,49,1,3,37,19,-1,1,-1,0,1,1,0,8,0.028916857220312342
23240026,49,1,4,19,37,2,0,-1,0,1,1,0,8,-0.028916857220312342
23240026,49,1,4,37,19,-2,1,1,0,1,1,0,8,0.028916857220312342
23240026,49,1,5,19,37,1,1,2,0,1,1,0,8,-0.028916857220312342
23240026,49,1,5,37,19,-1,0,-2,0,1,1,0,8,0.028916857220312342
23240026,49,1,6,19,37,3,0,-2,-1,1,0,0,8,-0.028916857220312342
23240026,49,1,6,37,19,-3,1,2,1,0,1,0,8,0.028916857220312342
23240026,49,1,7,19,37,1,1,2,1,0,0,0,8,-0.028916857220312342
23240026,49,1,7,37,19,-1,0,-2,-1,0,0,0,8,0.028916857220312342
23240026,49,1,8,19,37,3,0,1,0,0,0,0,8,-0.028916857220312342
23240026,49,1,8,37,19,-3,1,-1,0,0,0,0,8,0.028916857220312342
24250026,1,1,1,10,15,0,1,1,0,1,1,0,7,1.8360113773655993
24250026,1,1,1,15,10,0,0,-1,0,1,1,0,7,-1.8360113773655993
24250026,1,1,2,10,15,1,0,-2,0,1,1,0,7,1.8360113773655993
24250026,1,1,2,15,10,-1,1,2,0,1,1,0,7,-1.8360113773655993
24250026,1,1,3,10,15,-1,1,3,0,1,1,0,7,1.8360113773655993
24250026,1,1,3,15,10,1,0,-3,0,1,1,0,7,-1.8360113773655993
24250026,1,1,4,10,15,2,0,-1,0,1,1,0,7,1.8360113773655993
24250026,1,1,4,15,10,-2,1,1,0,1,1,0,7,-1.8360113773655993
24250026,1,1,5,10,15,1,1,2,0,1,1,0,7,1.8360113773655993
24250026,1,1,5,15,10,-1,0,-2,0,1,1,0,7,-1.8360113773655993
24250026,1,1,6,10,15,3,0,-2,-1,1,0,0,7,1.8360113773655993
24250026,1,1,6,15,10,-3,1,2,1,0,1,0,7,-1.8360113773655993
24250026,1,1,7,10,15,1,1,4,1,0,0,1,7,1.8360113773655993
24250026,1,1,7,15,10,-1,0,-4,-1,0,0,1,7,-1.8360113773655993
24250026,1,2,1,43,44,0,1,1,0,1,1,0,8,-0.551279545222831
24250026,1,2,1,44,43,0,0,-1,0,1,1,0,8,0.551279545222831
24250026,1,2,2,43,44,1,0,1,0,1,1,0,8,-0.551279545222831
24250026,1,2,2,44,43,-1,1,-1,0,1,1,0,8,0.551279545222831
24250026,1,2,3,43,44,2,0,-1,0,1,1,0,8,-0.551279545222831
24250026,1,2,3,44,43,-2,1,1,0,1,1,0,8,0.551279545222831
24250026,1,2,4,43,44,1,1,1,0,1,1,0,8,-0.551279545222831
24250026,1,2,4,44,43,-1,0,-1,0,1,1,0,8,0.551279545222831
24250026,1,2,5,43,44,2,0,-1,0,1,1,0,8,-0.551279545222831
24250026,1,2,5,44,43,-2,1,1,0,1,1,0,8,0.551279545222831
24250026,1,2,6,43,44,1,1,3,1,0,1,0,8,-0.551279545222831
24250026,1,2,6,44,43,-1,0,-3,-1,1,0,0,8,0.551279545222831
24250026,1,2,7,43,44,4,0,-2,-1,0,0,0,8,-0.551279545222831
24250026,1,2,7,44,43,-4,1,2,1,0,0,0,8,0.551279545222831
24250026,1,2,8,43,44,2,1,1,0,0,0,0,8,-0.551279545222831
24250026,1,2,8,44,43,-2,0,-1,0,0,0,0,8,0.551279545222831
24250026,1,3,1,14,25,0,0,-1,0,1,1,0,7,1.5067709796626891
24250026,1,3,1,25,14,0,1,1,0,1,1,0,7,-1.5067709796626891
24250026,1,3,2,14,25,-1,1,-1,0,1,1,0,7,1.5067709796626891
24250026,1,3,2,25,14,1,0,1,0,1,1,0,7,-1.5067709796626891
24250026,1,3,3,14,25,-2,1,3,0,1,1,0,7,1.5067709796626891
24250026,1,3,3,25,14,2,0,-3,0,1,1,0,7,-1.5067709796626891
24250026,1,3,4,14,25,1,0,3,0,1,1,0,7,1.5067709796626891
24250026,1,3,4,25,14,-1,1,-3,0,1,1,0,7,-1.5067709796626891
24250026,1,3,5,14,25,4,0,1,0,1,1,0,7,1.5067709796626891
24250026,1,3,5,25,14,-4,1,-1,0,1,1,0,7,-1.5067709796626891
24250026,1,3,6,14,25,5,0,-1,-1,1,0,0,7,1.5067709796626891
24250026,1,3,6,25,14,-5,1,1,1,0,1,0,7,-1.5067709796626891
24250026,1,3,7,14,25,4,1,3,1,0,0,1,7,1.5067709796626891
24250026,1,3,7,25,14,-4,0,-3,-1,0,0,1,7,-1.5067709796626891
24250026,1,4,1,12,24,0,0,-2,0,1,1,0,7,-1.2111398434179113
24250026,1,4,1,24,12,0,1,2,0,1,1,0,7,1.2111398434179113
24250026,1,4,2,12,24,-2,1,-2,0,1,1,0,7,-1.2111398434179113
24250026,1,4,2,24,12,2,0,2,0,1,1,0,7,1.2111398434179113
24250026,1,4,3,12,24,-4,1,1,1,0,1,0,7,-1.2111398434179113
24250026,1,4,3,24,12,4,0,-1,-1,1,0,0,7,1.2111398434179113
24250026,1,4,4,12,24,-3,0,-3,0,0,1,0,7,-1.2111398434179113
24250026,1,4,4,24,12,3,1,3,0,1,0,0,7,1.2111398434179113
24250026,1,4,5,12,24,-6,1,-1,0,0,1,0,7,-1.2111398434179113
24250026,1,4,5,24,12,6,0,1,0,1,0,0,7,1.2111398434179113
24250026,1,4,6,12,24,-7,1,2,0,0,1,0,7,-1.2111398434179113
24250026,1,4,6,24,12,7,0,-2,0,1,0,0,7,1.2111398434179113
24250026,1,4,7,12,24,-5,0,-2,-1,0,0,1,7,-1.2111398434179113
24250026,1,4,7,24,12,5,1,2,1,0,0,1,7,1.2111398434179113
24250026,1,5,1,11,19,0,1,1,0,1,1,0,8,-1.095364609379207
24250026,1,5,1,19,11,0,0,-1,0,1,1,0,8,1.095364609379207
24250026,1,5,2,11,19,1,0,-1,0,1,1,0,8,-1.095364609379207
24250026,1,5,2,19,11,-1,1,1,0,1,1,0,8,1.095364609379207
24250026,1,5,3,11,19,0,1,2,0,1,1,0,8,-1.095364609379207
24250026,1,5,3,19,11,0,0,-2,0,1,1,0,8,1.095364609379207
24250026,1,5,4,11,19,2,0,-1,0,1,1,0,8,-1.095364609379207
24250026,1,5,4,19,11,-2,1,1,0,1,1,0,8,1.095364609379207
24250026,1,5,5,11,19,1,1,-1,0,1,1,0,8,-1.095364609379207
24250026,1,5,5,19,11,-1,0,1,0,1,1,0,8,1.095364609379207
24250026,1,5,6,11,19,0,1,-1,0,1,1,0,8,-1.095364609379207
24250026,1,5,6,19,11,0,0,1,0,1,1,0,8,1.095364609379207
24250026,1,5,7,11,19,-1,1,1,1,0,1,0,8,-1.095364609379207
24250026,1,5,7,19,11,1,0,-1,-1,1,0,0,8,1.095364609379207
24250026,1,5,8,11,19,0,0,-1,-1,0,0,0,8,-1.095364609379207
24250026,1,5,8,19,11,0,1,1,1,0,0,0,8,1.095364609379207
24250026,2,1,1,16,34,0,1,2,0,1,1,0,6,2.034584978337472
24250026,2,1,1,34,16,0,0,-2,0,1,1,0,6,-2.034584978337472
24250026,2,1,2,16,34,2,0,2,0,1,1,0,6,2.034584978337472
24250026,2,1,2,34,16,-2,1,-2,0,1,1,0,6,-2.034584978337472
24250026,2,1,3,16,34,4,0,1,0,1,1,0,6,2.034584978337472
24250026,2,1,3,34,16,-4,1,-1,0,1,1,0,6,-2.034584978337472
24250026,2,1,4,16,34,5,0,-1,-1,1,0,0,6,2.034584978337472
24250026,2,1,4,34,16,-5,1,1,1,0,1,0,6,-2.034584978337472
24250026,2,1,5,16,34,4,1,3,0,1,0,0,6,2.034584978337472
24250026,2,1,5,34,16,-4,0,-3,0,0,1,0,6,-2.034584978337472
24250026,2,1,6,16,34,7,0,1,0,1,0,1,6,2.034584978337472
24250026,2,1,6,34,16,-7,1,-1,0,0,1,1,6,-2.034584978337472
24250026,2,2,1,18,46,0,1,1,0,1,1,0,8,0.1273385086795612
24250026,2,2,1,46,18,0,0,-1,0,1,1,0,8,-0.1273385086795612
24250026,2,2,2,18,46,1,0,-3,0,1,1,0,8,0.1273385086795612
24250026,2,2,2,46,18,-1,1,3,0,1,1,0,8,-0.1273385086795612
24250026,2,2,3,18,46,-2,1,1,0,1,1,0,8,0.1273385086795612
24250026,2,2,3,46,18,2,0,-1,0,1,1,0,8,-0.1273385086795612
24250026,2,2,4,18,46,-1,0,-2,0,1,1,0,8,0.1273385086795612
24250026,2,2,4,46,18,1,1,2,0,1,1,0,8,-0.1273385086795612
24250026,2,2,5,18,46,-3,1,1,0,1,1,0,8,0.1273385086795612
24250026,2,2,5,46,18,3,0,-1,0,1,1,0,8,-0.1273385086795612
24250026,2,2,6,18,46,-2,0,-1,-1,1,0,0,8,0.1273385086795612
24250026,2,2,6,46,18,2,1,1,1,0,1,0,8,-0.1273385086795612
24250026,2,2,7,18,46,-3,1,-1,1,0,0,0,8,0.1273385086795612
24250026,2,2,7,46,18,3,0,1,-1,0,0,0,8,-0.1273385086795612
24250026,2,2,8,18,46,-4,1,0,0,0,0,0,8,0.1273385086795612
24250026,2,2,8,46,18,4,0,0,0,0,0,0,8,-0.1273385086795612
24250026,2,3,1,20,51,0,1,-1,0,1,1,0,6,1.5526807109599616
24250026,2,3,1,51,20,0,0,1,0,1,1,0,6,-1.5526807109599616
24250026,2,3,2,20,51,-1,1,2,0,1,1,0,6,1.5526807109599616
24250026,2,3,2,51,20,1,0,-2,0,1,1,0,6,-1.5526807109599616
24250026,2,3,3,20,51,1,0,-2,0,1,1,0,6,1.5526807109599616
24250026,2,3,3,51,20,-1,1,2,0,1,1,0,6,-1.5526807109599616
24250026,2,3,4,20,51,-1,1,3,0,1,1,0,6,1.5526807109599616
24250026,2,3,4,51,20,1,0,-3,0,1,1,0,6,-1.5526807109599616
24250026,2,3,5,20,51,2,0,5,0,1,1,0,6,1.5526807109599616
24250026,2,3,5,51,20,-2,1,-5,0,1,1,0,6,-1.5526807109599616
24250026,2,3,6,20,51,7,0,1,-1,1,0,1,6,1.5526807109599616
24250026,2,3,6,51,20,-7,1,-1,1,0,1,1,6,-1.5526807109599616
24250026,2,4,1,17,22,0,0,-2,0,1,1,0,8,1.1688821530435876
24250026,2,4,1,22,17,0,1,2,0,1,1,0,8,-1.1688821530435876
24250026,2,4,2,17,22,-2,1,1,0,1,1,0,8,1.1688821530435876
24250026,2,4,2,22,17,2,0,-1,0,1,1,0,8,-1.1688821530435876
24250026,2,4,3,17,22,-1,0,-1,0,1,1,0,8,1.1688821530435876
24250026,2,4,3,22,17,1,1,1,0,1,1,0,8,-1.1688821530435876
24250026,2,4,4,17,22,-2,1,3,0,1,1,0,8,1.1688821530435876
24250026,2,4,4,22,17,2,0,-3,0,1,1,0,8,-1.1688821530435876
24250026,2,4,5,17,22,1,0,2,0,1,1,0,8,1.1688821530435876
24250026,2,4,5,22,17,-1,1,-2,0,1,1,0,8,-1.1688821530435876
24250026,2,4,6,17,22,3,0,-4,-1,1,0,0,8,1.1688821530435876
24250026,2,4,6,22,17,-3,1,4,1,0,1,0,8,-1.1688821530435876
24250026,2,4,7,17,22,-1,1,3,1,0,0,0,8,1.1688821530435876
24250026,2,4,7,22,17,1,0,-3,-1,0,0,0,8,-1.1688821530435876
24250026,2,4,8,17,22,2,0,-1,0,0,0,0,8,1.1688821530435876
24250026,2,4,8,22,17,-2,1,1,0,0,0,0,8,-1.1688821530435876
24250026,2,5,1,30,37,0,0,-4,0,1,1,0,8,-1.2617928759368913
24250026,2,5,1,37,30,0,1,4,0,1,1,0,8,1.2617928759368913
24250026,2,5,2,30,37,-4,1,1,0,1,1,0,8,-1.2617928759368913
24250026,2,5,2,37,30,4,0,-1,0,1,1,0,8,1.2617928759368913
24250026,2,5,3,30,37,-3,0,1,0,1,1,0,8,-1.2617928759368913
24250026,2,5,3,37,30,3,1,-1,0,1,1,0,8,1.2617928759368913
24250026,2,5,4,30,37,-2,0,1,0,1,1,0,8,-1.2617928759368913
24250026,2,5,4,37,30,2,1,-1,0,1,1,0,8,1.2617928759368913
24250026,2,5,5,30,37,-1,0,-1,0,1,1,0,8,-1.2617928759368913
24250026,2,5,5,37,30,1,1,1,0,1,1,0,8,1.2617928759368913
24250026,2,5,6,30,37,-2,1,1,1,0,1,0,8,-1.2617928759368913
24250026,2,5,6,37,30,2,0,-1,-1,1,0,0,8,1.2617928759368913
24250026,2,5,7,30,37,-1,0,-3,-1,0,0,0,8,-1.2617928759368913
24250026,2,5,7,37,30,1,1,3,1,0,0,0,8,1.2617928759368913
24250026,2,5,8,30,37,-4,1,0,0,0,0,0,8,-1.2617928759368913
24250026,2,5,8,37,30,4,0,0,0,0,0,0,8,1.2617928759368913
24250026,3,1,1,12,44,0,1,-2,0,1,1,0,8,0.40112385611503587
24250026,3,1,1,44,12,0,0,2,0,1,1,0,8,-0.40112385611503587
24250026,3,1,2,12,44,-2,1,-1,0,1,1,0,8,0.40112385611503587
24250026,3,1,2,44,12,2,0,1,0,1,1,0,8,-0.40112385611503587
24250026,3,1,3,12,44,-3,1,1,0,1,1,0,8,0.40112385611503587
24250026,3,1,3,44,12,3,0,-1,0,1,1,0,8,-0.40112385611503587
24250026,3,1,4,12,44,-2,0,-2,0,1,1,0,8,0.40112385611503587
24250026,3,1,4,44,12,2,1,2,0,1,1,0,8,-0.40112385611503587
24250026,3,1,5,12,44,-4,1,4,1,0,1,0,8,0.40112385611503587
24250026,3,1,5,44,12,4,0,-4,-1,1,0,0,8,-0.40112385611503587
24250026,3,1,6,12,44,0,0,1,0,0,1,0,8,0.40112385611503587
24250026,3,1,6,44,12,0,1,-1,0,1,0,0,8,-0.40112385611503587
24250026,3,1,7,12,44,1,0,-1,-1,0,0,0,8,0.40112385611503587
24250026,3,1,7,44,12,-1,1,1,1,0,0,0,8,-0.40112385611503587
24250026,3,1,8,12,44,0,1,2,0,0,0,0,8,0.40112385611503587
24250026,3,1,8,44,12,0,0,-2,0,0,0,0,8,-0.40112385611503587
24250026,3,2,1,15,24,0,0,-2,0,1,1,0,6,-2.32013799152764
24250026,3,2,1,24,15,0,1,2,0,1,1,0,6,2.32013799152764
24250026,3,2,2,15,24,-2,1,-2,0,1,1,0,6,-2.32013799152764
24250026,3,2,2,24,15,2,0,2,0,1,1,0,6,2.32013799152764
24250026,3,2,3,15,24,-4,1,-1,0,1,1,0,6,-2.32013799152764
24250026,3,2,3,24,15,4,0,1,0,1,1,0,6,2.32013799152764
24250026,3,2,4,15,24,-5,1,1,1,0,1,0,6,-2.32013799152764
24250026,3,2,4,24,15,5,0,-1,-1,1,0,0,6,2.32013799152764
24250026,3,2,5,15,24,-4,0,-5,0,0,1,0,6,-2.32013799152764
24250026,3,2,5,24,15,4,1,5,0,1,0,0,6,2.32013799152764
24250026,3,2,6,15,24,-9,1,2,0,0,1,1,6,-2.32013799152764
24250026,3,2,6,24,15,9,0,-2,0,1,0,1,6,2.32013799152764
24250026,3,3,1,10,11,0,0,-1,0,1,1,0,8,1.3040831727765438
24250026,3,3,1,11,10,0,1,1,0,1,1,0,8,-1.3040831727765438
24250026,3,3,2,10,11,-1,1,2,0,1,1,0,8,1.3040831727765438
24250026,3,3,2,11,10,1,0,-2,0,1,1,0,8,-1.3040831727765438
24250026,3,3,3,10,11,1,0,-1,0,1,1,0,8,1.3040831727765438
24250026,3,3,3,11,10,-1,1,1,0,1,1,0,8,-1.3040831727765438
24250026,3,3,4,10,11,0,1,1,0,1,1,0,8,1.3040831727765438
24250026,3,3,4,11,10,0,0,-1,0,1,1,0,8,-1.3040831727765438
24250026,3,3,5,10,11,1,0,-1,0,1,1,0,8,1.3040831727765438
24250026,3,3,5,11,10,-1,1,1,0,1,1,0,8,-1.3040831727765438
24250026,3,3,6,10,11,0,1,2,0,1,1,0,8,1.3040831727765438
24250026,3,3,6,11,10,0,0,-2,0,1,1,0,8,-1.3040831727765438
24250026,3,3,7,10,11,2,0,-1,-1,1,0,0,8,1.3040831727765438
24250026,3,3,7,11,10,-2,1,1,1,0,1,0,8,-1.3040831727765438
24250026,3,3,8,10,11,1,1,1,1,0,0,0,8,1.3040831727765438
24250026,3,3,8,11,10,-1,0,-1,-1,0,0,0,8,-1.3040831727765438
24250026,3,4,1,19,25,0,1,-2,0,1,1,0,7,1.3669522157268181
24250026,3,4,1,25,19,0,0,2,0,1,1,0,7,-1.3669522157268181
24250026,3,4,2,19,25,-2,1,4,0,1,1,0,7,1.3669522157268181
24250026,3,4,2,25,19,2,0,-4,0,1,1,0,7,-1.3669522157268181
24250026,3,4,3,19,25,2,0,1,0,1,1,0,7,1.3669522157268181
24250026,3,4,3,25,19,-2,1,-1,0,1,1,0,7,-1.3669522157268181
24250026,3,4,4,19,25,3,0,-1,0,1,1,0,7,1.3669522157268181
24250026,3,4,4,25,19,-3,1,1,0,1,1,0,7,-1.3669522157268181
24250026,3,4,5,19,25,2,1,-1,0,1,1,0,7,1.3669522157268181
24250026,3,4,5,25,19,-2,0,1,0,1,1,0,7,-1.3669522157268181
24250026,3,4,6,19,25,1,1,2,0,1,1,0,7,1.3669522157268181
24250026,3,4,6,25,19,-1,0,-2,0,1,1,0,7,-1.3669522157268181
24250026,3,4,7,19,25,3,0,2,-1,1,0,1,7,1.3669522157268181
24250026,3,4,7,25,19,-3,1,-2,1,0,1,1,7,-1.3669522157268181
24250026,3,5,1,14,43,0,1,-1,0,1,1,0,8,1.610516831132272
24250026,3,5,1,43,14,0,0,1,0,1,1,0,8,-1.610516831132272
24250026,3,5,2,14,43,-1,1,3,0,1,1,0,8,1.610516831132272
24250026,3,5,2,43,14,1,0,-3,0,1,1,0,8,-1.610516831132272
24250026,3,5,3,14,43,2,0,-1,0,1,1,0,8,1.610516831132272
24250026,3,5,3,43,14,-2,1,1,0,1,1,0,8,-1.610516831132272
24250026,3,5,4,14,43,1,1,-1,0,1,1,0,8,1.610516831132272
24250026,3,5,4,43,14,-1,0,1,0,1,1,0,8,-1.610516831132272
24250026,3,5,5,14,43,0,1,3,0,1,1,0,8,1.610516831132272
24250026,3,5,5,43,14,0,0,-3,0,1,1,0,8,-1.610516831132272
24250026,3,5,6,14,43,3,0,-2,-1,1,0,0,8,1.610516831132272
24250026,3,5,6,43,14,-3,1,2,1,0,1,0,8,-1.610516831132272
24250026,3,5,7,14,43,1,1,2,1,0,0,0,8,1.610516831132272
24250026,3,5,7,43,14,-1,0,-2,-1,0,0,0,8,-1.610516831132272
24250026,3,5,8,14,43,3,0,0,0,0,0,0,8,1.610516831132272
24250026,3,5,8,43,14,-3,1,0,0,0,0,0,8,-1.610516831132272
24250026,4,1,1,18,22,0,1,1,0,1,1,0,8,0.582416886239254
24250026,4,1,1,22,18,0,0,-1,0,1,1,0,8,-0.582416886239254
24250026,4,1,2,18,22,1,0,-4,0,1,1,0,8,0.582416886239254
24250026,4,1,2,22,18,-1,1,4,0,1,1,0,8,-0.582416886239254
24250026,4,1,3,18,22,-3,1,-1,0,1,1,0,8,0.582416886239254
24250026,4,1,3,22,18,3,0,1,0,1,1,0,8,-0.582416886239254
24250026,4,1,4,18,22,-4,1,2,0,1,1,0,8,0.582416886239254
24250026,4,1,4,22,18,4,0,-2,0,1,1,0,8,-0.582416886239254
24250026,4,1,5,18,22,-2,0,-1,0,1,1,0,8,0.582416886239254
24250026,4,1,5,22,18,2,1,1,0,1,1,0,8,-0.582416886239254
24250026,4,1,6,18,22,-3,1,2,1,0,1,0,8,0.582416886239254
24250026,4,1,6,22,18,3,0,-2,-1,1,0,0,8,-0.582416886239254
24250026,4,1,7,18,22,-1,0,-1,-1,0,0,0,8,0.582416886239254
24250026,4,1,7,22,18,1,1,1,1,0,0,0,8,-0.582416886239254
24250026,4,1,8,18,22,-2,1,1,0,0,0,0,8,0.582416886239254
24250026,4,1,8,22,18,2,0,-1,0,0,0,0,8,-0.582416886239254
24250026,4,2,1,16,17,0,1,1,0,1,1,0,8,-0.24505009902619024
24250026,4,2,1,17,16,0,0,-1,0,1,1,0,8,0.24505009902619024
24250026,4,2,2,16,17,1,0,-1,0,1,1,0,8,-0.24505009902619024
24250026,4,2,2,17,16,-1,1,1,0,1,1,0,8,0.24505009902619024
24250026,4,2,3,16,17,0,1,2,0,1,1,0,8,-0.24505009902619024
24250026,4,2,3,17,16,0,0,-2,0,1,1,0,8,0.24505009902619024
24250026,4,2,4,16,17,2,0,-2,0,1,1,0,8,-0.24505009902619024
24250026,4,2,4,17,16,-2,1,2,0,1,1,0,8,0.24505009902619024
24250026,4,2,5,16,17,0,1,1,0,1,1,0,8,-0.24505009902619024
24250026,4,2,5,17,16,0,0,-1,0,1,1,0,8,0.24505009902619024
24250026,4,2,6,16,17,1,0,-1,-1,1,0,0,8,-0.24505009902619024
24250026,4,2,6,17,16,-1,1,1,1,0,1,0,8,0.24505009902619024
24250026,4,2,7,16,17,0,1,1,1,0,0,0,8,-0.24505009902619024
24250026,4,2,7,17,16,0,0,-1,-1,0,0,0,8,0.24505009902619024
24250026,4,2,8,16,17,1,0,-4,0,0,0,0,8,-0.24505009902619024
24250026,4,2,8,17,16,-1,1,4,0,0,0,0,8,0.24505009902619024
24250026,4,3,1,30,34,0,0,3,0,1,1,0,6,0.8327502546608034
24250026,4,3,1,34,30,0,1,-3,0,1,1,0,6,-0.8327502546608034
24250026,4,3,2,30,34,3,0,-1,0,1,1,0,6,0.8327502546608034
24250026,4,3,2,34,30,-3,1,1,0,1,1,0,6,-0.8327502546608034
24250026,4,3,3,30,34,2,1,5,0,1,1,0,6,0.8327502546608034
24250026,4,3,3,34,30,-2,0,-5,0,1,1,0,6,-0.8327502546608034
24250026,4,3,4,30,34,7,0,-2,-1,1,0,0,6,0.8327502546608034
24250026,4,3,4,34,30,-7,1,2,1,0,1,0,6,-0.8327502546608034
24250026,4,3,5,30,34,5,1,-2,1,0,0,0,6,0.8327502546608034
24250026,4,3,5,34,30,-5,0,2,-1,0,0,0,6,-0.8327502546608034
24250026,4,3,6,30,34,3,1,5,0,0,0,1,6,0.8327502546608034
24250026,4,3,6,34,30,-3,0,-5,0,0,0,1,6,-0.8327502546608034
24250026,4,4,1,37,51,0,1,2,0,1,1,0,6,1.7230876854066803
24250026,4,4,1,51,37,0,0,-2,0,1,1,0,6,-1.7230876854066803
24250026,4,4,2,37,51,2,0,-1,0,1,1,0,6,1.7230876854066803
24250026,4,4,2,51,37,-2,1,1,0,1,1,0,6,-1.7230876854066803
24250026,4,4,3,37,51,1,1,2,0,1,1,0,6,1.7230876854066803
24250026,4,4,3,51,37,-1,0,-2,0,1,1,0,6,-1.7230876854066803
24250026,4,4,4,37,51,3,0,2,0,1,1,0,6,1.7230876854066803
24250026,4,4,4,51,37,-3,1,-2,0,1,1,0,6,-1.7230876854066803
24250026,4,4,5,37,51,5,0,-1,-1,1,0,0,6,1.7230876854066803
24250026,4,4,5,51,37,-5,1,1,1,0,1,0,6,-1.7230876854066803
24250026,4,4,6,37,51,4,1,3,1,0,0,1,6,1.7230876854066803
24250026,4,4,6,51,37,-4,0,-3,-1,0,0,1,6,-1.7230876854066803
24250026,4,5,1,20,46,0,0,-2,0,1,1,0,8,0.35830485427120845
24250026,4,5,1,46,20,0,1,2,0,1,1,0,8,-0.35830485427120845
24250026,4,5,2,20,46,-2,1,1,0,1,1,0,8,0.35830485427120845
24250026,4,5,2,46,20,2,0,-1,0,1,1,0,8,-0.35830485427120845
24250026,4,5,3,20,46,-1,0,-2,0,1,1,0,8,0.35830485427120845
24250026,4,5,3,46,20,1,1,2,0,1,1,0,8,-0.35830485427120845
24250026,4,5,4,20,46,-3,1,2,0,1,1,0,8,0.35830485427120845
24250026,4,5,4,46,20,3,0,-2,0,1,1,0,8,-0.35830485427120845
24250026,4,5,5,20,46,-1,0,-2,0,1,1,0,8,0.35830485427120845
24250026,4,5,5,46,20,1,1,2,0,1,1,0,8,-0.35830485427120845
24250026,4,5,6,20,46,-3,1,3,1,0,1,0,8,0.35830485427120845
24250026,4,5,6,46,20,3,0,-3,-1,1,0,0,8,-0.35830485427120845
24250026,4,5,7,20,46,0,0,-4,-1,0,0,0,8,0.35830485427120845
24250026,4,5,7,46,20,0,1,4,1,0,0,0,8,-0.35830485427120845
24250026,4,5,8,20,46,-4,1,1,0,0,0,0,8,0.35830485427120845
24250026,4,5,8,46,20,4,0,-1,0,0,0,0,8,-0.35830485427120845
24250026,5,1,1,25,43,0,0,1,0,1,1,0,8,0.1037458514695827
24250026,5,1,1,43,25,0,1,-1,0,1,1,0,8,-0.1037458514695827
24250026,5,1,2,25,43,1,0,-2,0,1,1,0,8,0.1037458514695827
24250026,5,1,2,43,25,-1,1,2,0,1,1,0,8,-0.1037458514695827
24250026,5,1,3,25,43,-1,1,-1,0,1,1,0,8,0.1037458514695827
24250026,5,1,3,43,25,1,0,1,0,1,1,0,8,-0.1037458514695827
24250026,5,1,4,25,43,-2,1,-1,0,1,1,0,8,0.1037458514695827
24250026,5,1,4,43,25,2,0,1,0,1,1,0,8,-0.1037458514695827
24250026,5,1,5,25,43,-3,1,1,0,1,1,0,8,0.1037458514695827
24250026,5,1,5,43,25,3,0,-1,0,1,1,0,8,-0.1037458514695827
24250026,5,1,6,25,43,-2,0,-1,-1,1,0,0,8,0.1037458514695827
24250026,5,1,6,43,25,2,1,1,1,0,1,0,8,-0.1037458514695827
24250026,5,1,7,25,43,-3,1,1,1,0,0,0,8,0.1037458514695827
24250026,5,1,7,43,25,3,0,-1,-1,0,0,0,8,-0.1037458514695827
24250026,5,1,8,25,43,-2,0,0,0,0,0,0,8,0.1037458514695827
24250026,5,1,8,43,25,2,1,0,0,0,0,0,8,-0.1037458514695827
24250026,5,2,1,10,19,0,0,-3,0,1,1,0,8,0.20871856339733663
24250026,5,2,1,19,10,0,1,3,0,1,1,0,8,-0.20871856339733663
24250026,5,2,2,10,19,-3,1,2,0,1,1,0,8,0.20871856339733663
24250026,5,2,2,19,10,3,0,-2,0,1,1,0,8,-0.20871856339733663
24250026,5,2,3,10,19,-1,0,-1,0,1,1,0,8,0.20871856339733663
24250026,5,2,3,19,10,1,1,1,0,1,1,0,8,-0.20871856339733663
24250026,5,2,4,10,19,-2,1,2,0,1,1,0,8,0.20871856339733663
24250026,5,2,4,19,10,2,0,-2,0,1,1,0,8,-0.20871856339733663
24250026,5,2,5,10,19,0,0,-1,0,1,1,0,8,0.20871856339733663
24250026,5,2,5,19,10,0,1,1,0,1,1,0,8,-0.20871856339733663
24250026,5,2,6,10,19,-1,1,3,1,0,1,0,8,0.20871856339733663
24250026,5,2,6,19,10,1,0,-3,-1,1,0,0,8,-0.20871856339733663
24250026,5,2,7,10,19,2,0,-1,-1,0,0,0,8,0.20871856339733663
24250026,5,2,7,19,10,-2,1,1,1,0,0,0,8,-0.20871856339733663
24250026,5,2,8,10,19,1,1,1,0,0,0,0,8,0.20871856339733663
24250026,5,2,8,19,10,-1,0,-1,0,0,0,0,8,-0.20871856339733663
24250026,5,3,1,12,15,0,0,3,0,1,1,0,7,1.1089981481097289
24250026,5,3,1,15,12,0,1,-3,0,1,1,0,7,-1.1089981481097289
24250026,5,3,2,12,15,3,0,2,0,1,1,0,7,1.1089981481097289
24250026,5,3,2,15,12,-3,1,-2,0,1,1,0,7,-1.1089981481097289
24250026,5,3,3,12,15,5,0,-4,0,1,1,0,7,1.1089981481097289
24250026,5,3,3,15,12,-5,1,4,0,1,1,0,7,-1.1089981481097289
24250026,5,3,4,12,15,1,1,2,0,1,1,0,7,1.1089981481097289
24250026,5,3,4,15,12,-1,0,-2,0,1,1,0,7,-1.1089981481097289
24250026,5,3,5,12,15,3,0,-1,0,1,1,0,7,1.1089981481097289
24250026,5,3,5,15,12,-3,1,1,0,1,1,0,7,-1.1089981481097289
24250026,5,3,6,12,15,2,1,5,1,0,1,0,7,1.1089981481097289
24250026,5,3,6,15,12,-2,0,-5,-1,1,0,0,7,-1.1089981481097289
24250026,5,3,7,12,15,7,0,-1,-1,0,0,1,7,1.1089981481097289
24250026,5,3,7,15,12,-7,1,1,1,0,0,1,7,-1.1089981481097289
24250026,5,4,1,11,14,0,0,-1,0,1,1,0,8,-1.2351833733150783
24250026,5,4,1,14,11,0,1,1,0,1,1,0,8,1.2351833733150783
24250026,5,4,2,11,14,-1,1,1,0,1,1,0,8,-1.2351833733150783
24250026,5,4,2,14,11,1,0,-1,0,1,1,0,8,1.2351833733150783
24250026,5,4,3,11,14,0,0,-2,0,1,1,0,8,-1.2351833733150783
24250026,5,4,3,14,11,0,1,2,0,1,1,0,8,1.2351833733150783
24250026,5,4,4,11,14,-2,1,1,0,1,1,0,8,-1.2351833733150783
24250026,5,4,4,14,11,2,0,-1,0,1,1,0,8,1.2351833733150783
24250026,5,4,5,11,14,-1,0,-2,0,1,1,0,8,-1.2351833733150783
24250026,5,4,5,14,11,1,1,2,0,1,1,0,8,1.2351833733150783
24250026,5,4,6,11,14,-3,1,1,1,0,1,0,8,-1.2351833733150783
24250026,5,4,6,14,11,3,0,-1,-1,1,0,0,8,1.2351833733150783
24250026,5,4,7,11,14,-2,0,-2,-1,0,0,0,8,-1.2351833733150783
24250026,5,4,7,14,11,2,1,2,1,0,0,0,8,1.2351833733150783
24250026,5,4,8,11,14,-4,1,0,0,0,0,0,8,-1.2351833733150783
24250026,5,4,8,14,11,4,0,0,0,0,0,0,8,1.2351833733150783
24250026,5,5,1,24,44,0,1,4,0,1,1,0,7,1.6122636995329471
24250026,5,5,1,44,24,0,0,-4,0,1,1,0,7,-1.6122636995329471
24250026,5,5,2,24,44,4,0,-1,0,1,1,0,7,1.6122636995329471
24250026,5,5,2,44,24,-4,1,1,0,1,1,0,7,-1.6122636995329471
24250026,5,5,3,24,44,3,1,2,0,1,1,0,7,1.6122636995329471
24250026,5,5,3,44,24,-3,0,-2,0,1,1,0,7,-1.6122636995329471
24250026,5,5,4,24,44,5,0,-1,-1,1,0,0,7,1.6122636995329471
24250026,5,5,4,44,24,-5,1,1,1,0,1,0,7,-1.6122636995329471
24250026,5,5,5,24,44,4,1,2,0,1,0,0,7,1.6122636995329471
24250026,5,5,5,44,24,-4,0,-2,0,0,1,0,7,-1.6122636995329471
24250026,5,5,6,24,44,6,0,-2,0,1,0,0,7,1.6122636995329471
24250026,5,5,6,44,24,-6,1,2,0,0,1,0,7,-1.6122636995329471
24250026,5,5,7,24,44,4,1,1,1,0,0,1,7,1.6122636995329471
24250026,5,5,7,44,24,-4,0,-1,-1,0,0,1,7,-1.6122636995329471
24250026,6,1,1,46,51,0,1,4,0,1,1,0,6,1.1943758566887532
24250026,6,1,1,51,46,0,0,-4,0,1,1,0,6,-1.1943758566887532
24250026,6,1,2,46,51,4,0,-1,0,1,1,0,6,1.1943758566887532
24250026,6,1,2,51,46,-4,1,1,0,1,1,0,6,-1.1943758566887532
24250026,6,1,3,46,51,3,1,2,0,1,1,0,6,1.1943758566887532
24250026,6,1,3,51,46,-3,0,-2,0,1,1,0,6,-1.1943758566887532
24250026,6,1,4,46,51,5,0,-1,-1,1,0,0,6,1.1943758566887532
24250026,6,1,4,51,46,-5,1,1,1,0,1,0,6,-1.1943758566887532
24250026,6,1,5,46,51,4,1,3,0,1,0,0,6,1.1943758566887532
24250026,6,1,5,51,46,-4,0,-3,0,0,1,0,6,-1.1943758566887532
24250026,6,1,6,46,51,7,0,1,0,1,0,1,6,1.1943758566887532
24250026,6,1,6,51,46,-7,1,-1,0,0,1,1,6,-1.1943758566887532
24250026,6,2,1,34,37,0,0,-2,0,1,1,0,8,-2.0945431305976947
24250026,6,2,1,37,34,0,1,2,0,1,1,0,8,2.0945431305976947
24250026,6,2,2,34,37,-2,1,2,0,1,1,0,8,-2.0945431305976947
24250026,6,2,2,37,34,2,0,-2,0,1,1,0,8,2.0945431305976947
24250026,6,2,3,34,37,0,0,-1,0,1,1,0,8,-2.0945431305976947
24250026,6,2,3,37,34,0,1,1,0,1,1,0,8,2.0945431305976947
24250026,6,2,4,34,37,-1,1,-1,0,1,1,0,8,-2.0945431305976947
24250026,6,2,4,37,34,1,0,1,0,1,1,0,8,2.0945431305976947
24250026,6,2,5,34,37,-2,1,2,0,1,1,0,8,-2.0945431305976947
24250026,6,2,5,37,34,2,0,-2,0,1,1,0,8,2.0945431305976947
24250026,6,2,6,34,37,0,0,1,-1,1,0,0,8,-2.0945431305976947
24250026,6,2,6,37,34,0,1,-1,1,0,1,0,8,2.0945431305976947
24250026,6,2,7,34,37,1,0,-1,0,1,0,0,8,-2.0945431305976947
24250026,6,2,7,37,34,-1,1,1,0,0,1,0,8,2.0945431305976947
24250026,6,2,8,34,37,0,1,-1,1,0,0,0,8,-2.0945431305976947
24250026,6,2,8,37,34,0,0,1,-1,0,0,0,8,2.0945431305976947
24250026,6,3,1,16,22,0,1,-2,0,1,1,0,9,0.9238320540173972
24250026,6,3,1,22,16,0,0,2,0,1,1,0,9,-0.9238320540173972
24250026,6,3,2,16,22,-2,1,-1,0,1,1,0,9,0.9238320540173972
24250026,6,3,2,22,16,2,0,1,0,1,1,0,9,-0.9238320540173972
24250026,6,3,3,16,22,-3,1,1,0,1,1,0,9,0.9238320540173972
24250026,6,3,3,22,16,3,0,-1,0,1,1,0,9,-0.9238320540173972
24250026,6,3,4,16,22,-2,0,1,0,1,1,0,9,0.9238320540173972
24250026,6,3,4,22,16,2,1,-1,0,1,1,0,9,-0.9238320540173972
24250026,6,3,5,16,22,-1,0,-1,0,1,1,0,9,0.9238320540173972
24250026,6,3,5,22,16,1,1,1,0,1,1,0,9,-0.9238320540173972
24250026,6,3,6,16,22,-2,1,2,1,0,1,0,9,0.9238320540173972
24250026,6,3,6,22,16,2,0,-2,-1,1,0,0,9,-0.9238320540173972
24250026,6,3,7,16,22,0,0,-2,-1,0,0,0,9,0.9238320540173972
24250026,6,3,7,22,16,0,1,2,1,0,0,0,9,-0.9238320540173972
24250026,6,3,8,16,22,-2,1,2,0,0,0,0,9,0.9238320540173972
24250026,6,3,8,22,16,2,0,-2,0,0,0,0,9,-0.9238320540173972
24250026,6,3,9,16,22,0,0,1,0,0,0,0,9,0.9238320540173972
24250026,6,3,9,22,16,0,1,-1,0,0,0,0,9,-0.9238320540173972
24250026,6,4,1,20,30,0,1,1,0,1,1,0,6,1.0913859014901726
24250026,6,4,1,30,20,0,0,-1,0,1,1,0,6,-1.0913859014901726
24250026,6,4,2,20,30,1,0,1,0,1,1,0,6,1.0913859014901726
24250026,6,4,2,30,20,-1,1,-1,0,1,1,0,6,-1.0913859014901726
24250026,6,4,3,20,30,2,0,-1,0,1,1,0,6,1.0913859014901726
24250026,6,4,3,30,20,-2,1,1,0,1,1,0,6,-1.0913859014901726
24250026,6,4,4,20,30,1,1,4,0,1,1,0,6,1.0913859014901726
24250026,6,4,4,30,20,-1,0,-4,0,1,1,0,6,-1.0913859014901726
24250026,6,4,5,20,30,5,0,-1,-1,1,0,0,6,1.0913859014901726
24250026,6,4,5,30,20,-5,1,1,1,0,1,0,6,-1.0913859014901726
24250026,6,4,6,20,30,4,1,4,0,1,0,1,6,1.0913859014901726
24250026,6,4,6,30,20,-4,0,-4,0,0,1,1,6,-1.0913859014901726
24250026,6,5,1,17,18,0,1,1,0,1,1,0,8,0.5864652668043335
24250026,6,5,1,18,17,0,0,-1,0,1,1,0,8,-0.5864652668043335
24250026,6,5,2,17,18,1,0,-1,0,1,1,0,8,0.5864652668043335
24250026,6,5,2,18,17,-1,1,1,0,1,1,0,8,-0.5864652668043335
24250026,6,5,3,17,18,0,1,1,0,1,1,0,8,0.5864652668043335
24250026,6,5,3,18,17,0,0,-1,0,1,1,0,8,-0.5864652668043335
24250026,6,5,4,17,18,1,0,1,0,1,1,0,8,0.5864652668043335
24250026,6,5,4,18,17,-1,1,-1,0,1,1,0,8,-0.5864652668043335
24250026,6,5,5,17,18,2,0,-2,0,1,1,0,8,0.5864652668043335
24250026,6,5,5,18,17,-2,1,2,0,1,1,0,8,-0.5864652668043335
24250026,6,5,6,17,18,0,1,-2,1,0,1,0,8,0.5864652668043335
24250026,6,5,6,18,17,0,0,2,-1,1,0,0,8,-0.5864652668043335
24250026,6,5,7,17,18,-2,1,-1,0,0,1,0,8,0.5864652668043335
24250026,6,5,7,18,17,2,0,1,0,1,0,0,8,-0.5864652668043335
24250026,6,5,8,17,18,-3,1,-2,0,0,1,0,8,0.5864652668043335
24250026,6,5,8,18,17,3,0,2,0,1,0,0,8,-0.5864652668043335
24250026,7,1,1,11,24,0,0,2,0,1,1,0,8,-1.7882097869385845
24250026,7,1,1,24,11,0,1,-2,0,1,1,0,8,1.7882097869385845
24250026,7,1,2,11,24,2,0,-1,0,1,1,0,8,-1.7882097869385845
24250026,7,1,2,24,11,-2,1,1,0,1,1,0,8,1.7882097869385845
24250026,7,1,3,11,24,1,1,1,0,1,1,0,8,-1.7882097869385845
24250026,7,1,3,24,11,-1,0,-1,0,1,1,0,8,1.7882097869385845
24250026,7,1,4,11,24,2,0,-4,0,1,1,0,8,-1.7882097869385845
24250026,7,1,4,24,11,-2,1,4,0,1,1,0,8,1.7882097869385845
24250026,7,1,5,11,24,-2,1,2,1,0,1,0,8,-1.7882097869385845
24250026,7,1,5,24,11,2,0,-2,-1,1,0,0,8,1.7882097869385845
24250026,7,1,6,11,24,0,0,-1,0,0,1,0,8,-1.7882097869385845
24250026,7,1,6,24,11,0,1,1,0,1,0,0,8,1.7882097869385845
24250026,7,1,7,11,24,-1,1,-1,0,0,1,0,8,-1.7882097869385845
24250026,7,1,7,24,11,1,0,1,0,1,0,0,8,1.7882097869385845
24250026,7,1,8,11,24,-2,1,-1,0,0,1,0,8,-1.7882097869385845
24250026,7,1,8,24,11,2,0,1,0,1,0,0,8,1.7882097869385845
24250026,7,2,1,12,14,0,0,-1,0,1,1,0,7,-0.6581134297944051
24250026,7,2,1,14,12,0,1,1,0,1,1,0,7,0.6581134297944051
24250026,7,2,2,12,14,-1,1,1,0,1,1,0,7,-0.6581134297944051
24250026,7,2,2,14,12,1,0,-1,0,1,1,0,7,0.6581134297944051
24250026,7,2,3,12,14,0,0,-1,0,1,1,0,7,-0.6581134297944051
24250026,7,2,3,14,12,0,1,1,0,1,1,0,7,0.6581134297944051
24250026,7,2,4,12,14,-1,1,-3,0,1,1,0,7,-0.6581134297944051
24250026,7,2,4,14,12,1,0,3,0,1,1,0,7,0.6581134297944051
24250026,7,2,5,12,14,-4,1,1,1,0,1,0,7,-0.6581134297944051
24250026,7,2,5,14,12,4,0,-1,-1,1,0,0,7,0.6581134297944051
24250026,7,2,6,12,14,-3,0,-1,-1,0,0,0,7,-0.6581134297944051
24250026,7,2,6,14,12,3,1,1,1,0,0,0,7,0.6581134297944051
24250026,7,2,7,12,14,-4,1,-3,0,0,0,1,7,-0.6581134297944051
24250026,7,2,7,14,12,4,0,3,0,0,0,1,7,0.6581134297944051
24250026,7,3,1,19,44,0,0,2,0,1,1,0,8,0.9194185219735699
24250026,7,3,1,44,19,0,1,-2,0,1,1,0,8,-0.9194185219735699
24250026,7,3,2,19,44,2,0,-1,0,1,1,0,8,0.9194185219735699
24250026,7,3,2,44,19,-2,1,1,0,1,1,0,8,-0.9194185219735699
24250026,7,3,3,19,44,1,1,1,0,1,1,0,8,0.9194185219735699
24250026,7,3,3,44,19,-1,0,-1,0,1,1,0,8,-0.9194185219735699
24250026,7,3,4,19,44,2,0,-3,0,1,1,0,8,0.9194185219735699
24250026,7,3,4,44,19,-2,1,3,0,1,1,0,8,-0.9194185219735699
24250026,7,3,5,19,44,-1,1,3,1,0,1,0,8,0.9194185219735699
24250026,7,3,5,44,19,1,0,-3,-1,1,0,0,8,-0.9194185219735699
24250026,7,3,6,19,44,2,0,-2,-1,0,0,0,8,0.9194185219735699
24250026,7,3,6,44,19,-2,1,2,1,0,0,0,8,-0.9194185219735699
24250026,7,3,7,19,44,0,1,3,0,0,0,0,8,0.9194185219735699
24250026,7,3,7,44,19,0,0,-3,0,0,0,0,8,-0.9194185219735699
24250026,7,3,8,19,44,3,0,0,0,0,0,0,8,0.9194185219735699
24250026,7,3,8,44,19,-3,1,0,0,0,0,0,8,-0.9194185219735699
24250026,7,4,1,10,25,0,0,-1,0,1,1,0,7,1.5756707791241547
24250026,7,4,1,25,10,0,1,1,0,1,1,0,7,-1.5756707791241547
24250026,7,4,2,10,25,-1,1,2,0,1,1,0,7,1.5756707791241547
24250026,7,4,2,25,10,1,0,-2,0,1,1,0,7,-1.5756707791241547
24250026,7,4,3,10,25,1,0,1,0,1,1,0,7,1.5756707791241547
24250026,7,4,3,25,10,-1,1,-1,0,1,1,0,7,-1.5756707791241547
24250026,7,4,4,10,25,2,0,-2,0,1,1,0,7,1.5756707791241547
24250026,7,4,4,25,10,-2,1,2,0,1,1,0,7,-1.5756707791241547
24250026,7,4,5,10,25,0,1,1,0,1,1,0,7,1.5756707791241547
24250026,7,4,5,25,10,0,0,-1,0,1,1,0,7,-1.5756707791241547
24250026,7,4,6,10,25,1,0,1,0,1,1,0,7,1.5756707791241547
24250026,7,4,6,25,10,-1,1,-1,0,1,1,0,7,-1.5756707791241547
24250026,7,4,7,10,25,2,0,2,-1,1,0,1,7,1.5756707791241547
24250026,7,4,7,25,10,-2,1,-2,1,0,1,1,7,-1.5756707791241547
24250026,7,5,1,15,43,0,1,-1,0,1,1,0,8,-0.15659474677186191
24250026,7,5,1,43,15,0,0,1,0,1,1,0,8,0.15659474677186191
24250026,7,5,2,15,43,-1,1,-1,0,1,1,0,8,-0.15659474677186191
24250026,7,5,2,43,15,1,0,1,0,1,1,0,8,0.15659474677186191
24250026,7,5,3,15,43,-2,1,2,0,1,1,0,8,-0.15659474677186191
24250026,7,5,3,43,15,2,0,-2,0,1,1,0,8,0.15659474677186191
24250026,7,5,4,15,43,0,0,-1,0,1,1,0,8,-0.15659474677186191
24250026,7,5,4,43,15,0,1,1,0,1,1,0,8,0.15659474677186191
24250026,7,5,5,15,43,-1,1,1,0,1,1,0,8,-0.15659474677186191
24250026,7,5,5,43,15,1,0,-1,0,1,1,0,8,0.15659474677186191
24250026,7,5,6,15,43,0,0,2,-1,1,0,0,8,-0.15659474677186191
24250026,7,5,6,43,15,0,1,-2,1,0,1,0,8,0.15659474677186191
24250026,7,5,7,15,43,2,0,-3,0,1,0,0,8,-0.15659474677186191
24250026,7,5,7,43,15,-2,1,3,0,0,1,0,8,0.15659474677186191
24250026,7,5,8,15,43,-1,1,2,1,0,0,0,8,-0.15659474677186191
24250026,7,5,8,43,15,1,0,-2,-1,0,0,0,8,0.15659474677186191
24250026,8,1,1,17,30,0,0,-2,0,1,1,0,8,1.4468848227028588
24250026,8,1,1,30,17,0,1,2,0,1,1,0,8,-1.4468848227028588
24250026,8,1,2,17,30,-2,1,4,0,1,1,0,8,1.4468848227028588
24250026,8,1,2,30,17,2,0,-4,0,1,1,0,8,-1.4468848227028588
24250026,8,1,3,17,30,2,0,-2,0,1,1,0,8,1.4468848227028588
24250026,8,1,3,30,17,-2,1,2,0,1,1,0,8,-1.4468848227028588
24250026,8,1,4,17,30,0,1,2,0,1,1,0,8,1.4468848227028588
24250026,8,1,4,30,17,0,0,-2,0,1,1,0,8,-1.4468848227028588
24250026,8,1,5,17,30,2,0,-2,0,1,1,0,8,1.4468848227028588
24250026,8,1,5,30,17,-2,1,2,0,1,1,0,8,-1.4468848227028588
24250026,8,1,6,17,30,0,1,2,1,0,1,0,8,1.4468848227028588
24250026,8,1,6,30,17,0,0,-2,-1,1,0,0,8,-1.4468848227028588
24250026,8,1,7,17,30,2,0,1,-1,0,0,0,8,1.4468848227028588
24250026,8,1,7,30,17,-2,1,-1,1,0,0,0,8,-1.4468848227028588
24250026,8,1,8,17,30,3,0,1,0,0,0,0,8,1.4468848227028588
24250026,8,1,8,30,17,-3,1,-1,0,0,0,0,8,-1.4468848227028588
24250026,8,2,1,20,22,0,1,-1,0,1,1,0,8,0.8133832318309012
24250026,8,2,1,22,20,0,0,1,0,1,1,0,8,-0.8133832318309012
24250026,8,2,2,20,22,-1,1,2,0,1,1,0,8,0.8133832318309012
24250026,8,2,2,22,20,1,0,-2,0,1,1,0,8,-0.8133832318309012
24250026,8,2,3,20,22,1,0,1,0,1,1,0,8,0.8133832318309012
24250026,8,2,3,22,20,-1,1,-1,0,1,1,0,8,-0.8133832318309012
24250026,8,2,4,20,22,2,0,1,0,1,1,0,8,0.8133832318309012
24250026,8,2,4,22,20,-2,1,-1,0,1,1,0,8,-0.8133832318309012
24250026,8,2,5,20,22,3,0,-1,-1,1,0,0,8,0.8133832318309012
24250026,8,2,5,22,20,-3,1,1,1,0,1,0,8,-0.8133832318309012
24250026,8,2,6,20,22,2,1,1,0,1,0,0,8,0.8133832318309012
24250026,8,2,6,22,20,-2,0,-1,0,0,1,0,8,-0.8133832318309012
24250026,8,2,7,20,22,3,0,-1,0,1,0,0,8,0.8133832318309012
24250026,8,2,7,22,20,-3,1,1,0,0,1,0,8,-0.8133832318309012
24250026,8,2,8,20,22,2,1,1,1,0,0,0,8,0.8133832318309012
24250026,8,2,8,22,20,-2,0,-1,-1,0,0,0,8,-0.8133832318309012
24250026,8,3,1,18,37,0,0,-1,0,1,1,0,8,-0.40137332003836595
24250026,8,3,1,37,18,0,1,1,0,1,1,0,8,0.40137332003836595
24250026,8,3,2,18,37,-1,1,1,0,1,1,0,8,-0.40137332003836595
24250026,8,3,2,37,18,1,0,-1,0,1,1,0,8,0.40137332003836595
24250026,8,3,3,18,37,0,0,-1,0,1,1,0,8,-0.40137332003836595
24250026,8,3,3,37,18,0,1,1,0,1,1,0,8,0.40137332003836595
24250026,8,3,4,18,37,-1,1,2,0,1,1,0,8,-0.40137332003836595
24250026,8,3,4,37,18,1,0,-2,0,1,1,0,8,0.40137332003836595
24250026,8,3,5,18,37,1,0,2,0,1,1,0,8,-0.40137332003836595
24250026,8,3,5,37,18,-1,1,-2,0,1,1,0,8,0.40137332003836595
24250026,8,3,6,18,37,3,0,1,-1,1,0,0,8,-0.40137332003836595
24250026,8,3,6,37,18,-3,1,-1,1,0,1,0,8,0.40137332003836595
24250026,8,3,7,18,37,4,0,-1,0,1,0,0,8,-0.40137332003836595
24250026,8,3,7,37,18,-4,1,1,0,0,1,0,8,0.40137332003836595
24250026,8,3,8,18,37,3,1,-1,1,0,0,0,8,-0.40137332003836595
24250026,8,3,8,37,18,-3,0,1,-1,0,0,0,8,0.40137332003836595
24250026,8,4,1,34,51,0,0,-3,0,1,1,0,9,-0.37145544519101426
24250026,8,4,1,51,34,0,1,3,0,1,1,0,9,0.37145544519101426
24250026,8,4,2,34,51,-3,1,3,0,1,1,0,9,-0.37145544519101426
24250026,8,4,2,51,34,3,0,-3,0,1,1,0,9,0.37145544519101426
24250026,8,4,3,34,51,0,0,-1,0,1,1,0,9,-0.37145544519101426
24250026,8,4,3,51,34,0,1,1,0,1,1,0,9,0.37145544519101426
24250026,8,4,4,34,51,-1,1,1,0,1,1,0,9,-0.37145544519101426
24250026,8,4,4,51,34,1,0,-1,0,1,1,0,9,0.37145544519101426
24250026,8,4,5,34,51,0,0,-1,0,1,1,0,9,-0.37145544519101426
24250026,8,4,5,51,34,0,1,1,0,1,1,0,9,0.37145544519101426
24250026,8,4,6,34,51,-1,1,1,0,1,1,0,9,-0.37145544519101426
24250026,8,4,6,51,34,1,0,-1,0,1,1,0,9,0.37145544519101426
24250026,8,4,7,34,51,0,0,-1,-1,1,0,0,9,-0.37145544519101426
24250026,8,4,7,51,34,0,1,1,1,0,1,0,9,0.37145544519101426
24250026,8,4,8,34,51,-1,1,1,1,0,0,0,9,-0.37145544519101426
24250026,8,4,8,51,34,1,0,-1,-1,0,0,0,9,0.37145544519101426
24250026,8,4,9,34,51,0,0,-2,0,0,0,0,9,-0.37145544519101426
24250026,8,4,9,51,34,0,1,2,0,0,0,0,9,0.37145544519101426
24250026,8,5,1,16,46,0,0,-2,0,1,1,0,8,0.46875367645770444
24250026,8,5,1,46,16,0,1,2,0,1,1,0,8,-0.46875367645770444
24250026,8,5,2,16,46,-2,1,2,0,1,1,0,8,0.46875367645770444
24250026,8,5,2,46,16,2,0,-2,0,1,1,0,8,-0.46875367645770444
24250026,8,5,3,16,46,0,0,1,0,1,1,0,8,0.46875367645770444
24250026,8,5,3,46,16,0,1,-1,0,1,1,0,8,-0.46875367645770444
24250026,8,5,4,16,46,1,0,-1,0,1,1,0,8,0.46875367645770444
24250026,8,5,4,46,16,-1,1,1,0,1,1,0,8,-0.46875367645770444
24250026,8,5,5,16,46,0,1,1,0,1,1,0,8,0.46875367645770444
24250026,8,5,5,46,16,0,0,-1,0,1,1,0,8,-0.46875367645770444
24250026,8,5,6,16,46,1,0,-1,-1,1,0,0,8,0.46875367645770444
24250026,8,5,6,46,16,-1,1,1,1,0,1,0,8,-0.46875367645770444
24250026,8,5,7,16,46,0,1,2,1,0,0,0,8,0.46875367645770444
24250026,8,5,7,46,16,0,0,-2,-1,0,0,0,8,-0.46875367645770444
24250026,8,5,8,16,46,2,0,1,0,0,0,0,8,0.46875367645770444
24250026,8,5,8,46,16,-2,1,-1,0,0,0,0,8,-0.46875367645770444
24250026,9,1,1,14,44,0,0,-4,0,1,1,0,8,1.059237285909441
24250026,9,1,1,44,14,0,1,4,0,1,1,0,8,-1.059237285909441
24250026,9,1,2,14,44,-4,1,2,0,1,1,0,8,1.059237285909441
24250026,9,1,2,44,14,4,0,-2,0,1,1,0,8,-1.059237285909441
24250026,9,1,3,14,44,-2,0,-1,0,1,1,0,8,1.059237285909441
24250026,9,1,3,44,14,2,1,1,0,1,1,0,8,-1.059237285909441
24250026,9,1,4,14,44,-3,1,-1,0,1,1,0,8,1.059237285909441
24250026,9,1,4,44,14,3,0,1,0,1,1,0,8,-1.059237285909441
24250026,9,1,5,14,44,-4,1,3,1,0,1,0,8,1.059237285909441
24250026,9,1,5,44,14,4,0,-3,-1,1,0,0,8,-1.059237285909441
24250026,9,1,6,14,44,-1,0,-4,-1,0,0,0,8,1.059237285909441
24250026,9,1,6,44,14,1,1,4,1,0,0,0,8,-1.059237285909441
24250026,9,1,7,14,44,-5,1,2,0,0,0,0,8,1.059237285909441
24250026,9,1,7,44,14,5,0,-2,0,0,0,0,8,-1.059237285909441
24250026,9,1,8,14,44,-3,0,0,0,0,0,0,8,1.059237285909441
24250026,9,1,8,44,14,3,1,0,0,0,0,0,8,-1.059237285909441
24250026,9,2,1,11,15,0,1,-1,0,1,1,0,6,0.5319282045890555
24250026,9,2,1,15,11,0,0,1,0,1,1,0,6,-0.5319282045890555
24250026,9,2,2,11,15,-1,1,-2,0,1,1,0,6,0.5319282045890555
24250026,9,2,2,15,11,1,0,2,0,1,1,0,6,-0.5319282045890555
24250026,9,2,3,11,15,-3,1,-2,0,1,1,0,6,0.5319282045890555
24250026,9,2,3,15,11,3,0,2,0,1,1,0,6,-0.5319282045890555
24250026,9,2,4,11,15,-5,1,1,1,0,1,0,6,0.5319282045890555
24250026,9,2,4,15,11,5,0,-1,-1,1,0,0,6,-0.5319282045890555
24250026,9,2,5,11,15,-4,0,-1,0,0,1,0,6,0.5319282045890555
24250026,9,2,5,15,11,4,1,1,0,1,0,0,6,-0.5319282045890555
24250026,9,2,6,11,15,-5,1,-1,0,0,1,1,6,0.5319282045890555
24250026,9,2,6,15,11,5,0,1,0,1,0,1,6,-0.5319282045890555
24250026,9,3,1,10,24,0,0,1,0,1,1,0,8,-0.4841266141620406
24250026,9,3,1,24,10,0,1,-1,0,1,1,0,8,0.4841266141620406
24250026,9,3,2,10,24,1,0,-1,0,1,1,0,8,-0.4841266141620406
24250026,9,3,2,24,10,-1,1,1,0,1,1,0,8,0.4841266141620406
24250026,9,3,3,10,24,0,1,2,0,1,1,0,8,-0.4841266141620406
24250026,9,3,3,24,10,0,0,-2,0,1,1,0,8,0.4841266141620406
24250026,9,3,4,10,24,2,0,-1,0,1,1,0,8,-0.4841266141620406
24250026,9,3,4,24,10,-2,1,1,0,1,1,0,8,0.4841266141620406
24250026,9,3,5,10,24,1,1,2,0,1,1,0,8,-0.4841266141620406
24250026,9,3,5,24,10,-1,0,-2,0,1,1,0,8,0.4841266141620406
24250026,9,3,6,10,24,3,0,-2,-1,1,0,0,8,-0.4841266141620406
24250026,9,3,6,24,10,-3,1,2,1,0,1,0,8,0.4841266141620406
24250026,9,3,7,10,24,1,1,-1,1,0,0,0,8,-0.4841266141620406
24250026,9,3,7,24,10,-1,0,1,-1,0,0,0,8,0.4841266141620406
24250026,9,3,8,10,24,0,1,-2,0,0,0,0,8,-0.4841266141620406
24250026,9,3,8,24,10,0,0,2,0,0,0,0,8,0.4841266141620406
24250026,9,4,1,19,43,0,1,3,0,1,1,0,7,1.470698067196401
24250026,9,4,1,43,19,0,0,-3,0,1,1,0,7,-1.470698067196401
24250026,9,4,2,19,43,3,0,-3,0,1,1,0,7,1.470698067196401
24250026,9,4,2,43,19,-3,1,3,0,1,1,0,7,-1.470698067196401
24250026,9,4,3,19,43,0,1,4,0,1,1,0,7,1.470698067196401
24250026,9,4,3,43,19,0,0,-4,0,1,1,0,7,-1.470698067196401
24250026,9,4,4,19,43,4,0,-1,0,1,1,0,7,1.470698067196401
24250026,9,4,4,43,19,-4,1,1,0,1,1,0,7,-1.470698067196401
24250026,9,4,5,19,43,3,1,2,0,1,1,0,7,1.470698067196401
24250026,9,4,5,43,19,-3,0,-2,0,1,1,0,7,-1.470698067196401
24250026,9,4,6,19,43,5,0,-1,-1,1,0,0,7,1.470698067196401
24250026,9,4,6,43,19,-5,1,1,1,0,1,0,7,-1.470698067196401
24250026,9,4,7,19,43,4,1,1,1,0,0,1,7,1.470698067196401
24250026,9,4,7,43,19,-4,0,-1,-1,0,0,1,7,-1.470698067196401
24250026,9,5,1,12,25,0,0,2,0,1,1,0,8,0.8486575498682842
24250026,9,5,1,25,12,0,1,-2,0,1,1,0,8,-0.8486575498682842
24250026,9,5,2,12,25,2,0,-1,0,1,1,0,8,0.8486575498682842
24250026,9,5,2,25,12,-2,1,1,0,1,1,0,8,-0.8486575498682842
24250026,9,5,3,12,25,1,1,1,0,1,1,0,8,0.8486575498682842
24250026,9,5,3,25,12,-1,0,-1,0,1,1,0,8,-0.8486575498682842
24250026,9,5,4,12,25,2,0,-1,0,1,1,0,8,0.8486575498682842
24250026,9,5,4,25,12,-2,1,1,0,1,1,0,8,-0.8486575498682842
24250026,9,5,5,12,25,1,1,1,1,0,1,0,8,0.8486575498682842
24250026,9,5,5,25,12,-1,0,-1,-1,1,0,0,8,-0.8486575498682842
24250026,9,5,6,12,25,2,0,1,-1,0,0,0,8,0.8486575498682842
24250026,9,5,6,25,12,-2,1,-1,1,0,0,0,8,-0.8486575498682842
24250026,9,5,7,12,25,3,0,1,0,0,0,0,8,0.8486575498682842
24250026,9,5,7,25,12,-3,1,-1,0,0,0,0,8,-0.8486575498682842
24250026,9,5,8,12,25,4,0,-1,0,0,0,0,8,0.8486575498682842
24250026,9,5,8,25,12,-4,1,1,0,0,0,0,8,-0.8486575498682842
24250026,10,1,1,18,20,0,1,-1,0,1,1,0,8,-0.23096634559164725
24250026,10,1,1,20,18,0,0,1,0,1,1,0,8,0.23096634559164725
24250026,10,1,2,18,20,-1,1,1,0,1,1,0,8,-0.23096634559164725
24250026,10,1,2,20,18,1,0,-1,0,1,1,0,8,0.23096634559164725
24250026,10,1,3,18,20,0,0,-2,0,1,1,0,8,-0.23096634559164725
24250026,10,1,3,20,18,0,1,2,0,1,1,0,8,0.23096634559164725
24250026,10,1,4,18,20,-2,1,2,0,1,1,0,8,-0.23096634559164725
24250026,10,1,4,20,18,2,0,-2,0,1,1,0,8,0.23096634559164725
24250026,10,1,5,18,20,0,0,-1,0,1,1,0,8,-0.23096634559164725
24250026,10,1,5,20,18,0,1,1,0,1,1,0,8,0.23096634559164725
24250026,10,1,6,18,20,-1,1,2,1,0,1,0,8,-0.23096634559164725
24250026,10,1,6,20,18,1,0,-2,-1,1,0,0,8,0.23096634559164725
24250026,10,1,7,18,20,1,0,-3,-1,0,0,0,8,-0.23096634559164725
24250026,10,1,7,20,18,-1,1,3,1,0,0,0,8,0.23096634559164725
24250026,10,1,8,18,20,-2,1,-2,0,0,0,0,8,-0.23096634559164725
24250026,10,1,8,20,18,2,0,2,0,0,0,0,8,0.23096634559164725
24250026,10,2,1,16,30,0,0,1,0,1,1,0,8,1.2018347236766687
24250026,10,2,1,30,16,0,1,-1,0,1,1,0,8,-1.2018347236766687
24250026,10,2,2,16,30,1,0,1,0,1,1,0,8,1.2018347236766687
24250026,10,2,2,30,16,-1,1,-1,0,1,1,0,8,-1.2018347236766687
24250026,10,2,3,16,30,2,0,1,0,1,1,0,8,1.2018347236766687
24250026,10,2,3,30,16,-2,1,-1,0,1,1,0,8,-1.2018347236766687
24250026,10,2,4,16,30,3,0,-1,0,1,1,0,8,1.2018347236766687
24250026,10,2,4,30,16,-3,1,1,0,1,1,0,8,-1.2018347236766687
24250026,10,2,5,16,30,2,1,-1,0,1,1,0,8,1.2018347236766687
24250026,10,2,5,30,16,-2,0,1,0,1,1,0,8,-1.2018347236766687
24250026,10,2,6,16,30,1,1,-3,1,0,1,0,8,1.2018347236766687
24250026,10,2,6,30,16,-1,0,3,-1,1,0,0,8,-1.2018347236766687
24250026,10,2,7,16,30,-2,1,-1,0,0,1,0,8,1.2018347236766687
24250026,10,2,7,30,16,2,0,1,0,1,0,0,8,-1.2018347236766687
24250026,10,2,8,16,30,-3,1,0,0,0,1,0,8,1.2018347236766687
24250026,10,2,8,30,16,3,0,0,0,1,0,0,8,-1.2018347236766687
24250026,10,3,1,17,34,0,1,2,0,1,1,0,7,2.279635077363662
24250026,10,3,1,34,17,0,0,-2,0,1,1,0,7,-2.279635077363662
24250026,10,3,2,17,34,2,0,-1,0,1,1,0,7,2.279635077363662
24250026,10,3,2,34,17,-2,1,1,0,1,1,0,7,-2.279635077363662
24250026,10,3,3,17,34,1,1,2,0,1,1,0,7,2.279635077363662
24250026,10,3,3,34,17,-1,0,-2,0,1,1,0,7,-2.279635077363662
24250026,10,3,4,17,34,3,0,-1,0,1,1,0,7,2.279635077363662
24250026,10,3,4,34,17,-3,1,1,0,1,1,0,7,-2.279635077363662
24250026,10,3,5,17,34,2,1,1,0,1,1,0,7,2.279635077363662
24250026,10,3,5,34,17,-2,0,-1,0,1,1,0,7,-2.279635077363662
24250026,10,3,6,17,34,3,0,1,0,1,1,0,7,2.279635077363662
24250026,10,3,6,34,17,-3,1,-1,0,1,1,0,7,-2.279635077363662
24250026,10,3,7,17,34,4,0,4,-1,1,0,1,7,2.279635077363662
24250026,10,3,7,34,17,-4,1,-4,1,0,1,1,7,-2.279635077363662
24250026,10,4,1,37,46,0,0,-2,0,1,1,0,8,0.5287118287179271
24250026,10,4,1,46,37,0,1,2,0,1,1,0,8,-0.5287118287179271
24250026,10,4,2,37,46,-2,1,-1,0,1,1,0,8,0.5287118287179271
24250026,10,4,2,46,37,2,0,1,0,1,1,0,8,-0.5287118287179271
24250026,10,4,3,37,46,-3,1,1,0,1,1,0,8,0.5287118287179271
24250026,10,4,3,46,37,3,0,-1,0,1,1,0,8,-0.5287118287179271
24250026,10,4,4,37,46,-2,0,-2,0,1,1,0,8,0.5287118287179271
24250026,10,4,4,46,37,2,1,2,0,1,1,0,8,-0.5287118287179271
24250026,10,4,5,37,46,-4,1,2,1,0,1,0,8,0.5287118287179271
24250026,10,4,5,46,37,4,0,-2,-1,1,0,0,8,-0.5287118287179271
24250026,10,4,6,37,46,-2,0,-2,-1,0,0,0,8,0.5287118287179271
24250026,10,4,6,46,37,2,1,2,1,0,0,0,8,-0.5287118287179271
24250026,10,4,7,37,46,-4,1,1,0,0,0,0,8,0.5287118287179271
24250026,10,4,7,46,37,4,0,-1,0,0,0,0,8,-0.5287118287179271
24250026,10,4,8,37,46,-3,0,0,0,0,0,0,8,0.5287118287179271
24250026,10,4,8,46,37,3,1,0,0,0,0,0,8,-0.5287118287179271
24250026,10,5,1,22,51,0,1,-1,0,1,1,0,8,0.7392974791290605
24250026,10,5,1,51,22,0,0,1,0,1,1,0,8,-0.7392974791290605
24250026,10,5,2,22,51,-1,1,1,0,1,1,0,8,0.7392974791290605
24250026,10,5,2,51,22,1,0,-1,0,1,1,0,8,-0.7392974791290605
24250026,10,5,3,22,51,0,0,-1,0,1,1,0,8,0.7392974791290605
24250026,10,5,3,51,22,0,1,1,0,1,1,0,8,-0.7392974791290605
24250026,10,5,4,22,51,-1,1,-1,0,1,1,0,8,0.7392974791290605
24250026,10,5,4,51,22,1,0,1,0,1,1,0,8,-0.7392974791290605
24250026,10,5,5,22,51,-2,1,3,0,1,1,0,8,0.7392974791290605
24250026,10,5,5,51,22,2,0,-3,0,1,1,0,8,-0.7392974791290605
24250026,10,5,6,22,51,1,0,1,-1,1,0,0,8,0.7392974791290605
24250026,10,5,6,51,22,-1,1,-1,1,0,1,0,8,-0.7392974791290605
24250026,10,5,7,22,51,2,0,1,0,1,0,0,8,0.7392974791290605
24250026,10,5,7,51,22,-2,1,-1,0,0,1,0,8,-0.7392974791290605
24250026,10,5,8,22,51,3,0,2,0,1,0,0,8,0.7392974791290605
24250026,10,5,8,51,22,-3,1,-2,0,0,1,0,8,-0.7392974791290605
24250026,11,1,1,11,25,0,1,2,0,1,1,0,8,0.2715876063476109
24250026,11,1,1,25,11,0,0,-2,0,1,1,0,8,-0.2715876063476109
24250026,11,1,2,11,25,2,0,-1,0,1,1,0,8,0.2715876063476109
24250026,11,1,2,25,11,-2,1,1,0,1,1,0,8,-0.2715876063476109
24250026,11,1,3,11,25,1,1,1,0,1,1,0,8,0.2715876063476109
24250026,11,1,3,25,11,-1,0,-1,0,1,1,0,8,-0.2715876063476109
24250026,11,1,4,11,25,2,0,-1,0,1,1,0,8,0.2715876063476109
24250026,11,1,4,25,11,-2,1,1,0,1,1,0,8,-0.2715876063476109
24250026,11,1,5,11,25,1,1,1,0,1,1,0,8,0.2715876063476109
24250026,11,1,5,25,11,-1,0,-1,0,1,1,0,8,-0.2715876063476109
24250026,11,1,6,11,25,2,0,-3,-1,1,0,0,8,0.2715876063476109
24250026,11,1,6,25,11,-2,1,3,1,0,1,0,8,-0.2715876063476109
24250026,11,1,7,11,25,-1,1,2,1,0,0,0,8,0.2715876063476109
24250026,11,1,7,25,11,1,0,-2,-1,0,0,0,8,-0.2715876063476109
24250026,11,1,8,11,25,1,0,1,0,0,0,0,8,0.2715876063476109
24250026,11,1,8,25,11,-1,1,-1,0,0,0,0,8,-0.2715876063476109
24250026,11,2,1,10,44,0,1,2,0,1,1,0,7,1.1281370853709065
24250026,11,2,1,44,10,0,0,-2,0,1,1,0,7,-1.1281370853709065
24250026,11,2,2,10,44,2,0,-2,0,1,1,0,7,1.1281370853709065
24250026,11,2,2,44,10,-2,1,2,0,1,1,0,7,-1.1281370853709065
24250026,11,2,3,10,44,0,1,3,0,1,1,0,7,1.1281370853709065
24250026,11,2,3,44,10,0,0,-3,0,1,1,0,7,-1.1281370853709065
24250026,11,2,4,10,44,3,0,-2,0,1,1,0,7,1.1281370853709065
24250026,11,2,4,44,10,-3,1,2,0,1,1,0,7,-1.1281370853709065
24250026,11,2,5,10,44,1,1,2,0,1,1,0,7,1.1281370853709065
24250026,11,2,5,44,10,-1,0,-2,0,1,1,0,7,-1.1281370853709065
24250026,11,2,6,10,44,3,0,-2,-1,1,0,0,7,1.1281370853709065
24250026,11,2,6,44,10,-3,1,2,1,0,1,0,7,-1.1281370853709065
24250026,11,2,7,10,44,1,1,4,1,0,0,1,7,1.1281370853709065
24250026,11,2,7,44,10,-1,0,-4,-1,0,0,1,7,-1.1281370853709065
24250026,11,3,1,12,43,0,1,2,0,1,1,0,8,0.9524034013378668
24250026,11,3,1,43,12,0,0,-2,0,1,1,0,8,-0.9524034013378668
24250026,11,3,2,12,43,2,0,-1,0,1,1,0,8,0.9524034013378668
24250026,11,3,2,43,12,-2,1,1,0,1,1,0,8,-0.9524034013378668
24250026,11,3,3,12,43,1,1,1,0,1,1,0,8,0.9524034013378668
24250026,11,3,3,43,12,-1,0,-1,0,1,1,0,8,-0.9524034013378668
24250026,11,3,4,12,43,2,0,2,0,1,1,0,8,0.9524034013378668
24250026,11,3,4,43,12,-2,1,-2,0,1,1,0,8,-0.9524034013378668
24250026,11,3,5,12,43,4,0,-3,-1,1,0,0,8,0.9524034013378668
24250026,11,3,5,43,12,-4,1,3,1,0,1,0,8,-0.9524034013378668
24250026,11,3,6,12,43,1,1,1,1,0,0,0,8,0.9524034013378668
24250026,11,3,6,43,12,-1,0,-1,-1,0,0,0,8,-0.9524034013378668
24250026,11,3,7,12,43,2,0,-3,0,0,0,0,8,0.9524034013378668
24250026,11,3,7,43,12,-2,1,3,0,0,0,0,8,-0.9524034013378668
24250026,11,3,8,12,43,-1,1,3,0,0,0,0,8,0.9524034013378668
24250026,11,3,8,43,12,1,0,-3,0,0,0,0,8,-0.9524034013378668
24250026,11,4,1,14,24,0,0,-2,0,1,1,0,8,-0.5530264136235061
24250026,11,4,1,24,14,0,1,2,0,1,1,0,8,0.5530264136235061
24250026,11,4,2,14,24,-2,1,1,0,1,1,0,8,-0.5530264136235061
24250026,11,4,2,24,14,2,0,-1,0,1,1,0,8,0.5530264136235061
24250026,11,4,3,14,24,-1,0,-1,0,1,1,0,8,-0.5530264136235061
24250026,11,4,3,24,14,1,1,1,0,1,1,0,8,0.5530264136235061
24250026,11,4,4,14,24,-2,1,2,0,1,1,0,8,-0.5530264136235061
24250026,11,4,4,24,14,2,0,-2,0,1,1,0,8,0.5530264136235061
24250026,11,4,5,14,24,0,0,-2,0,1,1,0,8,-0.5530264136235061
24250026,11,4,5,24,14,0,1,2,0,1,1,0,8,0.5530264136235061
24250026,11,4,6,14,24,-2,1,1,1,0,1,0,8,-0.5530264136235061
24250026,11,4,6,24,14,2,0,-1,-1,1,0,0,8,0.5530264136235061
24250026,11,4,7,14,24,-1,0,-2,-1,0,0,0,8,-0.5530264136235061
24250026,11,4,7,24,14,1,1,2,1,0,0,0,8,0.5530264136235061
24250026,11,4,8,14,24,-3,1,0,0,0,0,0,8,-0.5530264136235061
24250026,11,4,8,24,14,3,0,0,0,0,0,0,8,0.5530264136235061
24250026,11,5,1,15,19,0,1,1,0,1,1,0,8,-1.6272928139682628
24250026,11,5,1,19,15,0,0,-1,0,1,1,0,8,1.6272928139682628
24250026,11,5,2,15,19,1,0,-3,0,1,1,0,8,-1.6272928139682628
24250026,11,5,2,19,15,-1,1,3,0,1,1,0,8,1.6272928139682628
24250026,11,5,3,15,19,-2,1,2,0,1,1,0,8,-1.6272928139682628
24250026,11,5,3,19,15,2,0,-2,0,1,1,0,8,1.6272928139682628
24250026,11,5,4,15,19,0,0,-2,0,1,1,0,8,-1.6272928139682628
24250026,11,5,4,19,15,0,1,2,0,1,1,0,8,1.6272928139682628
24250026,11,5,5,15,19,-2,1,1,0,1,1,0,8,-1.6272928139682628
24250026,11,5,5,19,15,2,0,-1,0,1,1,0,8,1.6272928139682628
24250026,11,5,6,15,19,-1,0,-2,-1,1,0,0,8,-1.6272928139682628
24250026,11,5,6,19,15,1,1,2,1,0,1,0,8,1.6272928139682628
24250026,11,5,7,15,19,-3,1,2,1,0,0,0,8,-1.6272928139682628
24250026,11,5,7,19,15,3,0,-2,-1,0,0,0,8,1.6272928139682628
24250026,11,5,8,15,19,-1,0,-1,0,0,0,0,8,-1.6272928139682628
24250026,11,5,8,19,15,1,1,1,0,0,0,0,8,1.6272928139682628
24250026,12,1,1,30,51,0,0,-1,0,1,1,0,8,0.4612948094697891
24250026,12,1,1,51,30,0,1,1,0,1,1,0,8,-0.4612948094697891
24250026,12,1,2,30,51,-1,1,-1,0,1,1,0,8,0.4612948094697891
24250026,12,1,2,51,30,1,0,1,0,1,1,0,8,-0.4612948094697891
24250026,12,1,3,30,51,-2,1,3,0,1,1,0,8,0.4612948094697891
24250026,12,1,3,51,30,2,0,-3,0,1,1,0,8,-0.4612948094697891
24250026,12,1,4,30,51,1,0,-1,0,1,1,0,8,0.4612948094697891
24250026,12,1,4,51,30,-1,1,1,0,1,1,0,8,-0.4612948094697891
24250026,12,1,5,30,51,0,1,1,0,1,1,0,8,0.4612948094697891
24250026,12,1,5,51,30,0,0,-1,0,1,1,0,8,-0.4612948094697891
24250026,12,1,6,30,51,1,0,1,0,1,1,0,8,0.4612948094697891
24250026,12,1,6,51,30,-1,1,-1,0,1,1,0,8,-0.4612948094697891
24250026,12,1,7,30,51,2,0,-2,-1,1,0,0,8,0.4612948094697891
24250026,12,1,7,51,30,-2,1,2,1,0,1,0,8,-0.4612948094697891
24250026,12,1,8,30,51,0,1,3,1,0,0,0,8,0.4612948094697891
24250026,12,1,8,51,30,0,0,-3,-1,0,0,0,8,-0.4612948094697891
24250026,12,2,1,18,34,0,1,1,0,1,1,0,6,1.6931698105593287
24250026,12,2,1,34,18,0,0,-1,0,1,1,0,6,-1.6931698105593287
24250026,12,2,2,18,34,1,0,1,0,1,1,0,6,1.6931698105593287
24250026,12,2,2,34,18,-1,1,-1,0,1,1,0,6,-1.6931698105593287
24250026,12,2,3,18,34,2,0,-1,0,1,1,0,6,1.6931698105593287
24250026,12,2,3,34,18,-2,1,1,0,1,1,0,6,-1.6931698105593287
24250026,12,2,4,18,34,1,1,3,0,1,1,0,6,1.6931698105593287
24250026,12,2,4,34,18,-1,0,-3,0,1,1,0,6,-1.6931698105593287
24250026,12,2,5,18,34,4,0,3,-1,1,0,0,6,1.6931698105593287
24250026,12,2,5,34,18,-4,1,-3,1,0,1,0,6,-1.6931698105593287
24250026,12,2,6,18,34,7,0,2,0,1,0,1,6,1.6931698105593287
24250026,12,2,6,34,18,-7,1,-2,0,0,1,1,6,-1.6931698105593287
24250026,12,3,1,22,46,0,1,-1,0,1,1,0,7,-0.4550783775596928
24250026,12,3,1,46,22,0,0,1,0,1,1,0,7,0.4550783775596928
24250026,12,3,2,22,46,-1,1,1,0,1,1,0,7,-0.4550783775596928
24250026,12,3,2,46,22,1,0,-1,0,1,1,0,7,0.4550783775596928
24250026,12,3,3,22,46,0,0,-2,0,1,1,0,7,-0.4550783775596928
24250026,12,3,3,46,22,0,1,2,0,1,1,0,7,0.4550783775596928
24250026,12,3,4,22,46,-2,1,1,0,1,1,0,7,-0.4550783775596928
24250026,12,3,4,46,22,2,0,-1,0,1,1,0,7,0.4550783775596928
24250026,12,3,5,22,46,-1,0,-1,0,1,1,0,7,-0.4550783775596928
24250026,12,3,5,46,22,1,1,1,0,1,1,0,7,0.4550783775596928
24250026,12,3,6,22,46,-2,1,-1,1,0,1,0,7,-0.4550783775596928
24250026,12,3,6,46,22,2,0,1,-1,1,0,0,7,0.4550783775596928
24250026,12,3,7,22,46,-3,1,-2,0,0,1,1,7,-0.4550783775596928
24250026,12,3,7,46,22,3,0,2,0,1,0,1,7,0.4550783775596928
24250026,12,4,1,17,20,0,0,-3,0,1,1,0,6,0.3554989212126862
24250026,12,4,1,20,17,0,1,3,0,1,1,0,6,-0.3554989212126862
24250026,12,4,2,17,20,-3,1,-1,1,0,1,0,6,0.3554989212126862
24250026,12,4,2,20,17,3,0,1,-1,1,0,0,6,-0.3554989212126862
24250026,12,4,3,17,20,-4,1,-2,0,0,1,0,6,0.3554989212126862
24250026,12,4,3,20,17,4,0,2,0,1,0,0,6,-0.3554989212126862
24250026,12,4,4,17,20,-6,1,-1,0,0,1,0,6,0.3554989212126862
24250026,12,4,4,20,17,6,0,1,0,1,0,0,6,-0.3554989212126862
24250026,12,4,5,17,20,-7,1,3,0,0,1,0,6,0.3554989212126862
24250026,12,4,5,20,17,7,0,-3,0,1,0,0,6,-0.3554989212126862
24250026,12,4,6,17,20,-4,0,-2,0,0,1,1,6,0.3554989212126862
24250026,12,4,6,20,17,4,1,2,0,1,0,1,6,-0.3554989212126862
24250026,12,5,1,16,37,0,0,-4,0,1,1,0,8,-0.05995815226022272
24250026,12,5,1,37,16,0,1,4,0,1,1,0,8,0.05995815226022272
24250026,12,5,2,16,37,-4,1,3,0,1,1,0,8,-0.05995815226022272
24250026,12,5,2,37,16,4,0,-3,0,1,1,0,8,0.05995815226022272
24250026,12,5,3,16,37,-1,0,-2,0,1,1,0,8,-0.05995815226022272
24250026,12,5,3,37,16,1,1,2,0,1,1,0,8,0.05995815226022272
24250026,12,5,4,16,37,-3,1,-1,0,1,1,0,8,-0.05995815226022272
24250026,12,5,4,37,16,3,0,1,0,1,1,0,8,0.05995815226022272
24250026,12,5,5,16,37,-4,1,2,1,0,1,0,8,-0.05995815226022272
24250026,12,5,5,37,16,4,0,-2,-1,1,0,0,8,0.05995815226022272
24250026,12,5,6,16,37,-2,0,2,-1,0,0,0,8,-0.05995815226022272
24250026,12,5,6,37,16,2,1,-2,1,0,0,0,8,0.05995815226022272
24250026,12,5,7,16,37,0,0,-3,0,0,0,0,8,-0.05995815226022272
24250026,12,5,7,37,16,0,1,3,0,0,0,0,8,0.05995815226022272
24250026,12,5,8,16,37,-3,1,1,0,0,0,0,8,-0.05995815226022272
24250026,12,5,8,37,16,3,0,-1,0,0,0,0,8,0.05995815226022272
24250026,13,1,1,24,43,0,1,1,0,1,1,0,7,2.163543244755778
24250026,13,1,1,43,24,0,0,-1,0,1,1,0,7,-2.163543244755778
24250026,13,1,2,24,43,1,0,2,0,1,1,0,7,2.163543244755778
24250026,13,1,2,43,24,-1,1,-2,0,1,1,0,7,-2.163543244755778
24250026,13,1,3,24,43,3,0,-1,0,1,1,0,7,2.163543244755778
24250026,13,1,3,43,24,-3,1,1,0,1,1,0,7,-2.163543244755778
24250026,13,1,4,24,43,2,1,3,0,1,1,0,7,2.163543244755778
24250026,13,1,4,43,24,-2,0,-3,0,1,1,0,7,-2.163543244755778
24250026,13,1,5,24,43,5,0,-1,-1,1,0,0,7,2.163543244755778
24250026,13,1,5,43,24,-5,1,1,1,0,1,0,7,-2.163543244755778
24250026,13,1,6,24,43,4,1,1,0,1,0,0,7,2.163543244755778
24250026,13,1,6,43,24,-4,0,-1,0,0,1,0,7,-2.163543244755778
24250026,13,1,7,24,43,5,0,1,0,1,0,1,7,2.163543244755778
24250026,13,1,7,43,24,-5,1,-1,0,0,1,1,7,-2.163543244755778
24250026,13,2,1,14,19,0,0,-1,0,1,1,0,8,0.13981876393587112
24250026,13,2,1,19,14,0,1,1,0,1,1,0,8,-0.13981876393587112
24250026,13,2,2,14,19,-1,1,2,0,1,1,0,8,0.13981876393587112
24250026,13,2,2,19,14,1,0,-2,0,1,1,0,8,-0.13981876393587112
24250026,13,2,3,14,19,1,0,-2,0,1,1,0,8,0.13981876393587112
24250026,13,2,3,19,14,-1,1,2,0,1,1,0,8,-0.13981876393587112
24250026,13,2,4,14,19,-1,1,-1,0,1,1,0,8,0.13981876393587112
24250026,13,2,4,19,14,1,0,1,0,1,1,0,8,-0.13981876393587112
24250026,13,2,5,14,19,-2,1,3,0,1,1,0,8,0.13981876393587112
24250026,13,2,5,19,14,2,0,-3,0,1,1,0,8,-0.13981876393587112
24250026,13,2,6,14,19,1,0,-1,-1,1,0,0,8,0.13981876393587112
24250026,13,2,6,19,14,-1,1,1,1,0,1,0,8,-0.13981876393587112
24250026,13,2,7,14,19,0,1,2,1,0,0,0,8,0.13981876393587112
24250026,13,2,7,19,14,0,0,-2,-1,0,0,0,8,-0.13981876393587112
24250026,13,2,8,14,19,2,0,-1,0,0,0,0,8,0.13981876393587112
24250026,13,2,8,19,14,-2,1,1,0,0,0,0,8,-0.13981876393587112
24250026,13,3,1,15,25,0,0,-1,0,1,1,0,8,-0.2603405982414446
24250026,13,3,1,25,15,0,1,1,0,1,1,0,8,0.2603405982414446
24250026,13,3,2,15,25,-1,1,1,0,1,1,0,8,-0.2603405982414446
24250026,13,3,2,25,15,1,0,-1,0,1,1,0,8,0.2603405982414446
24250026,13,3,3,15,25,0,0,-2,0,1,1,0,8,-0.2603405982414446
24250026,13,3,3,25,15,0,1,2,0,1,1,0,8,0.2603405982414446
24250026,13,3,4,15,25,-2,1,-1,0,1,1,0,8,-0.2603405982414446
24250026,13,3,4,25,15,2,0,1,0,1,1,0,8,0.2603405982414446
24250026,13,3,5,15,25,-3,1,1,1,0,1,0,8,-0.2603405982414446
24250026,13,3,5,25,15,3,0,-1,-1,1,0,0,8,0.2603405982414446
24250026,13,3,6,15,25,-2,0,-2,0,0,1,0,8,-0.2603405982414446
24250026,13,3,6,25,15,2,1,2,0,1,0,0,8,0.2603405982414446
24250026,13,3,7,15,25,-4,1,3,0,0,1,0,8,-0.2603405982414446
24250026,13,3,7,25,15,4,0,-3,0,1,0,0,8,0.2603405982414446
24250026,13,3,8,15,25,-1,0,-1,-1,0,0,0,8,-0.2603405982414446
24250026,13,3,8,25,15,1,1,1,1,0,0,0,8,0.2603405982414446
24250026,13,4,1,11,44,0,1,1,0,1,1,0,8,-0.17594608740563739
24250026,13,4,1,44,11,0,0,-1,0,1,1,0,8,0.17594608740563739
24250026,13,4,2,11,44,1,0,-2,0,1,1,0,8,-0.17594608740563739
24250026,13,4,2,44,11,-1,1,2,0,1,1,0,8,0.17594608740563739
24250026,13,4,3,11,44,-1,1,1,0,1,1,0,8,-0.17594608740563739
24250026,13,4,3,44,11,1,0,-1,0,1,1,0,8,0.17594608740563739
24250026,13,4,4,11,44,0,0,-1,0,1,1,0,8,-0.17594608740563739
24250026,13,4,4,44,11,0,1,1,0,1,1,0,8,0.17594608740563739
24250026,13,4,5,11,44,-1,1,1,0,1,1,0,8,-0.17594608740563739
24250026,13,4,5,44,11,1,0,-1,0,1,1,0,8,0.17594608740563739
24250026,13,4,6,11,44,0,0,-2,0,1,1,0,8,-0.17594608740563739
24250026,13,4,6,44,11,0,1,2,0,1,1,0,8,0.17594608740563739
24250026,13,4,7,11,44,-2,1,1,1,0,1,0,8,-0.17594608740563739
24250026,13,4,7,44,11,2,0,-1,-1,1,0,0,8,0.17594608740563739
24250026,13,4,8,11,44,-1,0,-1,-1,0,0,0,8,-0.17594608740563739
24250026,13,4,8,44,11,1,1,1,1,0,0,0,8,0.17594608740563739
24250026,13,5,1,10,12,0,1,2,0,1,1,0,6,0.7270132292558706
24250026,13,5,1,12,10,0,0,-2,0,1,1,0,6,-0.7270132292558706
24250026,13,5,2,10,12,2,0,2,0,1,1,0,6,0.7270132292558706
24250026,13,5,2,12,10,-2,1,-2,0,1,1,0,6,-0.7270132292558706
24250026,13,5,3,10,12,4,0,2,-1,1,0,0,6,0.7270132292558706
24250026,13,5,3,12,10,-4,1,-2,1,0,1,0,6,-0.7270132292558706
24250026,13,5,4,10,12,6,0,2,0,1,0,0,6,0.7270132292558706
24250026,13,5,4,12,10,-6,1,-2,0,0,1,0,6,-0.7270132292558706
24250026,13,5,5,10,12,8,0,-2,0,1,0,0,6,0.7270132292558706
24250026,13,5,5,12,10,-8,1,2,0,0,1,0,6,-0.7270132292558706
24250026,13,5,6,10,12,6,1,5,1,0,0,1,6,0.7270132292558706
24250026,13,5,6,12,10,-6,0,-5,-1,0,0,1,6,-0.7270132292558706
24250026,14,1,1,17,46,0,0,-1,0,1,1,0,8,0.7138037754838946
24250026,14,1,1,46,17,0,1,1,0,1,1,0,8,-0.7138037754838946
24250026,14,1,2,17,46,-1,1,-3,0,1,1,0,8,0.7138037754838946
24250026,14,1,2,46,17,1,0,3,0,1,1,0,8,-0.7138037754838946
24250026,14,1,3,17,46,-4,1,1,1,0,1,0,8,0.7138037754838946
24250026,14,1,3,46,17,4,0,-1,-1,1,0,0,8,-0.7138037754838946
24250026,14,1,4,17,46,-3,0,1,0,0,1,0,8,0.7138037754838946
24250026,14,1,4,46,17,3,1,-1,0,1,0,0,8,-0.7138037754838946
24250026,14,1,5,17,46,-2,0,-2,0,0,1,0,8,0.7138037754838946
24250026,14,1,5,46,17,2,1,2,0,1,0,0,8,-0.7138037754838946
24250026,14,1,6,17,46,-4,1,3,0,0,1,0,8,0.7138037754838946
24250026,14,1,6,46,17,4,0,-3,0,1,0,0,8,-0.7138037754838946
24250026,14,1,7,17,46,-1,0,2,-1,0,0,0,8,0.7138037754838946
24250026,14,1,7,46,17,1,1,-2,1,0,0,0,8,-0.7138037754838946
24250026,14,1,8,17,46,1,0,-2,0,0,0,0,8,0.7138037754838946
24250026,14,1,8,46,17,-1,1,2,0,0,0,0,8,-0.7138037754838946
24250026,14,2,1,20,37,0,0,1,0,1,1,0,8,-0.1704069744467187
24250026,14,2,1,37,20,0,1,-1,0,1,1,0,8,0.1704069744467187
24250026,14,2,2,20,37,1,0,-1,0,1,1,0,8,-0.1704069744467187
24250026,14,2,2,37,20,-1,1,1,0,1,1,0,8,0.1704069744467187
24250026,14,2,3,20,37,0,1,1,0,1,1,0,8,-0.1704069744467187
24250026,14,2,3,37,20,0,0,-1,0,1,1,0,8,0.1704069744467187
24250026,14,2,4,20,37,1,0,-2,0,1,1,0,8,-0.1704069744467187
24250026,14,2,4,37,20,-1,1,2,0,1,1,0,8,0.1704069744467187
24250026,14,2,5,20,37,-1,1,1,0,1,1,0,8,-0.1704069744467187
24250026,14,2,5,37,20,1,0,-1,0,1,1,0,8,0.1704069744467187
24250026,14,2,6,20,37,0,0,-3,-1,1,0,0,8,-0.1704069744467187
24250026,14,2,6,37,20,0,1,3,1,0,1,0,8,0.1704069744467187
24250026,14,2,7,20,37,-3,1,3,1,0,0,0,8,-0.1704069744467187
24250026,14,2,7,37,20,3,0,-3,-1,0,0,0,8,0.1704069744467187
24250026,14,2,8,20,37,0,0,-1,0,0,0,0,8,-0.1704069744467187
24250026,14,2,8,37,20,0,1,1,0,0,0,0,8,0.1704069744467187
24250026,14,3,1,16,51,0,1,4,0,1,1,0,7,1.6631295331464577
24250026,14,3,1,51,16,0,0,-4,0,1,1,0,7,-1.6631295331464577
24250026,14,3,2,16,51,4,0,1,0,1,1,0,7,1.6631295331464577
24250026,14,3,2,51,16,-4,1,-1,0,1,1,0,7,-1.6631295331464577
24250026,14,3,3,16,51,5,0,-2,-1,1,0,0,7,1.6631295331464577
24250026,14,3,3,51,16,-5,1,2,1,0,1,0,7,-1.6631295331464577
24250026,14,3,4,16,51,3,1,2,0,1,0,0,7,1.6631295331464577
24250026,14,3,4,51,16,-3,0,-2,0,0,1,0,7,-1.6631295331464577
24250026,14,3,5,16,51,5,0,1,0,1,0,0,7,1.6631295331464577
24250026,14,3,5,51,16,-5,1,-1,0,0,1,0,7,-1.6631295331464577
24250026,14,3,6,16,51,6,0,-1,0,1,0,0,7,1.6631295331464577
24250026,14,3,6,51,16,-6,1,1,0,0,1,0,7,-1.6631295331464577
24250026,14,3,7,16,51,5,1,1,1,0,0,1,7,1.6631295331464577
24250026,14,3,7,51,16,-5,0,-1,-1,0,0,1,7,-1.6631295331464577
24250026,14,4,1,18,30,0,1,2,0,1,1,0,8,0.8604195558985254
24250026,14,4,1,30,18,0,0,-2,0,1,1,0,8,-0.8604195558985254
24250026,14,4,2,18,30,2,0,-2,0,1,1,0,8,0.8604195558985254
24250026,14,4,2,30,18,-2,1,2,0,1,1,0,8,-0.8604195558985254
24250026,14,4,3,18,30,0,1,1,0,1,1,0,8,0.8604195558985254
24250026,14,4,3,30,18,0,0,-1,0,1,1,0,8,-0.8604195558985254
24250026,14,4,4,18,30,1,0,-2,0,1,1,0,8,0.8604195558985254
24250026,14,4,4,30,18,-1,1,2,0,1,1,0,8,-0.8604195558985254
24250026,14,4,5,18,30,-1,1,2,0,1,1,0,8,0.8604195558985254
24250026,14,4,5,30,18,1,0,-2,0,1,1,0,8,-0.8604195558985254
24250026,14,4,6,18,30,1,0,-3,-1,1,0,0,8,0.8604195558985254
24250026,14,4,6,30,18,-1,1,3,1,0,1,0,8,-0.8604195558985254
24250026,14,4,7,18,30,-2,1,2,1,0,0,0,8,0.8604195558985254
24250026,14,4,7,30,18,2,0,-2,-1,0,0,0,8,-0.8604195558985254
24250026,14,4,8,18,30,0,0,-1,0,0,0,0,8,0.8604195558985254
24250026,14,4,8,30,18,0,1,1,0,0,0,0,8,-0.8604195558985254
24250026,14,5,1,22,34,0,0,-1,0,1,1,0,8,1.1107529243200747
24250026,14,5,1,34,22,0,1,1,0,1,1,0,8,-1.1107529243200747
24250026,14,5,2,22,34,-1,1,1,0,1,1,0,8,1.1107529243200747
24250026,14,5,2,34,22,1,0,-1,0,1,1,0,8,-1.1107529243200747
24250026,14,5,3,22,34,0,0,1,0,1,1,0,8,1.1107529243200747
24250026,14,5,3,34,22,0,1,-1,0,1,1,0,8,-1.1107529243200747
24250026,14,5,4,22,34,1,0,1,0,1,1,0,8,1.1107529243200747
24250026,14,5,4,34,22,-1,1,-1,0,1,1,0,8,-1.1107529243200747
24250026,14,5,5,22,34,2,0,2,0,1,1,0,8,1.1107529243200747
24250026,14,5,5,34,22,-2,1,-2,0,1,1,0,8,-1.1107529243200747
24250026,14,5,6,22,34,4,0,1,-1,1,0,0,8,1.1107529243200747
24250026,14,5,6,34,22,-4,1,-1,1,0,1,0,8,-1.1107529243200747
24250026,14,5,7,22,34,5,0,-1,0,1,0,0,8,1.1107529243200747
24250026,14,5,7,34,22,-5,1,1,0,0,1,0,8,-1.1107529243200747
24250026,14,5,8,22,34,4,1,0,1,0,0,0,8,1.1107529243200747
24250026,14,5,8,34,22,-4,0,0,-1,0,0,0,8,-1.1107529243200747
24250026,15,1,1,14,15,0,1,3,0,1,1,0,6,1.7671115779041338
24250026,15,1,1,15,14,0,0,-3,0,1,1,0,6,-1.7671115779041338
24250026,15,1,2,14,15,3,0,1,0,1,1,0,6,1.7671115779041338
24250026,15,1,2,15,14,-3,1,-1,0,1,1,0,6,-1.7671115779041338
24250026,15,1,3,14,15,4,0,1,-1,1,0,0,6,1.7671115779041338
24250026,15,1,3,15,14,-4,1,-1,1,0,1,0,6,-1.7671115779041338
24250026,15,1,4,14,15,5,0,1,0,1,0,0,6,1.7671115779041338
24250026,15,1,4,15,14,-5,1,-1,0,0,1,0,6,-1.7671115779041338
24250026,15,1,5,14,15,6,0,1,0,1,0,0,6,1.7671115779041338
24250026,15,1,5,15,14,-6,1,-1,0,0,1,0,6,-1.7671115779041338
24250026,15,1,6,14,15,7,0,-1,0,1,0,1,6,1.7671115779041338
24250026,15,1,6,15,14,-7,1,1,0,0,1,1,6,-1.7671115779041338
24250026,15,2,1,11,12,0,1,1,0,1,1,0,7,-0.5770699435206732
24250026,15,2,1,12,11,0,0,-1,0,1,1,0,7,0.5770699435206732
24250026,15,2,2,11,12,1,0,-2,0,1,1,0,7,-0.5770699435206732
24250026,15,2,2,12,11,-1,1,2,0,1,1,0,7,0.5770699435206732
24250026,15,2,3,11,12,-1,1,-2,0,1,1,0,7,-0.5770699435206732
24250026,15,2,3,12,11,1,0,2,0,1,1,0,7,0.5770699435206732
24250026,15,2,4,11,12,-3,1,-1,1,0,1,0,7,-0.5770699435206732
24250026,15,2,4,12,11,3,0,1,-1,1,0,0,7,0.5770699435206732
24250026,15,2,5,11,12,-4,1,1,0,0,1,0,7,-0.5770699435206732
24250026,15,2,5,12,11,4,0,-1,0,1,0,0,7,0.5770699435206732
24250026,15,2,6,11,12,-3,0,1,-1,0,0,0,7,-0.5770699435206732
24250026,15,2,6,12,11,3,1,-1,1,0,0,0,7,0.5770699435206732
24250026,15,2,7,11,12,-2,0,-5,0,0,0,1,7,-0.5770699435206732
24250026,15,2,7,12,11,2,1,5,0,0,0,1,7,0.5770699435206732
24250026,15,3,1,19,24,0,1,-1,0,1,1,0,8,-0.6928451775593772
24250026,15,3,1,24,19,0,0,1,0,1,1,0,8,0.6928451775593772
24250026,15,3,2,19,24,-1,1,-2,0,1,1,0,8,-0.6928451775593772
24250026,15,3,2,24,19,1,0,2,0,1,1,0,8,0.6928451775593772
24250026,15,3,3,19,24,-3,1,1,0,1,1,0,8,-0.6928451775593772
24250026,15,3,3,24,19,3,0,-1,0,1,1,0,8,0.6928451775593772
24250026,15,3,4,19,24,-2,0,-2,0,1,1,0,8,-0.6928451775593772
24250026,15,3,4,24,19,2,1,2,0,1,1,0,8,0.6928451775593772
24250026,15,3,5,19,24,-4,1,2,1,0,1,0,8,-0.6928451775593772
24250026,15,3,5,24,19,4,0,-2,-1,1,0,0,8,0.6928451775593772
24250026,15,3,6,19,24,-2,0,-1,0,0,1,0,8,-0.6928451775593772
24250026,15,3,6,24,19,2,1,1,0,1,0,0,8,0.6928451775593772
24250026,15,3,7,19,24,-3,1,1,0,0,1,0,8,-0.6928451775593772
24250026,15,3,7,24,19,3,0,-1,0,1,0,0,8,0.6928451775593772
24250026,15,3,8,19,24,-2,0,0,-1,0,0,0,8,-0.6928451775593772
24250026,15,3,8,24,19,2,1,0,1,0,0,0,8,0.6928451775593772
24250026,15,4,1,10,43,0,1,1,0,1,1,0,8,1.6794166305937375
24250026,15,4,1,43,10,0,0,-1,0,1,1,0,8,-1.6794166305937375
24250026,15,4,2,10,43,1,0,-1,0,1,1,0,8,1.6794166305937375
24250026,15,4,2,43,10,-1,1,1,0,1,1,0,8,-1.6794166305937375
24250026,15,4,3,10,43,0,1,1,0,1,1,0,8,1.6794166305937375
24250026,15,4,3,43,10,0,0,-1,0,1,1,0,8,-1.6794166305937375
24250026,15,4,4,10,43,1,0,-2,0,1,1,0,8,1.6794166305937375
24250026,15,4,4,43,10,-1,1,2,0,1,1,0,8,-1.6794166305937375
24250026,15,4,5,10,43,-1,1,3,0,1,1,0,8,1.6794166305937375
24250026,15,4,5,43,10,1,0,-3,0,1,1,0,8,-1.6794166305937375
24250026,15,4,6,10,43,2,0,-1,-1,1,0,0,8,1.6794166305937375
24250026,15,4,6,43,10,-2,1,1,1,0,1,0,8,-1.6794166305937375
24250026,15,4,7,10,43,1,1,1,1,0,0,0,8,1.6794166305937375
24250026,15,4,7,43,10,-1,0,-1,-1,0,0,0,8,-1.6794166305937375
24250026,15,4,8,10,43,2,0,3,0,0,0,0,8,1.6794166305937375
24250026,15,4,8,43,10,-2,1,-3,0,0,0,0,8,-1.6794166305937375
24250026,15,5,1,25,44,0,0,1,0,1,1,0,8,-0.4475336937532483
24250026,15,5,1,44,25,0,1,-1,0,1,1,0,8,0.4475336937532483
24250026,15,5,2,25,44,1,0,-3,0,1,1,0,8,-0.4475336937532483
24250026,15,5,2,44,25,-1,1,3,0,1,1,0,8,0.4475336937532483
24250026,15,5,3,25,44,-2,1,-3,0,1,1,0,8,-0.4475336937532483
24250026,15,5,3,44,25,2,0,3,0,1,1,0,8,0.4475336937532483
24250026,15,5,4,25,44,-5,1,-1,0,1,1,0,8,-0.4475336937532483
24250026,15,5,4,44,25,5,0,1,0,1,1,0,8,0.4475336937532483
24250026,15,5,5,25,44,-6,1,3,1,0,1,0,8,-0.4475336937532483
24250026,15,5,5,44,25,6,0,-3,-1,1,0,0,8,0.4475336937532483
24250026,15,5,6,25,44,-3,0,1,-1,0,0,0,8,-0.4475336937532483
24250026,15,5,6,44,25,3,1,-1,1,0,0,0,8,0.4475336937532483
24250026,15,5,7,25,44,-2,0,-2,0,0,0,0,8,-0.4475336937532483
24250026,15,5,7,44,25,2,1,2,0,0,0,0,8,0.4475336937532483
24250026,15,5,8,25,44,-4,1,0,0,0,0,0,8,-0.4475336937532483
24250026,15,5,8,44,25,4,0,0,0,0,0,0,8,0.4475336937532483
24250026,16,1,1,16,20,0,0,-2,0,1,1,0,8,0.11044882218649599
24250026,16,1,1,20,16,0,1,2,0,1,1,0,8,-0.11044882218649599
24250026,16,1,2,16,20,-2,1,-1,0,1,1,0,8,0.11044882218649599
24250026,16,1,2,20,16,2,0,1,0,1,1,0,8,-0.11044882218649599
24250026,16,1,3,16,20,-3,1,1,0,1,1,0,8,0.11044882218649599
24250026,16,1,3,20,16,3,0,-1,0,1,1,0,8,-0.11044882218649599
24250026,16,1,4,16,20,-2,0,-2,0,1,1,0,8,0.11044882218649599
24250026,16,1,4,20,16,2,1,2,0,1,1,0,8,-0.11044882218649599
24250026,16,1,5,16,20,-4,1,2,1,0,1,0,8,0.11044882218649599
24250026,16,1,5,20,16,4,0,-2,-1,1,0,0,8,-0.11044882218649599
24250026,16,1,6,16,20,-2,0,2,0,0,1,0,8,0.11044882218649599
24250026,16,1,6,20,16,2,1,-2,0,1,0,0,8,-0.11044882218649599
24250026,16,1,7,16,20,0,0,-1,-1,0,0,0,8,0.11044882218649599
24250026,16,1,7,20,16,0,1,1,1,0,0,0,8,-0.11044882218649599
24250026,16,1,8,16,20,-1,1,3,0,0,0,0,8,0.11044882218649599
24250026,16,1,8,20,16,1,0,-3,0,0,0,0,8,-0.11044882218649599
24250026,16,2,1,22,30,0,0,-1,0,1,1,0,8,0.27800266965927134
24250026,16,2,1,30,22,0,1,1,0,1,1,0,8,-0.27800266965927134
24250026,16,2,2,22,30,-1,1,-1,0,1,1,0,8,0.27800266965927134
24250026,16,2,2,30,22,1,0,1,0,1,1,0,8,-0.27800266965927134
24250026,16,2,3,22,30,-2,1,1,0,1,1,0,8,0.27800266965927134
24250026,16,2,3,30,22,2,0,-1,0,1,1,0,8,-0.27800266965927134
24250026,16,2,4,22,30,-1,0,-1,0,1,1,0,8,0.27800266965927134
24250026,16,2,4,30,22,1,1,1,0,1,1,0,8,-0.27800266965927134
24250026,16,2,5,22,30,-2,1,2,0,1,1,0,8,0.27800266965927134
24250026,16,2,5,30,22,2,0,-2,0,1,1,0,8,-0.27800266965927134
24250026,16,2,6,22,30,0,0,-1,0,1,1,0,8,0.27800266965927134
24250026,16,2,6,30,22,0,1,1,0,1,1,0,8,-0.27800266965927134
24250026,16,2,7,22,30,-1,1,2,1,0,1,0,8,0.27800266965927134
24250026,16,2,7,30,22,1,0,-2,-1,1,0,0,8,-0.27800266965927134
24250026,16,2,8,22,30,1,0,-3,-1,0,0,0,8,0.27800266965927134
24250026,16,2,8,30,22,-1,1,3,1,0,0,0,8,-0.27800266965927134
24250026,16,3,1,17,37,0,1,3,0,1,1,0,9,0.18509194676596752
24250026,16,3,1,37,17,0,0,-3,0,1,1,0,9,-0.18509194676596752
24250026,16,3,2,17,37,3,0,-3,0,1,1,0,9,0.18509194676596752
24250026,16,3,2,37,17,-3,1,3,0,1,1,0,9,-0.18509194676596752
24250026,16,3,3,17,37,0,1,1,0,1,1,0,9,0.18509194676596752
24250026,16,3,3,37,17,0,0,-1,0,1,1,0,9,-0.18509194676596752
24250026,16,3,4,17,37,1,0,-2,0,1,1,0,9,0.18509194676596752
24250026,16,3,4,37,17,-1,1,2,0,1,1,0,9,-0.18509194676596752
24250026,16,3,5,17,37,-1,1,4,0,1,1,0,9,0.18509194676596752
24250026,16,3,5,37,17,1,0,-4,0,1,1,0,9,-0.18509194676596752
24250026,16,3,6,17,37,3,0,-3,-1,1,0,0,9,0.18509194676596752
24250026,16,3,6,37,17,-3,1,3,1,0,1,0,9,-0.18509194676596752
24250026,16,3,7,17,37,0,1,-1,1,0,0,0,9,0.18509194676596752
24250026,16,3,7,37,17,0,0,1,-1,0,0,0,9,-0.18509194676596752
24250026,16,3,8,17,37,-1,1,1,0,0,0,0,9,0.18509194676596752
24250026,16,3,8,37,17,1,0,-1,0,0,0,0,9,-0.18509194676596752
24250026,16,3,9,17,37,0,0,1,0,0,0,0,9,0.18509194676596752
24250026,16,3,9,37,17,0,1,-1,0,0,0,0,9,-0.18509194676596752
24250026,16,4,1,34,46,0,0,-3,0,1,1,0,7,-1.5658313018797676
24250026,16,4,1,46,34,0,1,3,0,1,1,0,7,1.5658313018797676
24250026,16,4,2,34,46,-3,1,1,0,1,1,0,7,-1.5658313018797676
24250026,16,4,2,46,34,3,0,-1,0,1,1,0,7,1.5658313018797676
24250026,16,4,3,34,46,-2,0,-1,0,1,1,0,7,-1.5658313018797676
24250026,16,4,3,46,34,2,1,1,0,1,1,0,7,1.5658313018797676
24250026,16,4,4,34,46,-3,1,1,0,1,1,0,7,-1.5658313018797676
24250026,16,4,4,46,34,3,0,-1,0,1,1,0,7,1.5658313018797676
24250026,16,4,5,34,46,-2,0,-1,0,1,1,0,7,-1.5658313018797676
24250026,16,4,5,46,34,2,1,1,0,1,1,0,7,1.5658313018797676
24250026,16,4,6,34,46,-3,1,1,1,0,1,0,7,-1.5658313018797676
24250026,16,4,6,46,34,3,0,-1,-1,1,0,0,7,1.5658313018797676
24250026,16,4,7,34,46,-2,0,-3,-1,0,0,1,7,-1.5658313018797676
24250026,16,4,7,46,34,2,1,3,1,0,0,1,7,1.5658313018797676
24250026,16,5,1,18,51,0,0,-2,0,1,1,0,7,1.3217143653683145
24250026,16,5,1,51,18,0,1,2,0,1,1,0,7,-1.3217143653683145
24250026,16,5,2,18,51,-2,1,3,0,1,1,0,7,1.3217143653683145
24250026,16,5,2,51,18,2,0,-3,0,1,1,0,7,-1.3217143653683145
24250026,16,5,3,18,51,1,0,1,0,1,1,0,7,1.3217143653683145
24250026,16,5,3,51,18,-1,1,-1,0,1,1,0,7,-1.3217143653683145
24250026,16,5,4,18,51,2,0,1,0,1,1,0,7,1.3217143653683145
24250026,16,5,4,51,18,-2,1,-1,0,1,1,0,7,-1.3217143653683145
24250026,16,5,5,18,51,3,0,-1,-1,1,0,0,7,1.3217143653683145
24250026,16,5,5,51,18,-3,1,1,1,0,1,0,7,-1.3217143653683145
24250026,16,5,6,18,51,2,1,3,0,1,0,0,7,1.3217143653683145
24250026,16,5,6,51,18,-2,0,-3,0,0,1,0,7,-1.3217143653683145
24250026,16,5,7,18,51,5,0,1,0,1,0,1,7,1.3217143653683145
24250026,16,5,7,51,18,-5,1,-1,0,0,1,1,7,-1.3217143653683145
24250026,17,1,1,12,19,0,0,1,0,1,1,0,8,-0.5182946658585339
24250026,17,1,1,19,12,0,1,-1,0,1,1,0,8,0.5182946658585339
24250026,17,1,2,12,19,1,0,-2,0,1,1,0,8,-0.5182946658585339
24250026,17,1,2,19,12,-1,1,2,0,1,1,0,8,0.5182946658585339
24250026,17,1,3,12,19,-1,1,-1,0,1,1,0,8,-0.5182946658585339
24250026,17,1,3,19,12,1,0,1,0,1,1,0,8,0.5182946658585339
24250026,17,1,4,12,19,-2,1,-1,0,1,1,0,8,-0.5182946658585339
24250026,17,1,4,19,12,2,0,1,0,1,1,0,8,0.5182946658585339
24250026,17,1,5,12,19,-3,1,1,1,0,1,0,8,-0.5182946658585339
24250026,17,1,5,19,12,3,0,-1,-1,1,0,0,8,0.5182946658585339
24250026,17,1,6,12,19,-2,0,1,0,0,1,0,8,-0.5182946658585339
24250026,17,1,6,19,12,2,1,-1,0,1,0,0,8,0.5182946658585339
24250026,17,1,7,12,19,-1,0,-2,-1,0,0,0,8,-0.5182946658585339
24250026,17,1,7,19,12,1,1,2,1,0,0,0,8,0.5182946658585339
24250026,17,1,8,12,19,-3,1,-1,0,0,0,0,8,-0.5182946658585339
24250026,17,1,8,19,12,3,0,1,0,0,0,0,8,0.5182946658585339
24250026,17,2,1,24,25,0,0,2,0,1,1,0,9,2.0597973932861953
24250026,17,2,1,25,24,0,1,-2,0,1,1,0,9,-2.0597973932861953
24250026,17,2,2,24,25,2,0,1,0,1,1,0,9,2.0597973932861953
24250026,17,2,2,25,24,-2,1,-1,0,1,1,0,9,-2.0597973932861953
24250026,17,2,3,24,25,3,0,-1,0,1,1,0,9,2.0597973932861953
24250026,17,2,3,25,24,-3,1,1,0,1,1,0,9,-2.0597973932861953
24250026,17,2,4,24,25,2,1,1,0,1,1,0,9,2.0597973932861953
24250026,17,2,4,25,24,-2,0,-1,0,1,1,0,9,-2.0597973932861953
24250026,17,2,5,24,25,3,0,1,0,1,1,0,9,2.0597973932861953
24250026,17,2,5,25,24,-3,1,-1,0,1,1,0,9,-2.0597973932861953
24250026,17,2,6,24,25,4,0,-1,-1,1,0,0,9,2.0597973932861953
24250026,17,2,6,25,24,-4,1,1,1,0,1,0,9,-2.0597973932861953
24250026,17,2,7,24,25,3,1,-2,1,0,0,0,9,2.0597973932861953
24250026,17,2,7,25,24,-3,0,2,-1,0,0,0,9,-2.0597973932861953
24250026,17,2,8,24,25,1,1,-1,0,0,0,0,9,2.0597973932861953
24250026,17,2,8,25,24,-1,0,1,0,0,0,0,9,-2.0597973932861953
24250026,17,2,9,24,25,0,1,3,0,0,0,0,9,2.0597973932861953
24250026,17,2,9,25,24,0,0,-3,0,0,0,0,9,-2.0597973932861953
24250026,17,3,1,11,43,0,1,-2,0,1,1,0,8,0.3753334578171936
24250026,17,3,1,43,11,0,0,2,0,1,1,0,8,-0.3753334578171936
24250026,17,3,2,11,43,-2,1,1,0,1,1,0,8,0.3753334578171936
24250026,17,3,2,43,11,2,0,-1,0,1,1,0,8,-0.3753334578171936
24250026,17,3,3,11,43,-1,0,-1,0,1,1,0,8,0.3753334578171936
24250026,17,3,3,43,11,1,1,1,0,1,1,0,8,-0.3753334578171936
24250026,17,3,4,11,43,-2,1,1,0,1,1,0,8,0.3753334578171936
24250026,17,3,4,43,11,2,0,-1,0,1,1,0,8,-0.3753334578171936
24250026,17,3,5,11,43,-1,0,-1,0,1,1,0,8,0.3753334578171936
24250026,17,3,5,43,11,1,1,1,0,1,1,0,8,-0.3753334578171936
24250026,17,3,6,11,43,-2,1,3,1,0,1,0,8,0.3753334578171936
24250026,17,3,6,43,11,2,0,-3,-1,1,0,0,8,-0.3753334578171936
24250026,17,3,7,11,43,1,0,-1,-1,0,0,0,8,0.3753334578171936
24250026,17,3,7,43,11,-1,1,1,1,0,0,0,8,-0.3753334578171936
24250026,17,3,8,11,43,0,1,1,0,0,0,0,8,0.3753334578171936
24250026,17,3,8,43,11,0,0,-1,0,0,0,0,8,-0.3753334578171936
24250026,17,4,1,15,44,0,0,-1,0,1,1,0,8,-0.7078742919946929
24250026,17,4,1,44,15,0,1,1,0,1,1,0,8,0.7078742919946929
24250026,17,4,2,15,44,-1,1,-2,0,1,1,0,8,-0.7078742919946929
24250026,17,4,2,44,15,1,0,2,0,1,1,0,8,0.7078742919946929
24250026,17,4,3,15,44,-3,1,1,0,1,1,0,8,-0.7078742919946929
24250026,17,4,3,44,15,3,0,-1,0,1,1,0,8,0.7078742919946929
24250026,17,4,4,15,44,-2,0,1,0,1,1,0,8,-0.7078742919946929
24250026,17,4,4,44,15,2,1,-1,0,1,1,0,8,0.7078742919946929
24250026,17,4,5,15,44,-1,0,-3,0,1,1,0,8,-0.7078742919946929
24250026,17,4,5,44,15,1,1,3,0,1,1,0,8,0.7078742919946929
24250026,17,4,6,15,44,-4,1,2,1,0,1,0,8,-0.7078742919946929
24250026,17,4,6,44,15,4,0,-2,-1,1,0,0,8,0.7078742919946929
24250026,17,4,7,15,44,-2,0,-1,-1,0,0,0,8,-0.7078742919946929
24250026,17,4,7,44,15,2,1,1,1,0,0,0,8,0.7078742919946929
24250026,17,4,8,15,44,-3,1,-1,0,0,0,0,8,-0.7078742919946929
24250026,17,4,8,44,15,3,0,1,0,0,0,0,8,0.7078742919946929
24250026,17,5,1,10,14,0,0,-1,0,1,1,0,9,0.06889979946146552
24250026,17,5,1,14,10,0,1,1,0,1,1,0,9,-0.06889979946146552
24250026,17,5,2,10,14,-1,1,1,0,1,1,0,9,0.06889979946146552
24250026,17,5,2,14,10,1,0,-1,0,1,1,0,9,-0.06889979946146552
24250026,17,5,3,10,14,0,0,-1,0,1,1,0,9,0.06889979946146552
24250026,17,5,3,14,10,0,1,1,0,1,1,0,9,-0.06889979946146552
24250026,17,5,4,10,14,-1,1,2,0,1,1,0,9,0.06889979946146552
24250026,17,5,4,14,10,1,0,-2,0,1,1,0,9,-0.06889979946146552
24250026,17,5,5,10,14,1,0,2,0,1,1,0,9,0.06889979946146552
24250026,17,5,5,14,10,-1,1,-2,0,1,1,0,9,-0.06889979946146552
24250026,17,5,6,10,14,3,0,-2,-1,1,0,0,9,0.06889979946146552
24250026,17,5,6,14,10,-3,1,2,1,0,1,0,9,-0.06889979946146552
24250026,17,5,7,10,14,1,1,2,1,0,0,0,9,0.06889979946146552
24250026,17,5,7,14,10,-1,0,-2,-1,0,0,0,9,-0.06889979946146552
24250026,17,5,8,10,14,3,0,-3,0,0,0,0,9,0.06889979946146552
24250026,17,5,8,14,10,-3,1,3,0,0,0,0,9,-0.06889979946146552
24250026,17,5,9,10,14,0,1,-1,0,0,0,0,9,0.06889979946146552
24250026,17,5,9,14,10,0,0,1,0,0,0,0,9,-0.06889979946146552
24250026,18,1,1,22,37,0,1,2,0,1,1,0,9,-0.9837902062776199
24250026,18,1,1,37,22,0,0,-2,0,1,1,0,9,0.9837902062776199
24250026,18,1,2,22,37,2,0,-1,0,1,1,0,9,-0.9837902062776199
24250026,18,1,2,37,22,-2,1,1,0,1,1,0,9,0.9837902062776199
24250026,18,1,3,22,37,1,1,1,0,1,1,0,9,-0.9837902062776199
24250026,18,1,3,37,22,-1,0,-1,0,1,1,0,9,0.9837902062776199
24250026,18,1,4,22,37,2,0,-1,0,1,1,0,9,-0.9837902062776199
24250026,18,1,4,37,22,-2,1,1,0,1,1,0,9,0.9837902062776199
24250026,18,1,5,22,37,1,1,1,0,1,1,0,9,-0.9837902062776199
24250026,18,1,5,37,22,-1,0,-1,0,1,1,0,9,0.9837902062776199
24250026,18,1,6,22,37,2,0,1,-1,1,0,0,9,-0.9837902062776199
24250026,18,1,6,37,22,-2,1,-1,1,0,1,0,9,0.9837902062776199
24250026,18,1,7,22,37,3,0,-3,0,1,0,0,9,-0.9837902062776199
24250026,18,1,7,37,22,-3,1,3,0,0,1,0,9,0.9837902062776199
24250026,18,1,8,22,37,0,1,0,1,0,0,0,9,-0.9837902062776199
24250026,18,1,8,37,22,0,0,0,-1,0,0,0,9,0.9837902062776199
24250026,18,1,9,22,37,0,0,-1,0,0,0,0,9,-0.9837902062776199
24250026,18,1,9,37,22,0,1,1,0,0,0,0,9,0.9837902062776199
24250026,18,2,1,17,51,0,1,-1,0,1,1,0,8,1.908179632172648
24250026,18,2,1,51,17,0,0,1,0,1,1,0,8,-1.908179632172648
24250026,18,2,2,17,51,-1,1,1,0,1,1,0,8,1.908179632172648
24250026,18,2,2,51,17,1,0,-1,0,1,1,0,8,-1.908179632172648
24250026,18,2,3,17,51,0,0,-2,0,1,1,0,8,1.908179632172648
24250026,18,2,3,51,17,0,1,2,0,1,1,0,8,-1.908179632172648
24250026,18,2,4,17,51,-2,1,1,0,1,1,0,8,1.908179632172648
24250026,18,2,4,51,17,2,0,-1,0,1,1,0,8,-1.908179632172648
24250026,18,2,5,17,51,-1,0,2,0,1,1,0,8,1.908179632172648
24250026,18,2,5,51,17,1,1,-2,0,1,1,0,8,-1.908179632172648
24250026,18,2,6,17,51,1,0,-1,0,1,1,0,8,1.908179632172648
24250026,18,2,6,51,17,-1,1,1,0,1,1,0,8,-1.908179632172648
24250026,18,2,7,17,51,0,1,3,1,0,1,0,8,1.908179632172648
24250026,18,2,7,51,17,0,0,-3,-1,1,0,0,8,-1.908179632172648
24250026,18,2,8,17,51,3,0,0,-1,0,0,0,8,1.908179632172648
24250026,18,2,8,51,17,-3,1,0,1,0,0,0,8,-1.908179632172648
24250026,18,3,1,30,46,0,1,-3,0,1,1,0,8,-0.7330810472189642
24250026,18,3,1,46,30,0,0,3,0,1,1,0,8,0.7330810472189642
24250026,18,3,2,30,46,-3,1,2,0,1,1,0,8,-0.7330810472189642
24250026,18,3,2,46,30,3,0,-2,0,1,1,0,8,0.7330810472189642
24250026,18,3,3,30,46,-1,0,-2,0,1,1,0,8,-0.7330810472189642
24250026,18,3,3,46,30,1,1,2,0,1,1,0,8,0.7330810472189642
24250026,18,3,4,30,46,-3,1,1,0,1,1,0,8,-0.7330810472189642
24250026,18,3,4,46,30,3,0,-1,0,1,1,0,8,0.7330810472189642
24250026,18,3,5,30,46,-2,0,-1,0,1,1,0,8,-0.7330810472189642
24250026,18,3,5,46,30,2,1,1,0,1,1,0,8,0.7330810472189642
24250026,18,3,6,30,46,-3,1,-1,1,0,1,0,8,-0.7330810472189642
24250026,18,3,6,46,30,3,0,1,-1,1,0,0,8,0.7330810472189642
24250026,18,3,7,30,46,-4,1,2,0,0,1,0,8,-0.7330810472189642
24250026,18,3,7,46,30,4,0,-2,0,1,0,0,8,0.7330810472189642
24250026,18,3,8,30,46,-2,0,0,-1,0,0,0,8,-0.7330810472189642
24250026,18,3,8,46,30,2,1,0,1,0,0,0,8,0.7330810472189642
24250026,18,4,1,16,18,0,0,-2,0,1,1,0,9,0.34141516777814324
24250026,18,4,1,18,16,0,1,2,0,1,1,0,9,-0.34141516777814324
24250026,18,4,2,16,18,-2,1,2,0,1,1,0,9,0.34141516777814324
24250026,18,4,2,18,16,2,0,-2,0,1,1,0,9,-0.34141516777814324
24250026,18,4,3,16,18,0,0,-2,0,1,1,0,9,0.34141516777814324
24250026,18,4,3,18,16,0,1,2,0,1,1,0,9,-0.34141516777814324
24250026,18,4,4,16,18,-2,1,-1,0,1,1,0,9,0.34141516777814324
24250026,18,4,4,18,16,2,0,1,0,1,1,0,9,-0.34141516777814324
24250026,18,4,5,16,18,-3,1,1,1,0,1,0,9,0.34141516777814324
24250026,18,4,5,18,16,3,0,-1,-1,1,0,0,9,-0.34141516777814324
24250026,18,4,6,16,18,-2,0,2,0,0,1,0,9,0.34141516777814324
24250026,18,4,6,18,16,2,1,-2,0,1,0,0,9,-0.34141516777814324
24250026,18,4,7,16,18,0,0,-1,-1,0,0,0,9,0.34141516777814324
24250026,18,4,7,18,16,0,1,1,1,0,0,0,9,-0.34141516777814324
24250026,18,4,8,16,18,-1,1,1,0,0,0,0,9,0.34141516777814324
24250026,18,4,8,18,16,1,0,-1,0,0,0,0,9,-0.34141516777814324
24250026,18,4,9,16,18,0,0,-1,0,0,0,0,9,0.34141516777814324
24250026,18,4,9,18,16,0,1,1,0,0,0,0,9,-0.34141516777814324
24250026,18,5,1,20,34,0,0,3,0,1,1,0,6,1.924136156150976
24250026,18,5,1,34,20,0,1,-3,0,1,1,0,6,-1.924136156150976
24250026,18,5,2,20,34,3,0,2,0,1,1,0,6,1.924136156150976
24250026,18,5,2,34,20,-3,1,-2,0,1,1,0,6,-1.924136156150976
24250026,18,5,3,20,34,5,0,-1,-1,1,0,0,6,1.924136156150976
24250026,18,5,3,34,20,-5,1,1,1,0,1,0,6,-1.924136156150976
24250026,18,5,4,20,34,4,1,2,0,1,0,0,6,1.924136156150976
24250026,18,5,4,34,20,-4,0,-2,0,0,1,0,6,-1.924136156150976
24250026,18,5,5,20,34,6,0,-1,0,1,0,0,6,1.924136156150976
24250026,18,5,5,34,20,-6,1,1,0,0,1,0,6,-1.924136156150976
24250026,18,5,6,20,34,5,1,3,0,1,0,1,6,1.924136156150976
24250026,18,5,6,34,20,-5,0,-3,0,0,1,1,6,-1.924136156150976
24250026,41,1,1,10,37,0,0,-1,0,1,1,0,8,0.1798017061770243
24250026,41,1,1,37,10,0,1,1,0,1,1,0,8,-0.1798017061770243
24250026,41,1,2,10,37,-1,1,1,0,1,1,0,8,0.1798017061770243
24250026,41,1,2,37,10,1,0,-1,0,1,1,0,8,-0.1798017061770243
24250026,41,1,3,10,37,0,0,1,0,1,1,0,8,0.1798017061770243
24250026,41,1,3,37,10,0,1,-1,0,1,1,0,8,-0.1798017061770243
24250026,41,1,4,10,37,1,0,-3,0,1,1,0,8,0.1798017061770243
24250026,41,1,4,37,10,-1,1,3,0,1,1,0,8,-0.1798017061770243
24250026,41,1,5,10,37,-2,1,2,0,1,1,0,8,0.1798017061770243
24250026,41,1,5,37,10,2,0,-2,0,1,1,0,8,-0.1798017061770243
24250026,41,1,6,10,37,0,0,-2,-1,1,0,0,8,0.1798017061770243
24250026,41,1,6,37,10,0,1,2,1,0,1,0,8,-0.1798017061770243
24250026,41,1,7,10,37,-2,1,-1,1,0,0,0,8,0.1798017061770243
24250026,41,1,7,37,10,2,0,1,-1,0,0,0,8,-0.1798017061770243
24250026,41,1,8,10,37,-3,1,1,0,0,0,0,8,0.1798017061770243
24250026,41,1,8,37,10,3,0,-1,0,0,0,0,8,-0.1798017061770243
24250026,41,2,1,14,20,0,1,4,0,1,1,0,8,0.2813088811622775
24250026,41,2,1,20,14,0,0,-4,0,1,1,0,8,-0.2813088811622775
24250026,41,2,2,14,20,4,0,-1,0,1,1,0,8,0.2813088811622775
24250026,41,2,2,20,14,-4,1,1,0,1,1,0,8,-0.2813088811622775
24250026,41,2,3,14,20,3,1,-1,0,1,1,0,8,0.2813088811622775
24250026,41,2,3,20,14,-3,0,1,0,1,1,0,8,-0.2813088811622775
24250026,41,2,4,14,20,2,1,2,0,1,1,0,8,0.2813088811622775
24250026,41,2,4,20,14,-2,0,-2,0,1,1,0,8,-0.2813088811622775
24250026,41,2,5,14,20,4,0,-1,-1,1,0,0,8,0.2813088811622775
24250026,41,2,5,20,14,-4,1,1,1,0,1,0,8,-0.2813088811622775
24250026,41,2,6,14,20,3,1,-1,0,1,0,0,8,0.2813088811622775
24250026,41,2,6,20,14,-3,0,1,0,0,1,0,8,-0.2813088811622775
24250026,41,2,7,14,20,2,1,1,1,0,0,0,8,0.2813088811622775
24250026,41,2,7,20,14,-2,0,-1,-1,0,0,0,8,-0.2813088811622775
24250026,41,2,8,14,20,3,0,-1,0,0,0,0,8,0.2813088811622775
24250026,41,2,8,20,14,-3,1,1,0,0,0,0,8,-0.2813088811622775
24250026,45,1,1,11,51,0,0,2,0,1,1,0,6,0.5988062188071609
24250026,45,1,1,51,11,0,1,-2,0,1,1,0,6,-0.5988062188071609
24250026,45,1,2,11,51,2,0,2,0,1,1,0,6,0.5988062188071609
24250026,45,1,2,51,11,-2,1,-2,0,1,1,0,6,-0.5988062188071609
24250026,45,1,3,11,51,4,0,2,0,1,1,0,6,0.5988062188071609
24250026,45,1,3,51,11,-4,1,-2,0,1,1,0,6,-0.5988062188071609
24250026,45,1,4,11,51,6,0,1,-1,1,0,0,6,0.5988062188071609
24250026,45,1,4,51,11,-6,1,-1,1,0,1,0,6,-0.5988062188071609
24250026,45,1,5,11,51,7,0,1,0,1,0,0,6,0.5988062188071609
24250026,45,1,5,51,11,-7,1,-1,0,0,1,0,6,-0.5988062188071609
24250026,45,1,6,11,51,8,0,1,0,1,0,1,6,0.5988062188071609
24250026,45,1,6,51,11,-8,1,-1,0,0,1,1,6,-0.5988062188071609
24250026,45,2,1,22,43,0,1,-1,0,1,1,0,8,0.5158247181390933
24250026,45,2,1,43,22,0,0,1,0,1,1,0,8,-0.5158247181390933
24250026,45,2,2,22,43,-1,1,2,0,1,1,0,8,0.5158247181390933
24250026,45,2,2,43,22,1,0,-2,0,1,1,0,8,-0.5158247181390933
24250026,45,2,3,22,43,1,0,-2,0,1,1,0,8,0.5158247181390933
24250026,45,2,3,43,22,-1,1,2,0,1,1,0,8,-0.5158247181390933
24250026,45,2,4,22,43,-1,1,1,0,1,1,0,8,0.5158247181390933
24250026,45,2,4,43,22,1,0,-1,0,1,1,0,8,-0.5158247181390933
24250026,45,2,5,22,43,0,0,1,0,1,1,0,8,0.5158247181390933
24250026,45,2,5,43,22,0,1,-1,0,1,1,0,8,-0.5158247181390933
24250026,45,2,6,22,43,1,0,-2,0,1,1,0,8,0.5158247181390933
24250026,45,2,6,43,22,-1,1,2,0,1,1,0,8,-0.5158247181390933
24250026,45,2,7,22,43,-1,1,2,1,0,1,0,8,0.5158247181390933
24250026,45,2,7,43,22,1,0,-2,-1,1,0,0,8,-0.5158247181390933
24250026,45,2,8,22,43,1,0,1,-1,0,0,0,8,0.5158247181390933
24250026,45,2,8,43,22,-1,1,-1,1,0,0,0,8,-0.5158247181390933
24250026,46,1,1,24,37,0,1,1,0,1,1,0,9,0.6639283203390649
24250026,46,1,1,37,24,0,0,-1,0,1,1,0,9,-0.6639283203390649
24250026,46,1,2,24,37,1,0,-2,0,1,1,0,9,0.6639283203390649
24250026,46,1,2,37,24,-1,1,2,0,1,1,0,9,-0.6639283203390649
24250026,46,1,3,24,37,-1,1,1,0,1,1,0,9,0.6639283203390649
24250026,46,1,3,37,24,1,0,-1,0,1,1,0,9,-0.6639283203390649
24250026,46,1,4,24,37,0,0,-2,0,1,1,0,9,0.6639283203390649
24250026,46,1,4,37,24,0,1,2,0,1,1,0,9,-0.6639283203390649
24250026,46,1,5,24,37,-2,1,3,0,1,1,0,9,0.6639283203390649
24250026,46,1,5,37,24,2,0,-3,0,1,1,0,9,-0.6639283203390649
24250026,46,1,6,24,37,1,0,-1,-1,1,0,0,9,0.6639283203390649
24250026,46,1,6,37,24,-1,1,1,1,0,1,0,9,-0.6639283203390649
24250026,46,1,7,24,37,0,1,1,1,0,0,0,9,0.6639283203390649
24250026,46,1,7,37,24,0,0,-1,-1,0,0,0,9,-0.6639283203390649
24250026,46,1,8,24,37,1,0,-1,0,0,0,0,9,0.6639283203390649
24250026,46,1,8,37,24,-1,1,1,0,0,0,0,9,-0.6639283203390649
24250026,46,1,9,24,37,0,1,1,0,0,0,0,9,0.6639283203390649
24250026,46,1,9,37,24,0,0,-1,0,0,0,0,9,-0.6639283203390649
24250026,46,2,1,14,46,0,0,1,0,1,1,0,8,0.6396137354334859
24250026,46,2,1,46,14,0,1,-1,0,1,1,0,8,-0.6396137354334859
24250026,46,2,2,14,46,1,0,-2,0,1,1,0,8,0.6396137354334859
24250026,46,2,2,46,14,-1,1,2,0,1,1,0,8,-0.6396137354334859
24250026,46,2,3,14,46,-1,1,-1,0,1,1,0,8,0.6396137354334859
24250026,46,2,3,46,14,1,0,1,0,1,1,0,8,-0.6396137354334859
24250026,46,2,4,14,46,-2,1,5,0,1,1,0,8,0.6396137354334859
24250026,46,2,4,46,14,2,0,-5,0,1,1,0,8,-0.6396137354334859
24250026,46,2,5,14,46,3,0,-1,-1,1,0,0,8,0.6396137354334859
24250026,46,2,5,46,14,-3,1,1,1,0,1,0,8,-0.6396137354334859
24250026,46,2,6,14,46,2,1,1,0,1,0,0,8,0.6396137354334859
24250026,46,2,6,46,14,-2,0,-1,0,0,1,0,8,-0.6396137354334859
24250026,46,2,7,14,46,3,0,-2,0,1,0,0,8,0.6396137354334859
24250026,46,2,7,46,14,-3,1,2,0,0,1,0,8,-0.6396137354334859
24250026,46,2,8,14,46,1,1,2,1,0,0,0,8,0.6396137354334859
24250026,46,2,8,46,14,-1,0,-2,-1,0,0,0,8,-0.6396137354334859
24250026,46,3,1,10,20,0,1,-3,0,1,1,0,8,0.350208680623743
24250026,46,3,1,20,10,0,0,3,0,1,1,0,8,-0.350208680623743
24250026,46,3,2,10,20,-3,1,1,0,1,1,0,8,0.350208680623743
24250026,46,3,2,20,10,3,0,-1,0,1,1,0,8,-0.350208680623743
24250026,46,3,3,10,20,-2,0,1,0,1,1,0,8,0.350208680623743
24250026,46,3,3,20,10,2,1,-1,0,1,1,0,8,-0.350208680623743
24250026,46,3,4,10,20,-1,0,1,0,1,1,0,8,0.350208680623743
24250026,46,3,4,20,10,1,1,-1,0,1,1,0,8,-0.350208680623743
24250026,46,3,5,10,20,0,0,-3,0,1,1,0,8,0.350208680623743
24250026,46,3,5,20,10,0,1,3,0,1,1,0,8,-0.350208680623743
24250026,46,3,6,10,20,-3,1,1,1,0,1,0,8,0.350208680623743
24250026,46,3,6,20,10,3,0,-1,-1,1,0,0,8,-0.350208680623743
24250026,46,3,7,10,20,-2,0,-2,-1,0,0,0,8,0.350208680623743
24250026,46,3,7,20,10,2,1,2,1,0,0,0,8,-0.350208680623743
24250026,46,3,8,10,20,-4,1,0,0,0,0,0,8,0.350208680623743
24250026,46,3,8,20,10,4,0,0,0,0,0,0,8,-0.350208680623743
24250026,48,1,1,37,46,0,0,-3,0,1,1,0,6,0.5287118287179271
24250026,48,1,1,46,37,0,1,3,0,1,1,0,6,-0.5287118287179271
24250026,48,1,2,37,46,-3,1,1,0,1,1,0,6,0.5287118287179271
24250026,48,1,2,46,37,3,0,-1,0,1,1,0,6,-0.5287118287179271
24250026,48,1,3,37,46,-2,0,-1,0,1,1,0,6,0.5287118287179271
24250026,48,1,3,46,37,2,1,1,0,1,1,0,6,-0.5287118287179271
24250026,48,1,4,37,46,-3,1,1,0,1,1,0,6,0.5287118287179271
24250026,48,1,4,46,37,3,0,-1,0,1,1,0,6,-0.5287118287179271
24250026,48,1,5,37,46,-2,0,-4,0,1,1,0,6,0.5287118287179271
24250026,48,1,5,46,37,2,1,4,0,1,1,0,6,-0.5287118287179271
24250026,48,1,6,37,46,-6,1,-1,1,0,1,1,6,0.5287118287179271
24250026,48,1,6,46,37,6,0,1,-1,1,0,1,6,-0.5287118287179271
24250026,49,1,1,14,24,0,0,-1,0,1,1,0,7,-0.5530264136235061
24250026,49,1,1,24,14,0,1,1,0,1,1,0,7,0.5530264136235061
24250026,49,1,2,14,24,-1,1,1,0,1,1,0,7,-0.5530264136235061
24250026,49,1,2,24,14,1,0,-1,0,1,1,0,7,0.5530264136235061
24250026,49,1,3,14,24,0,0,-1,0,1,1,0,7,-0.5530264136235061
24250026,49,1,3,24,14,0,1,1,0,1,1,0,7,0.5530264136235061
24250026,49,1,4,14,24,-1,1,-2,0,1,1,0,7,-0.5530264136235061
24250026,49,1,4,24,14,1,0,2,0,1,1,0,7,0.5530264136235061
24250026,49,1,5,14,24,-3,1,-1,0,1,1,0,7,-0.5530264136235061
24250026,49,1,5,24,14,3,0,1,0,1,1,0,7,0.5530264136235061
24250026,49,1,6,14,24,-4,1,3,1,0,1,0,7,-0.5530264136235061
24250026,49,1,6,24,14,4,0,-3,-1,1,0,0,7,0.5530264136235061
24250026,49,1,7,14,24,-1,0,-4,0,0,1,1,7,-0.5530264136235061
24250026,49,1,7,24,14,1,1,4,0,1,0,1,7,0.5530264136235061
