CompetitionID,SessionID,GameID,EndID,RefTeamID,OppTeamID,RefScoreDiffStartOfEnd,RefHasHammerStartOfEnd,RefPPAvailableAtStart,OppPPAvailableBeforeEnd,UsedPP,RefBTAbilityDiff,EndsRemaining
0,1,1,1,27,19,0,1,1,1,0,-0.22399979421492056,7
0,1,1,2,19,27,-1,1,1,1,0,0.22399979421492056,6
0,1,1,3,27,19,-1,1,1,1,0,-0.22399979421492056,5
0,1,1,4,19,27,-2,1,1,1,0,0.22399979421492056,4
0,1,1,5,27,19,1,1,1,1,0,-0.22399979421492056,3
0,1,1,6,27,19,-1,1,1,1,1,-0.22399979421492056,2
0,1,1,7,19,27,0,1,1,0,1,0.22399979421492056,1
0,1,2,1,46,20,0,1,1,1,0,-0.35830485427120845,7
0,1,2,2,20,46,-1,1,1,1,0,0.35830485427120845,6
0,1,2,3,46,20,0,1,1,1,0,-0.35830485427120845,5
0,1,2,4,20,46,-1,1,1,1,0,0.35830485427120845,4
0,1,2,5,46,20,0,1,1,1,0,-0.35830485427120845,3
0,1,2,6,46,20,-1,1,1,1,1,-0.35830485427120845,2
0,1,2,7,20,46,-2,1,1,0,1,0.35830485427120845,1
0,1,3,1,22,17,0,1,1,1,0,-1.1688821530435876,7
0,1,3,2,22,17,-1,1,1,1,0,-1.1688821530435876,6
0,1,3,3,22,17,-2,1,1,1,0,-1.1688821530435876,5
0,1,3,4,17,22,0,1,1,1,0,1.1688821530435876,4
0,1,3,5,22,17,-1,1,1,1,0,-1.1688821530435876,3
0,1,3,6,17,22,0,1,1,1,1,1.1688821530435876,2
0,1,3,7,22,17,-2,1,1,0,1,-1.1688821530435876,1
0,1,4,1,43,18,0,1,1,1,0,-1.0982416043783472,7
0,1,4,2,18,43,-1,1,1,1,0,1.0982416043783472,6
0,1,4,3,18,43,-2,1,1,1,0,1.0982416043783472,5
0,1,4,4,18,43,-3,1,1,1,0,1.0982416043783472,4
0,1,4,5,43,18,1,1,1,1,0,-1.0982416043783472,3
0,1,4,6,18,43,-2,1,1,1,1,1.0982416043783472,2
0,1,4,7,43,18,-1,1,1,0,1,-1.0982416043783472,1
0,2,1,1,43,46,0,1,1,1,0,-0.9709030956987861,7
0,2,1,2,46,43,-1,1,1,1,0,0.9709030956987861,6
0,2,1,3,43,46,0,1,1,1,0,-0.9709030956987861,5
0,2,1,4,46,43,-2,1,1,1,0,0.9709030956987861,4
0,2,1,5,43,46,2,1,1,1,0,-0.9709030956987861,3
0,2,1,6,46,43,-3,1,1,1,1,0.9709030956987861,2
0,2,1,7,43,46,0,1,1,0,1,-0.9709030956987861,1
0,2,2,1,19,22,0,1,1,1,0,0.9548733490573076,7
0,2,2,2,22,19,-1,1,1,1,0,-0.9548733490573076,6
0,2,2,3,19,22,0,1,1,1,0,0.9548733490573076,5
0,2,2,4,19,22,-1,1,1,1,0,0.9548733490573076,4
0,2,2,5,22,19,0,1,1,1,0,-0.9548733490573076,3
0,2,2,6,22,19,-1,1,1,1,1,-0.9548733490573076,2
0,2,2,7,19,22,-1,1,1,0,1,0.9548733490573076,1
0,2,3,1,20,24,0,1,1,1,0,-0.8343352947857836,7
0,2,3,2,24,20,-1,1,1,1,0,0.8343352947857836,6
0,2,3,3,20,24,-3,1,1,1,0,-0.8343352947857836,5
0,2,3,4,20,24,-4,1,1,1,0,-0.8343352947857836,4
0,2,3,5,24,20,3,1,1,1,0,0.8343352947857836,3
0,2,3,6,24,20,2,1,1,1,1,0.8343352947857836,2
0,2,3,8,20,24,-2,1,1,0,1,-0.8343352947857836,0
0,2,4,1,10,27,0,1,1,1,0,0.4327183576122572,7
0,2,4,2,27,10,-1,1,1,1,0,-0.4327183576122572,6
0,2,4,3,10,27,0,1,1,1,0,0.4327183576122572,5
0,2,4,4,10,27,-1,1,1,1,0,0.4327183576122572,4
0,2,4,5,27,10,0,1,1,1,0,-0.4327183576122572,3
0,2,4,6,10,27,-1,1,1,1,1,0.4327183576122572,2
0,2,4,7,27,10,-1,1,1,0,1,-0.4327183576122572,1
0,3,1,1,18,24,0,1,1,1,0,-1.065301640377431,7
0,3,1,2,24,18,-1,1,1,1,0,1.065301640377431,6
0,3,1,3,18,24,-2,1,1,1,0,-1.065301640377431,5
0,3,1,4,24,18,0,1,1,1,0,1.065301640377431,4
0,3,1,5,18,24,-1,1,1,1,0,-1.065301640377431,3
0,3,1,6,18,24,-2,1,1,1,1,-1.065301640377431,2
0,3,1,7,24,18,-1,1,1,0,1,1.065301640377431,1
0,3,2,1,20,17,0,1,1,1,0,-0.3554989212126862,7
0,3,2,2,17,20,-1,1,1,1,0,0.3554989212126862,6
0,3,2,3,20,17,0,1,1,1,0,-0.3554989212126862,5
0,3,2,4,17,20,-2,1,1,1,0,0.3554989212126862,4
0,3,2,5,20,17,0,1,1,1,0,-0.3554989212126862,3
0,3,2,6,17,20,-3,1,1,1,1,0.3554989212126862,2
0,3,2,7,20,17,0,1,1,0,1,-0.3554989212126862,1
0,4,1,1,17,10,0,1,1,1,0,0.005290240588943229,7
0,4,1,2,10,17,-2,1,1,1,0,-0.005290240588943229,6
0,4,1,3,17,10,-2,1,1,1,0,0.005290240588943229,5
0,4,1,4,10,17,1,1,1,1,0,-0.005290240588943229,4
0,4,1,5,17,10,-2,1,1,1,0,0.005290240588943229,3
0,4,1,6,10,17,0,1,1,1,0,-0.005290240588943229,2
0,4,1,7,17,10,-1,1,1,1,1,0.005290240588943229,1
0,4,1,8,10,17,0,1,1,0,1,-0.005290240588943229,0
0,4,2,1,27,18,0,1,1,1,0,0.14845666860313306,7
0,4,2,2,18,27,-1,1,1,1,0,-0.14845666860313306,6
0,4,2,3,27,18,-2,1,1,1,0,0.14845666860313306,5
0,4,2,4,18,27,0,1,1,1,0,-0.14845666860313306,4
0,4,2,5,27,18,-3,1,1,1,0,0.14845666860313306,3
0,4,2,6,18,27,2,1,1,1,0,-0.14845666860313306,2
0,4,2,7,27,18,-3,1,1,1,0,0.14845666860313306,1
0,4,2,8,18,27,0,1,1,1,0,-0.14845666860313306,0
0,4,3,1,19,43,0,1,1,1,0,1.470698067196401,7
0,4,3,2,43,19,-1,1,1,1,0,-1.470698067196401,6
0,4,3,3,19,43,-1,1,1,1,0,1.470698067196401,5
0,4,3,4,43,19,-1,1,1,1,0,-1.470698067196401,4
0,4,3,5,19,43,0,1,1,1,0,1.470698067196401,3
0,4,3,6,19,43,-1,1,1,1,1,1.470698067196401,2
0,4,3,7,43,19,0,1,1,0,1,-1.470698067196401,1
0,4,4,1,22,46,0,1,1,1,0,-0.4550783775596928,7
0,4,4,2,46,22,-1,1,1,1,0,0.4550783775596928,6
0,4,4,3,46,22,-4,1,1,1,0,0.4550783775596928,5
0,4,4,4,46,22,-5,1,1,1,1,0.4550783775596928,4
0,4,4,5,22,46,4,1,1,0,0,-0.4550783775596928,3
0,4,4,7,22,46,4,1,1,0,0,-0.4550783775596928,1
0,5,1,1,19,46,0,1,1,1,0,0.4997949714976148,7
0,5,1,2,46,19,-1,1,1,1,0,-0.4997949714976148,6
0,5,1,3,19,46,0,1,1,1,0,0.4997949714976148,5
0,5,1,4,46,19,-1,1,1,1,0,-0.4997949714976148,4
0,5,1,5,46,19,-2,1,1,1,0,-0.4997949714976148,3
0,5,1,6,46,19,-3,1,1,1,1,-0.4997949714976148,2
0,5,1,7,19,46,0,1,1,0,1,0.4997949714976148,1
0,5,2,1,18,10,0,1,1,1,0,-0.5811750262153903,7
0,5,2,2,18,10,-3,1,1,1,0,-0.5811750262153903,6
0,5,2,3,10,18,2,1,1,1,0,0.5811750262153903,5
0,5,2,4,18,10,-3,1,1,1,0,-0.5811750262153903,4
0,5,2,5,10,18,2,1,1,1,0,0.5811750262153903,3
0,5,2,6,18,10,-4,1,1,1,1,-0.5811750262153903,2
0,5,2,7,10,18,2,1,1,0,0,0.5811750262153903,1
0,5,3,1,17,24,0,1,1,1,0,-0.4788363735730974,7
0,5,3,2,17,24,-3,1,1,1,0,-0.4788363735730974,6
0,5,3,3,24,17,-2,1,1,1,0,0.4788363735730974,5
0,5,3,4,17,24,0,1,1,1,0,-0.4788363735730974,4
0,5,3,5,24,17,-1,1,1,1,0,0.4788363735730974,3
0,5,3,6,17,24,-1,1,1,1,1,-0.4788363735730974,2
0,5,3,8,24,17,1,1,1,0,1,0.4788363735730974,0
0,6,1,1,24,22,0,1,1,1,0,1.647718526616685,7
0,6,1,2,22,24,-4,1,1,1,0,-1.647718526616685,6
0,6,1,3,22,24,-5,1,1,1,1,-1.647718526616685,5
0,6,1,4,24,22,4,1,1,0,0,1.647718526616685,4
0,6,2,1,43,10,0,1,1,1,0,-1.6794166305937375,7
0,6,2,2,10,43,-1,1,1,1,0,1.6794166305937375,6
0,6,2,3,43,10,-1,1,1,1,0,-1.6794166305937375,5
0,6,2,4,43,10,-3,1,1,1,0,-1.6794166305937375,4
0,6,2,5,10,43,1,1,1,1,0,1.6794166305937375,3
0,6,2,6,43,10,-3,1,1,1,1,-1.6794166305937375,2
0,6,2,7,10,43,2,1,1,0,0,1.6794166305937375,1
0,6,3,1,27,46,0,1,1,1,0,0.27579517728269426,7
0,6,3,2,46,27,-2,1,1,1,0,-0.27579517728269426,6
0,6,3,3,46,27,-3,1,1,1,0,-0.27579517728269426,5
0,6,3,4,27,46,2,1,1,1,0,0.27579517728269426,4
0,6,3,5,46,27,-5,1,1,1,1,-0.27579517728269426,3
0,6,3,6,27,46,2,1,1,0,0,0.27579517728269426,2
0,6,3,7,27,46,0,1,1,0,1,0.27579517728269426,1
0,6,4,1,19,20,0,1,1,1,0,0.14149011722640636,7
0,6,4,2,20,19,-1,1,1,1,0,-0.14149011722640636,6
0,6,4,3,19,20,0,1,1,1,0,0.14149011722640636,5
0,6,4,4,20,19,-1,1,1,1,0,-0.14149011722640636,4
0,6,4,5,19,20,0,1,1,1,0,0.14149011722640636,3
0,6,4,6,19,20,-2,1,1,1,1,0.14149011722640636,2
0,6,4,7,20,19,-1,1,1,0,1,-0.14149011722640636,1
0,7,1,1,17,46,0,1,1,1,0,0.7138037754838946,7
0,7,1,2,46,17,-4,1,1,1,0,-0.7138037754838946,6
0,7,1,3,46,17,-6,1,1,1,1,-0.7138037754838946,5
0,7,1,4,17,46,5,1,1,0,0,0.7138037754838946,4
0,7,1,6,17,46,3,1,1,0,1,0.7138037754838946,2
0,7,2,1,19,18,0,1,1,1,0,0.3724564628180536,7
0,7,2,2,18,19,-2,1,1,1,0,-0.3724564628180536,6
0,7,2,3,19,18,1,1,1,1,0,0.3724564628180536,5
0,7,2,4,18,19,-2,1,1,1,0,-0.3724564628180536,4
0,7,2,5,18,19,-3,1,1,1,1,-0.3724564628180536,3
0,8,1,1,20,43,0,1,1,1,0,1.3292079499699945,7
0,8,1,2,43,20,-2,1,1,1,0,-1.3292079499699945,6
0,8,1,3,20,43,1,1,1,1,0,1.3292079499699945,5
0,8,1,4,43,20,-2,1,1,1,0,-1.3292079499699945,4
0,8,1,5,20,43,0,1,1,1,0,1.3292079499699945,3
0,8,1,6,43,20,-3,1,1,1,1,-1.3292079499699945,2
0,8,1,7,20,43,1,1,1,0,1,1.3292079499699945,1
0,8,2,1,22,27,0,1,1,1,0,-0.730873554842387,7
0,8,2,2,27,22,-1,1,1,1,0,0.730873554842387,6
0,8,2,3,22,27,-1,1,1,1,0,-0.730873554842387,5
0,8,2,4,22,27,-4,1,1,1,1,-0.730873554842387,4
0,8,2,5,27,22,3,1,1,0,0,0.730873554842387,3
0,8,2,7,27,22,3,1,1,0,1,0.730873554842387,1
0,8,3,1,10,19,0,1,1,1,0,0.20871856339733663,7
0,8,3,2,10,19,-1,1,1,1,0,0.20871856339733663,6
0,8,3,3,10,19,-2,1,1,1,0,0.20871856339733663,5
0,8,3,4,19,10,1,1,1,1,0,-0.20871856339733663,4
0,8,3,5,10,19,-4,1,1,1,1,0.20871856339733663,3
0,8,3,6,19,10,3,1,1,0,0,-0.20871856339733663,2
0,8,4,1,24,46,0,1,1,1,0,1.192640149056992,7
0,8,4,2,24,46,-1,1,1,1,0,1.192640149056992,6
0,8,4,3,46,24,-1,1,1,1,0,-1.192640149056992,5
0,8,4,4,46,24,-2,1,1,1,0,-1.192640149056992,4
0,8,4,5,24,46,1,1,1,1,0,1.192640149056992,3
0,8,4,6,46,24,-2,1,1,1,1,-1.192640149056992,2
0,8,4,7,24,46,1,1,1,0,0,1.192640149056992,1
0,9,1,1,24,27,0,1,1,1,0,0.9168449717742978,7
0,9,1,2,27,24,-1,1,1,1,0,-0.9168449717742978,6
0,9,1,3,24,27,0,1,1,1,0,0.9168449717742978,5
0,9,1,4,24,27,-1,1,1,1,0,0.9168449717742978,4
0,9,1,5,27,24,-1,1,1,1,0,-0.9168449717742978,3
0,9,1,6,27,24,-2,1,1,1,1,-0.9168449717742978,2
0,9,1,7,24,27,0,1,1,0,1,0.9168449717742978,1
0,9,2,1,43,17,0,1,1,1,0,-1.6847068711826807,7
0,9,2,2,17,43,-1,1,1,1,0,1.6847068711826807,6
0,9,2,3,43,17,-1,1,1,1,0,-1.6847068711826807,5
0,9,2,4,43,17,-2,1,1,1,0,-1.6847068711826807,4
0,9,2,5,43,17,-3,1,1,1,1,-1.6847068711826807,3
0,9,2,6,17,43,1,1,1,0,1,1.6847068711826807,2
0,9,3,1,18,22,0,1,1,1,0,0.582416886239254,7
0,9,3,2,22,18,-3,1,1,1,0,-0.582416886239254,6
0,9,3,3,22,18,-4,1,1,1,0,-0.582416886239254,5
0,9,3,4,22,18,-7,1,1,1,1,-0.582416886239254,4
0,9,3,7,18,22,7,1,1,0,1,0.582416886239254,1
0,9,4,1,20,10,0,1,1,1,0,-0.350208680623743,7
0,9,4,2,10,20,-1,1,1,1,0,0.350208680623743,6
0,9,4,3,20,10,0,1,1,1,0,-0.350208680623743,5
0,9,4,4,10,20,-1,1,1,1,0,0.350208680623743,4
0,9,4,5,20,10,0,1,1,1,0,-0.350208680623743,3
0,9,4,6,20,10,-1,1,1,1,1,-0.350208680623743,2
0,10,1,1,22,20,0,1,1,1,0,-0.8133832318309012,7
0,10,1,2,22,20,-1,1,1,1,0,-0.8133832318309012,6
0,10,1,3,20,22,-2,1,1,1,0,0.8133832318309012,5
0,10,1,4,22,20,-1,1,1,1,0,-0.8133832318309012,4
0,10,1,5,20,22,-3,1,1,1,0,0.8133832318309012,3
0,10,1,6,22,20,0,1,1,1,1,-0.8133832318309012,2
0,10,1,7,20,22,0,1,1,0,1,0.8133832318309012,1
0,10,2,1,43,27,0,1,1,1,0,-1.2466982729814804,7
0,10,2,2,43,27,-1,1,1,1,0,-1.2466982729814804,6
0,10,2,3,27,43,-1,1,1,1,0,1.2466982729814804,5
0,10,2,4,27,43,-2,1,1,1,0,1.2466982729814804,4
0,10,2,5,27,43,-3,1,1,1,1,1.2466982729814804,3
0,10,2,6,43,27,0,1,1,0,1,-1.2466982729814804,2
0,11,1,1,17,19,0,1,1,1,0,0.21400880398627986,7
0,11,1,2,19,17,-2,1,1,1,0,-0.21400880398627986,6
0,11,1,3,17,19,1,1,1,1,0,0.21400880398627986,5
0,11,1,4,19,17,-2,1,1,1,0,-0.21400880398627986,4
0,11,1,5,17,19,1,1,1,1,0,0.21400880398627986,3
0,11,1,6,19,17,-2,1,1,1,1,-0.21400880398627986,2
0,11,2,1,46,18,0,1,1,1,0,-0.1273385086795612,7
0,11,2,2,18,46,-2,1,1,1,0,0.1273385086795612,6
0,11,2,3,18,46,-3,1,1,1,0,0.1273385086795612,5
0,11,2,4,46,18,2,1,1,1,0,-0.1273385086795612,4
0,11,2,5,46,18,-1,1,1,1,0,-0.1273385086795612,3
0,11,2,6,46,18,-3,1,1,1,1,-0.1273385086795612,2
0,11,2,7,18,46,0,1,1,0,1,0.1273385086795612,1
0,11,3,1,43,24,0,1,1,1,0,-2.163543244755778,7
0,11,3,2,43,24,-3,1,1,1,0,-2.163543244755778,6
0,11,3,3,43,24,-4,1,1,1,0,-2.163543244755778,5
0,11,3,4,24,43,3,1,1,1,0,2.163543244755778,4
0,11,3,5,43,24,-4,1,1,1,1,-2.163543244755778,3
0,11,3,6,24,43,1,1,1,0,0,2.163543244755778,2
0,11,4,1,22,10,0,1,1,1,0,-1.1635919124546443,7
0,11,4,2,10,22,-1,1,1,1,0,1.1635919124546443,6
0,11,4,3,22,10,0,1,1,1,0,-1.1635919124546443,5
0,11,4,4,10,22,-1,1,1,1,0,1.1635919124546443,4
0,11,4,5,22,10,0,1,1,1,0,-1.1635919124546443,3
0,11,4,6,22,10,-1,1,1,1,1,-1.1635919124546443,2
0,11,4,7,10,22,-1,1,1,0,1,1.1635919124546443,1
0,12,1,1,46,10,0,1,1,1,0,-0.7085135348949514,7
0,12,1,2,10,46,-3,1,1,1,0,0.7085135348949514,6
0,12,1,3,10,46,-5,1,1,1,1,0.7085135348949514,5
0,12,1,6,46,10,3,1,1,0,0,-0.7085135348949514,2
0,12,1,8,46,10,1,1,1,0,1,-0.7085135348949514,0
0,12,2,1,19,24,0,1,1,1,0,-0.6928451775593772,7
0,12,2,2,24,19,-2,1,1,1,0,0.6928451775593772,6
0,12,2,3,19,24,1,1,1,1,0,-0.6928451775593772,5
0,12,2,4,19,24,0,1,1,1,0,-0.6928451775593772,4
0,12,2,5,19,24,-1,1,1,1,0,-0.6928451775593772,3
0,12,2,6,24,19,-2,1,1,1,1,0.6928451775593772,2
0,12,2,7,19,24,-3,1,1,0,1,-0.6928451775593772,1
0,12,3,1,18,20,0,1,1,1,0,-0.23096634559164725,7
0,12,3,2,20,18,-3,1,1,1,0,0.23096634559164725,6
0,12,3,3,18,20,2,1,1,1,0,-0.23096634559164725,5
0,12,3,4,18,20,1,1,1,1,0,-0.23096634559164725,4
0,12,3,5,20,18,-2,1,1,1,0,0.23096634559164725,3
0,12,3,6,18,20,1,1,1,1,0,-0.23096634559164725,2
0,12,3,7,20,18,-2,1,1,1,1,0.23096634559164725,1
0,12,3,8,18,20,0,1,1,0,1,-0.23096634559164725,0
0,12,4,1,27,17,0,1,1,1,0,-0.4380085982012004,7
0,12,4,2,27,17,-1,1,1,1,0,-0.4380085982012004,6
0,12,4,3,27,17,-2,1,1,1,0,-0.4380085982012004,5
0,12,4,4,17,27,1,1,1,1,0,0.4380085982012004,4
0,12,4,5,27,17,-2,1,1,1,0,-0.4380085982012004,3
0,12,4,6,27,17,-3,1,1,1,1,-0.4380085982012004,2
0,12,4,7,17,27,2,1,1,0,1,0.4380085982012004,1
0,13,1,1,18,17,0,1,1,1,0,-0.5864652668043335,7
0,13,1,2,18,17,-1,1,1,1,0,-0.5864652668043335,6
0,13,1,3,18,17,-2,1,1,1,0,-0.5864652668043335,5
0,13,1,4,17,18,1,1,1,1,0,0.5864652668043335,4
0,13,1,5,18,17,-2,1,1,1,0,-0.5864652668043335,3
0,13,1,6,17,18,0,1,1,1,1,0.5864652668043335,2
0,13,1,7,18,17,-2,1,1,0,1,-0.5864652668043335,1
0,13,2,1,24,10,0,1,1,1,0,0.4841266141620406,7
0,13,2,2,10,24,-1,1,1,1,0,-0.4841266141620406,6
0,13,2,3,24,10,-1,1,1,1,0,0.4841266141620406,5
0,13,2,4,10,24,0,1,1,1,0,-0.4841266141620406,4
0,13,2,5,10,24,-2,1,1,1,0,-0.4841266141620406,3
0,13,2,6,24,10,0,1,1,1,0,0.4841266141620406,2
0,13,2,7,10,24,-1,1,1,1,1,-0.4841266141620406,1
0,13,2,8,24,10,-2,1,1,0,1,0.4841266141620406,0
0,13,3,1,20,27,0,1,1,1,0,0.08250967698851419,7
0,13,3,2,20,27,-3,1,1,1,0,0.08250967698851419,6
0,13,3,3,27,20,2,1,1,1,0,-0.08250967698851419,5
0,13,3,4,20,27,-3,1,1,1,0,0.08250967698851419,4
0,13,3,5,20,27,-4,1,1,1,1,0.08250967698851419,3
0,13,3,6,27,20,2,1,1,0,0,-0.08250967698851419,2
0,13,3,7,27,20,1,1,1,0,1,-0.08250967698851419,1
0,13,4,1,43,22,0,1,1,1,0,-0.5158247181390933,7
0,13,4,2,22,43,-1,1,1,1,0,0.5158247181390933,6
0,13,4,3,43,22,0,1,1,1,0,-0.5158247181390933,5
0,13,4,4,22,43,-3,1,1,1,0,0.5158247181390933,4
0,13,4,5,22,43,-4,1,1,1,1,0.5158247181390933,3
0,13,4,7,43,22,1,1,1,0,1,-0.5158247181390933,1
0,46,1,1,24,19,0,1,1,1,0,0.6928451775593772,7
0,46,1,2,19,24,-1,1,1,1,0,-0.6928451775593772,6
0,46,1,3,19,24,-2,1,1,1,0,-0.6928451775593772,5
0,46,1,4,19,24,-4,1,1,1,1,-0.6928451775593772,4
0,46,1,7,24,19,5,1,1,0,1,0.6928451775593772,1
0,46,2,1,17,27,0,1,1,1,0,0.4380085982012004,7
0,46,2,2,17,27,-1,1,1,1,0,0.4380085982012004,6
0,46,2,3,27,17,0,1,1,1,0,-0.4380085982012004,5
0,46,2,4,17,27,-2,1,1,1,0,0.4380085982012004,4
0,46,2,5,27,17,1,1,1,1,0,-0.4380085982012004,3
0,46,2,6,17,27,-2,1,1,1,1,0.4380085982012004,2
0,46,2,7,27,17,-1,1,1,0,1,-0.4380085982012004,1
0,48,1,1,27,19,0,1,1,1,0,-0.22399979421492056,7
0,48,1,2,19,27,-1,1,1,1,0,0.22399979421492056,6
0,48,1,3,27,19,-3,1,1,1,0,-0.22399979421492056,5
0,48,1,4,27,19,-6,1,1,1,0,-0.22399979421492056,4
0,48,1,5,27,19,-7,1,1,1,1,-0.22399979421492056,3
0,49,1,1,24,17,0,1,1,1,0,0.4788363735730974,7
0,49,1,2,24,17,-2,1,1,1,0,0.4788363735730974,6
0,49,1,3,17,24,0,1,1,1,0,-0.4788363735730974,5
0,49,1,4,17,24,-1,1,1,1,0,-0.4788363735730974,4
0,49,1,5,17,24,-4,1,1,1,1,-0.4788363735730974,3
0,49,1,6,24,17,3,1,1,0,0,0.4788363735730974,2
0,49,1,8,24,17,2,1,1,0,1,0.4788363735730974,0
22230015,1,1,1,44,36,0,1,1,1,0,0.8911580457519572,7
22230015,1,1,2,36,44,-3,1,1,1,0,-0.8911580457519572,6
22230015,1,1,3,36,44,-4,1,1,1,0,-0.8911580457519572,5
22230015,1,1,4,44,36,2,1,1,1,0,0.8911580457519572,4
22230015,1,1,5,44,36,1,1,1,1,0,0.8911580457519572,3
22230015,1,1,6,36,44,-5,1,1,1,1,-0.8911580457519572,2
22230015,1,1,7,44,36,3,1,1,0,1,0.8911580457519572,1
22230015,1,2,1,46,25,0,1,1,1,0,0.8671572442292033,7
22230015,1,2,2,46,25,-1,1,1,1,0,0.8671572442292033,6
22230015,1,2,3,25,46,0,1,1,1,0,-0.8671572442292033,5
22230015,1,2,4,46,25,-1,1,1,1,0,0.8671572442292033,4
22230015,1,2,5,25,46,0,1,1,1,0,-0.8671572442292033,3
22230015,1,2,6,25,46,-1,1,1,1,0,-0.8671572442292033,2
22230015,1,2,7,46,25,-2,1,1,1,1,0.8671572442292033,1
22230015,1,2,8,25,46,-1,1,1,0,1,-0.8671572442292033,0
22230015,1,3,1,10,14,0,1,1,1,0,0.06889979946146552,7
22230015,1,3,2,14,10,-4,1,1,1,0,-0.06889979946146552,6
22230015,1,3,3,14,10,-5,1,1,1,0,-0.06889979946146552,5
22230015,1,3,4,10,14,4,1,1,1,0,0.06889979946146552,4
22230015,1,3,5,14,10,-5,1,1,1,1,-0.06889979946146552,3
22230015,1,3,6,10,14,3,1,1,0,0,0.06889979946146552,2
22230015,1,4,1,24,22,0,1,1,1,0,1.647718526616685,7
22230015,1,4,2,24,22,-1,1,1,1,0,1.647718526616685,6
22230015,1,4,3,22,24,0,1,1,1,0,-1.647718526616685,5
22230015,1,4,4,24,22,-2,1,1,1,0,1.647718526616685,4
22230015,1,4,5,22,24,-1,1,1,1,0,-1.647718526616685,3
22230015,1,4,6,22,24,-2,1,1,1,1,-1.647718526616685,2
22230015,1,4,7,24,22,1,1,1,0,0,1.647718526616685,1
22230015,1,5,1,11,37,0,1,1,1,0,-1.1242814665995196,7
22230015,1,5,2,37,11,-1,1,1,1,0,1.1242814665995196,6
22230015,1,5,3,11,37,-1,1,1,1,0,-1.1242814665995196,5
22230015,1,5,4,37,11,-3,1,1,1,0,1.1242814665995196,4
22230015,1,5,5,11,37,2,1,1,1,0,-1.1242814665995196,3
22230015,1,5,6,37,11,-3,1,1,1,1,1.1242814665995196,2
22230015,1,5,7,11,37,1,1,1,0,0,-1.1242814665995196,1
22230015,1,5,8,11,37,0,1,1,0,1,-1.1242814665995196,0
22230015,2,1,1,16,15,0,1,1,1,0,1.5962515189283524,7
22230015,2,1,2,15,16,-3,1,1,1,0,-1.5962515189283524,6
22230015,2,1,3,16,15,2,1,1,1,0,1.5962515189283524,5
22230015,2,1,4,15,16,-3,1,1,1,0,-1.5962515189283524,4
22230015,2,1,5,16,15,2,1,1,1,0,1.5962515189283524,3
22230015,2,1,6,15,16,-3,1,1,1,1,-1.5962515189283524,2
22230015,2,1,8,16,15,0,1,1,0,1,1.5962515189283524,0
22230015,2,2,1,34,17,0,1,1,1,0,-2.279635077363662,7
22230015,2,2,2,17,34,-1,1,1,1,0,2.279635077363662,6
22230015,2,2,3,34,17,-1,1,1,1,0,-2.279635077363662,5
22230015,2,2,4,34,17,-2,1,1,1,0,-2.279635077363662,4
22230015,2,2,5,34,17,-4,1,1,1,0,-2.279635077363662,3
22230015,2,2,6,17,34,3,1,1,1,0,2.279635077363662,2
22230015,2,2,7,34,17,-4,1,1,1,1,-2.279635077363662,1
22230015,2,2,8,17,34,2,1,1,0,1,2.279635077363662,0
22230015,2,3,1,18,23,0,1,1,1,0,2.169187813269376,7
22230015,2,3,2,23,18,-2,1,1,1,0,-2.169187813269376,6
22230015,2,3,3,23,18,-4,1,1,1,0,-2.169187813269376,5
22230015,2,3,4,23,18,-7,1,1,1,0,-2.169187813269376,4
22230015,2,3,5,23,18,-10,1,1,1,1,-2.169187813269376,3
22230015,2,3,6,18,23,8,1,1,0,1,2.169187813269376,2
22230015,2,4,1,51,28,0,1,1,1,0,0.19945327026482118,7
22230015,2,4,2,51,28,-2,1,1,1,0,0.19945327026482118,6
22230015,2,4,3,28,51,0,1,1,1,0,-0.19945327026482118,5
22230015,2,4,4,51,28,-2,1,1,1,0,0.19945327026482118,4
22230015,2,4,5,28,51,0,1,1,1,0,-0.19945327026482118,3
22230015,2,4,6,51,28,-1,1,1,1,0,0.19945327026482118,2
22230015,2,4,7,28,51,0,1,1,1,1,-0.19945327026482118,1
22230015,2,5,1,19,20,0,1,1,1,0,0.14149011722640636,7
22230015,2,5,2,19,20,-2,1,1,1,0,0.14149011722640636,6
22230015,2,5,3,19,20,-3,1,1,1,0,0.14149011722640636,5
22230015,2,5,4,20,19,1,1,1,1,0,-0.14149011722640636,4
22230015,2,5,5,20,19,0,1,1,1,0,-0.14149011722640636,3
22230015,2,5,6,19,20,-1,1,1,1,1,0.14149011722640636,2
22230015,2,5,7,20,19,-1,1,1,0,1,-0.14149011722640636,1
22230015,3,1,1,24,46,0,1,1,1,0,1.192640149056992,7
22230015,3,1,2,46,24,-1,1,1,1,0,-1.192640149056992,6
22230015,3,1,3,24,46,-1,1,1,1,0,1.192640149056992,5
22230015,3,1,4,24,46,-3,1,1,1,0,1.192640149056992,4
22230015,3,1,5,24,46,-4,1,1,1,1,1.192640149056992,3
22230015,3,2,1,36,22,0,1,1,1,0,-0.8557032186682195,7
22230015,3,2,2,36,22,-1,1,1,1,0,-0.8557032186682195,6
22230015,3,2,3,36,22,-2,1,1,1,0,-0.8557032186682195,5
22230015,3,2,4,36,22,-4,1,1,1,0,-0.8557032186682195,4
22230015,3,2,5,36,22,-5,1,1,1,1,-0.8557032186682195,3
22230015,3,2,6,22,36,3,1,1,0,1,0.8557032186682195,2
22230015,3,3,1,44,37,0,1,1,1,0,-0.9483353791938822,7
22230015,3,3,2,37,44,-1,1,1,1,0,0.9483353791938822,6
22230015,3,3,3,44,37,-2,1,1,1,0,-0.9483353791938822,5
22230015,3,3,4,37,44,1,1,1,1,0,0.9483353791938822,4
22230015,3,3,5,44,37,-3,1,1,1,0,-0.9483353791938822,3
22230015,3,3,6,37,44,1,1,1,1,1,0.9483353791938822,2
22230015,3,3,8,44,37,-2,1,1,0,1,-0.9483353791938822,0
22230015,3,4,1,14,11,0,1,1,1,0,1.2351833733150783,7
22230015,3,4,2,11,14,-3,1,1,1,0,-1.2351833733150783,6
22230015,3,4,3,11,14,-4,1,1,1,0,-1.2351833733150783,5
22230015,3,4,4,14,11,3,1,1,1,0,1.2351833733150783,4
22230015,3,4,5,11,14,-4,1,1,1,1,-1.2351833733150783,3
22230015,3,5,1,10,25,0,1,1,1,0,1.5756707791241547,7
22230015,3,5,2,25,10,-2,1,1,1,0,-1.5756707791241547,6
22230015,3,5,3,25,10,-3,1,1,1,0,-1.5756707791241547,5
22230015,3,5,4,10,25,2,1,1,1,0,1.5756707791241547,4
22230015,3,5,5,25,10,-5,1,1,1,1,-1.5756707791241547,3
22230015,3,5,6,10,25,2,1,1,0,0,1.5756707791241547,2
22230015,3,5,8,10,25,2,1,1,0,1,1.5756707791241547,0
22230015,4,1,1,51,17,0,1,1,1,0,-1.908179632172648,7
22230015,4,1,2,51,17,-1,1,1,1,0,-1.908179632172648,6
22230015,4,1,3,51,17,-3,1,1,1,0,-1.908179632172648,5
22230015,4,1,4,17,51,1,1,1,1,0,1.908179632172648,4
22230015,4,1,5,51,17,-3,1,1,1,1,-1.908179632172648,3
22230015,4,1,6,17,51,2,1,1,0,1,1.908179632172648,2
22230015,4,2,1,15,28,0,1,1,1,0,0.26633128448292653,7
22230015,4,2,2,28,15,-4,1,1,1,0,-0.26633128448292653,6
22230015,4,2,3,15,28,3,1,1,1,0,0.26633128448292653,5
22230015,4,2,4,15,28,0,1,1,1,0,0.26633128448292653,4
22230015,4,2,5,28,15,-1,1,1,1,0,-0.26633128448292653,3
22230015,4,2,6,15,28,-4,1,1,1,0,0.26633128448292653,2
22230015,4,2,7,15,28,-6,1,1,1,1,0.26633128448292653,1
22230015,4,3,1,20,16,0,1,1,1,0,-0.11044882218649599,7
22230015,4,3,2,16,20,-1,1,1,1,0,0.11044882218649599,6
22230015,4,3,3,20,16,0,1,1,1,0,-0.11044882218649599,5
22230015,4,3,4,16,20,-1,1,1,1,0,0.11044882218649599,4
22230015,4,3,5,20,16,-1,1,1,1,0,-0.11044882218649599,3
22230015,4,3,6,16,20,-1,1,1,1,1,0.11044882218649599,2
22230015,4,3,7,20,16,-1,1,1,0,1,-0.11044882218649599,1
22230015,4,4,1,19,23,0,1,1,1,0,2.541644276087429,7
22230015,4,4,2,23,19,-3,1,1,1,0,-2.541644276087429,6
22230015,4,4,3,23,19,-5,1,1,1,0,-2.541644276087429,5
22230015,4,4,4,19,23,3,1,1,1,0,2.541644276087429,4
22230015,4,4,5,19,23,2,1,1,1,0,2.541644276087429,3
22230015,4,4,6,23,19,-5,1,1,1,1,-2.541644276087429,2
22230015,4,5,1,34,18,0,1,1,1,0,-1.6931698105593287,7
22230015,4,5,2,18,34,-1,1,1,1,0,1.6931698105593287,6
22230015,4,5,3,34,18,0,1,1,1,0,-1.6931698105593287,5
22230015,4,5,4,34,18,-1,1,1,1,0,-1.6931698105593287,4
22230015,4,5,5,34,18,-2,1,1,1,0,-1.6931698105593287,3
22230015,4,5,6,18,34,0,1,1,1,0,1.6931698105593287,2
22230015,4,5,7,18,34,-1,1,1,1,1,1.6931698105593287,1
22230015,4,5,8,34,18,-3,1,1,0,1,-1.6931698105593287,0
22230015,5,1,1,25,14,0,1,1,1,0,-1.5067709796626891,7
22230015,5,1,2,25,14,-2,1,1,1,0,-1.5067709796626891,6
22230015,5,1,3,14,25,1,1,1,1,0,1.5067709796626891,5
22230015,5,1,4,25,14,-3,1,1,1,0,-1.5067709796626891,4
22230015,5,1,5,14,25,1,1,1,1,0,1.5067709796626891,3
22230015,5,1,6,25,14,-2,1,1,1,1,-1.5067709796626891,2
22230015,5,1,7,14,25,1,1,1,0,1,1.5067709796626891,1
22230015,5,2,1,11,44,0,1,1,1,0,-0.17594608740563739,7
22230015,5,2,2,44,11,-4,1,1,1,0,0.17594608740563739,6
22230015,5,2,3,11,44,3,1,1,1,0,-0.17594608740563739,5
22230015,5,2,4,11,44,2,1,1,1,0,-0.17594608740563739,4
22230015,5,2,5,44,11,-4,1,1,1,0,0.17594608740563739,3
22230015,5,2,6,11,44,2,1,1,1,0,-0.17594608740563739,2
22230015,5,2,7,44,11,-4,1,1,1,1,0.17594608740563739,1
22230015,5,2,8,11,44,2,1,1,0,1,-0.17594608740563739,0
22230015,5,3,1,36,24,0,1,1,1,0,-2.5034217452849044,7
22230015,5,3,2,24,36,-2,1,1,1,0,2.5034217452849044,6
22230015,5,3,3,36,24,-1,1,1,1,0,-2.5034217452849044,5
22230015,5,3,4,36,24,-2,1,1,1,0,-2.5034217452849044,4
22230015,5,3,5,24,36,1,1,1,1,0,2.5034217452849044,3
22230015,5,3,6,36,24,-3,1,1,1,1,-2.5034217452849044,2
22230015,5,3,7,24,36,2,1,1,0,1,2.5034217452849044,1
22230015,5,4,1,10,37,0,1,1,1,0,0.1798017061770243,7
22230015,5,4,2,37,10,-2,1,1,1,0,-0.1798017061770243,6
22230015,5,4,3,10,37,1,1,1,1,0,0.1798017061770243,5
22230015,5,4,4,37,10,-2,1,1,1,0,-0.1798017061770243,4
22230015,5,4,5,10,37,1,1,1,1,0,0.1798017061770243,3
22230015,5,4,6,10,37,0,1,1,1,0,0.1798017061770243,2
22230015,5,4,7,37,10,-1,1,1,1,1,-0.1798017061770243,1
22230015,5,4,8,10,37,-1,1,1,0,1,0.1798017061770243,0
22230015,5,5,1,22,46,0,1,1,1,0,-0.4550783775596928,7
22230015,5,5,2,46,22,-1,1,1,1,0,0.4550783775596928,6
22230015,5,5,3,46,22,-2,1,1,1,0,0.4550783775596928,5
22230015,5,5,4,46,22,-3,1,1,1,0,0.4550783775596928,4
22230015,5,5,5,46,22,-6,1,1,1,1,0.4550783775596928,3
22230015,5,5,6,22,46,3,1,1,0,1,-0.4550783775596928,2
22230015,6,1,1,34,23,0,1,1,1,0,0.4760180027100469,7
22230015,6,1,2,23,34,-2,1,1,1,0,-0.4760180027100469,6
22230015,6,1,3,34,23,1,1,1,1,0,0.4760180027100469,5
22230015,6,1,4,23,34,-3,1,1,1,1,-0.4760180027100469,4
22230015,6,1,6,34,23,5,1,1,0,0,0.4760180027100469,2
22230015,6,2,1,19,16,0,1,1,1,0,0.031041295039910377,7
22230015,6,2,2,16,19,-1,1,1,1,0,-0.031041295039910377,6
22230015,6,2,3,19,16,-3,1,1,1,0,0.031041295039910377,5
22230015,6,2,4,16,19,1,1,1,1,0,-0.031041295039910377,4
22230015,6,2,5,16,19,0,1,1,1,0,-0.031041295039910377,3
22230015,6,2,6,19,16,-2,1,1,1,1,0.031041295039910377,2
22230015,6,2,7,16,19,1,1,1,0,1,-0.031041295039910377,1
22230015,6,3,1,51,15,0,1,1,1,0,-0.06687801421810535,7
22230015,6,3,2,15,51,-3,1,1,1,0,0.06687801421810535,6
22230015,6,3,3,51,15,2,1,1,1,0,-0.06687801421810535,5
22230015,6,3,4,15,51,-4,1,1,1,1,0.06687801421810535,4
22230015,6,3,5,51,15,2,1,1,0,0,-0.06687801421810535,3
22230015,6,3,7,51,15,2,1,1,0,1,-0.06687801421810535,1
22230015,6,4,1,20,18,0,1,1,1,0,0.23096634559164725,7
22230015,6,4,2,18,20,-1,1,1,1,0,-0.23096634559164725,6
22230015,6,4,3,18,20,-2,1,1,1,0,-0.23096634559164725,5
22230015,6,4,4,18,20,-3,1,1,1,0,-0.23096634559164725,4
22230015,6,4,5,18,20,-4,1,1,1,1,-0.23096634559164725,3
22230015,6,4,6,20,18,2,1,1,0,0,0.23096634559164725,2
22230015,6,5,1,17,28,0,1,1,1,0,2.1076329024374694,7
22230015,6,5,2,28,17,-1,1,1,1,0,-2.1076329024374694,6
22230015,6,5,3,28,17,-2,1,1,1,0,-2.1076329024374694,5
22230015,6,5,4,28,17,-3,1,1,1,0,-2.1076329024374694,4
22230015,6,5,5,28,17,-5,1,1,1,1,-2.1076329024374694,3
22230015,6,5,6,17,28,4,1,1,0,0,2.1076329024374694,2
22230015,6,5,7,17,28,3,1,1,0,1,2.1076329024374694,1
22230015,7,1,1,37,22,0,1,1,1,0,0.9837902062776199,7
22230015,7,1,2,22,37,-5,1,1,1,0,-0.9837902062776199,6
22230015,7,1,3,22,37,-6,1,1,1,1,-0.9837902062776199,5
22230015,7,1,4,37,22,3,1,1,0,0,0.9837902062776199,4
22230015,7,1,6,37,22,3,1,1,0,1,0.9837902062776199,2
22230015,7,2,1,10,24,0,1,1,1,0,-0.4841266141620406,7
22230015,7,2,2,10,24,-1,1,1,1,0,-0.4841266141620406,6
22230015,7,2,3,10,24,-2,1,1,1,0,-0.4841266141620406,5
22230015,7,2,4,24,10,0,1,1,1,0,0.4841266141620406,4
22230015,7,2,5,10,24,-1,1,1,1,0,-0.4841266141620406,3
22230015,7,2,6,24,10,-1,1,1,1,0,0.4841266141620406,2
22230015,7,2,7,10,24,0,1,1,1,1,-0.4841266141620406,1
22230015,7,2,8,24,10,-2,1,1,0,1,0.4841266141620406,0
22230015,7,3,1,11,46,0,1,1,1,0,-0.5955696378815925,7
22230015,7,3,2,46,11,-2,1,1,1,0,0.5955696378815925,6
22230015,7,3,3,11,46,0,1,1,1,0,-0.5955696378815925,5
22230015,7,3,4,46,11,-1,1,1,1,0,0.5955696378815925,4
22230015,7,3,5,11,46,-1,1,1,1,0,-0.5955696378815925,3
22230015,7,3,6,46,11,-2,1,1,1,1,0.5955696378815925,2
22230015,7,3,7,11,46,0,1,1,0,1,-0.5955696378815925,1
22230015,7,4,1,14,44,0,1,1,1,0,1.059237285909441,7
22230015,7,4,2,44,14,-4,1,1,1,0,-1.059237285909441,6
22230015,7,4,3,14,44,1,1,1,1,0,1.059237285909441,5
22230015,7,4,4,44,14,-4,1,1,1,0,-1.059237285909441,4
22230015,7,4,5,44,14,-5,1,1,1,1,-1.059237285909441,3
22230015,7,4,6,14,44,2,1,1,0,0,1.059237285909441,2
22230015,7,5,1,25,36,0,1,1,1,0,0.443624351998709,7
22230015,7,5,2,36,25,-3,1,1,1,0,-0.443624351998709,6
22230015,7,5,3,36,25,-5,1,1,1,0,-0.443624351998709,5
22230015,7,5,4,36,25,-6,1,1,1,1,-0.443624351998709,4
22230015,7,5,5,25,36,3,1,1,0,0,0.443624351998709,3
22230015,7,5,6,25,36,2,1,1,0,1,0.443624351998709,2
22230015,8,1,1,20,28,0,1,1,1,0,1.752133981224783,7
22230015,8,1,2,28,20,-4,1,1,1,0,-1.752133981224783,6
22230015,8,1,3,20,28,3,1,1,1,0,1.752133981224783,5
22230015,8,1,4,28,20,-4,1,1,1,0,-1.752133981224783,4
22230015,8,1,5,28,20,-6,1,1,1,1,-1.752133981224783,3
22230015,8,1,6,20,28,5,1,1,0,0,1.752133981224783,2
22230015,8,2,1,18,51,0,1,1,1,0,1.3217143653683145,7
22230015,8,2,2,51,18,-2,1,1,1,0,-1.3217143653683145,6
22230015,8,2,3,18,51,1,1,1,1,0,1.3217143653683145,5
22230015,8,2,4,51,18,-2,1,1,1,0,-1.3217143653683145,4
22230015,8,2,5,18,51,1,1,1,1,0,1.3217143653683145,3
22230015,8,2,6,18,51,0,1,1,1,0,1.3217143653683145,2
22230015,8,2,7,51,18,-1,1,1,1,1,-1.3217143653683145,1
22230015,8,2,8,18,51,0,1,1,0,1,1.3217143653683145,0
22230015,8,3,1,19,17,0,1,1,1,0,-0.21400880398627986,7
22230015,8,3,2,17,19,-1,1,1,1,0,0.21400880398627986,6
22230015,8,3,3,19,17,-2,1,1,1,0,-0.21400880398627986,5
22230015,8,3,4,17,19,1,1,1,1,0,0.21400880398627986,4
22230015,8,3,5,17,19,-1,1,1,1,0,0.21400880398627986,3
22230015,8,3,6,17,19,-2,1,1,1,1,0.21400880398627986,2
22230015,8,3,7,19,17,-1,1,1,0,1,-0.21400880398627986,1
22230015,8,4,1,16,23,0,1,1,1,0,2.510602981047519,7
22230015,8,4,2,16,23,-1,1,1,1,0,2.510602981047519,6
22230015,8,4,3,23,16,-3,1,1,1,0,-2.510602981047519,5
22230015,8,4,4,16,23,2,1,1,1,0,2.510602981047519,4
22230015,8,4,5,16,23,-2,1,1,1,1,2.510602981047519,3
22230015,8,4,6,23,16,-2,1,1,0,1,-2.510602981047519,2
22230015,8,5,1,15,34,0,1,1,1,0,0.4383334594091196,7
22230015,8,5,2,15,34,-1,1,1,1,0,0.4383334594091196,6
22230015,8,5,3,34,15,0,1,1,1,0,-0.4383334594091196,5
22230015,8,5,4,34,15,-1,1,1,1,0,-0.4383334594091196,4
22230015,8,5,5,15,34,-3,1,1,1,0,0.4383334594091196,3
22230015,8,5,6,34,15,2,1,1,1,1,-0.4383334594091196,2
22230015,8,5,7,15,34,-3,1,1,0,1,0.4383334594091196,1
22230015,9,1,1,10,46,0,1,1,1,0,0.7085135348949514,7
22230015,9,1,2,46,10,-1,1,1,1,0,-0.7085135348949514,6
22230015,9,1,3,46,10,-3,1,1,1,0,-0.7085135348949514,5
22230015,9,1,4,10,46,1,1,1,1,0,0.7085135348949514,4
22230015,9,1,5,46,10,-3,1,1,1,1,-0.7085135348949514,3
22230015,9,1,7,10,46,0,1,1,0,1,0.7085135348949514,1
22230015,9,2,1,37,36,0,1,1,1,0,1.8394934249458395,7
22230015,9,2,2,36,37,-1,1,1,1,0,-1.8394934249458395,6
22230015,9,2,3,36,37,-3,1,1,1,0,-1.8394934249458395,5
22230015,9,2,4,36,37,-4,1,1,1,0,-1.8394934249458395,4
22230015,9,2,5,36,37,-6,1,1,1,1,-1.8394934249458395,3
22230015,9,2,6,37,36,4,1,1,0,1,1.8394934249458395,2
22230015,9,3,1,22,44,0,1,1,1,0,-0.035454827083737775,7
22230015,9,3,2,44,22,-4,1,1,1,0,0.035454827083737775,6
22230015,9,3,3,22,44,0,1,1,1,0,-0.035454827083737775,5
22230015,9,3,4,44,22,-1,1,1,1,0,0.035454827083737775,4
22230015,9,3,5,22,44,-3,1,1,1,1,-0.035454827083737775,3
22230015,9,3,7,44,22,2,1,1,0,1,0.035454827083737775,1
22230015,9,4,1,11,25,0,1,1,1,0,0.2715876063476109,7
22230015,9,4,2,11,25,-2,1,1,1,0,0.2715876063476109,6
22230015,9,4,3,25,11,0,1,1,1,0,-0.2715876063476109,5
22230015,9,4,4,11,25,-3,1,1,1,0,0.2715876063476109,4
22230015,9,4,5,25,11,0,1,1,1,0,-0.2715876063476109,3
22230015,9,4,6,11,25,-1,1,1,1,1,0.2715876063476109,2
22230015,9,4,8,25,11,1,1,1,0,1,-0.2715876063476109,0
22230015,9,5,1,14,24,0,1,1,1,0,-0.5530264136235061,7
22230015,9,5,2,24,14,-3,1,1,1,0,0.5530264136235061,6
22230015,9,5,3,14,24,2,1,1,1,0,-0.5530264136235061,5
22230015,9,5,4,24,14,-4,1,1,1,0,0.5530264136235061,4
22230015,9,5,5,14,24,3,1,1,1,0,-0.5530264136235061,3
22230015,9,5,6,24,14,-5,1,1,1,1,0.5530264136235061,2
22230015,9,5,7,14,24,3,1,1,0,1,-0.5530264136235061,1
22230015,10,1,1,17,18,0,1,1,1,0,0.5864652668043335,7
22230015,10,1,2,18,17,-1,1,1,1,0,-0.5864652668043335,6
22230015,10,1,3,17,18,0,1,1,1,0,0.5864652668043335,5
22230015,10,1,4,18,17,-1,1,1,1,0,-0.5864652668043335,4
22230015,10,1,5,17,18,0,1,1,1,0,0.5864652668043335,3
22230015,10,1,6,17,18,-1,1,1,1,1,0.5864652668043335,2
22230015,10,1,7,18,17,-4,1,1,0,1,-0.5864652668043335,1
22230015,10,2,1,20,15,0,1,1,1,0,1.4858026967418563,7
22230015,10,2,2,15,20,-2,1,1,1,0,-1.4858026967418563,6
22230015,10,2,3,20,15,1,1,1,1,0,1.4858026967418563,5
22230015,10,2,4,15,20,-2,1,1,1,0,-1.4858026967418563,4
22230015,10,2,5,15,20,-4,1,1,1,1,-1.4858026967418563,3
22230015,10,3,1,16,28,0,1,1,1,0,1.862582803411279,7
22230015,10,3,2,16,28,-1,1,1,1,0,1.862582803411279,6
22230015,10,3,3,28,16,-1,1,1,1,0,-1.862582803411279,5
22230015,10,3,4,28,16,-2,1,1,1,0,-1.862582803411279,4
22230015,10,3,5,28,16,-3,1,1,1,0,-1.862582803411279,3
22230015,10,3,6,28,16,-5,1,1,1,1,-1.862582803411279,2
22230015,10,3,7,16,28,4,1,1,0,1,1.862582803411279,1
22230015,10,4,1,19,34,0,1,1,1,0,2.0656262733773825,7
22230015,10,4,2,34,19,-3,1,1,1,0,-2.0656262733773825,6
22230015,10,4,3,34,19,-6,1,1,1,0,-2.0656262733773825,5
22230015,10,4,4,34,19,-7,1,1,1,0,-2.0656262733773825,4
22230015,10,4,5,19,34,6,1,1,1,0,2.0656262733773825,3
22230015,10,4,6,34,19,-7,1,1,1,1,-2.0656262733773825,2
22230015,10,4,7,19,34,6,1,1,0,1,2.0656262733773825,1
22230015,10,5,1,51,23,0,1,1,1,0,0.8474734479010612,7
22230015,10,5,2,51,23,-1,1,1,1,0,0.8474734479010612,6
22230015,10,5,3,23,51,-1,1,1,1,0,-0.8474734479010612,5
22230015,10,5,4,51,23,0,1,1,1,0,0.8474734479010612,4
22230015,10,5,5,23,51,-1,1,1,1,0,-0.8474734479010612,3
22230015,10,5,6,23,51,-2,1,1,1,0,-0.8474734479010612,2
22230015,10,5,7,23,51,-4,1,1,1,1,-0.8474734479010612,1
22230015,11,1,1,14,37,0,1,1,1,0,0.11090190671555877,7
22230015,11,1,2,14,37,-2,1,1,1,0,0.11090190671555877,6
22230015,11,1,3,37,14,0,1,1,1,0,-0.11090190671555877,5
22230015,11,1,4,37,14,-1,1,1,1,0,-0.11090190671555877,4
22230015,11,1,5,14,37,0,1,1,1,0,0.11090190671555877,3
22230015,11,1,6,14,37,-1,1,1,1,1,0.11090190671555877,2
22230015,11,1,7,37,14,-1,1,1,0,1,-0.11090190671555877,1
22230015,11,2,1,46,44,0,1,1,1,0,0.419623550475955,7
22230015,11,2,2,44,46,-2,1,1,1,0,-0.419623550475955,6
22230015,11,2,3,44,46,-3,1,1,1,0,-0.419623550475955,5
22230015,11,2,4,46,44,2,1,1,1,0,0.419623550475955,4
22230015,11,2,5,44,46,-3,1,1,1,0,-0.419623550475955,3
22230015,11,2,6,46,44,-1,1,1,1,1,0.419623550475955,2
22230015,11,2,7,44,46,-1,1,1,0,1,-0.419623550475955,1
22230015,11,3,1,24,25,0,1,1,1,0,2.0597973932861953,7
22230015,11,3,2,25,24,-1,1,1,1,0,-2.0597973932861953,6
22230015,11,3,3,24,25,0,1,1,1,0,2.0597973932861953,5
22230015,11,3,4,25,24,-3,1,1,1,0,-2.0597973932861953,4
22230015,11,3,5,24,25,1,1,1,1,0,2.0597973932861953,3
22230015,11,3,6,25,24,-3,1,1,1,1,-2.0597973932861953,2
22230015,11,3,8,24,25,2,1,1,0,1,2.0597973932861953,0
22230015,11,4,1,10,22,0,1,1,1,0,1.1635919124546443,7
22230015,11,4,2,22,10,-2,1,1,1,0,-1.1635919124546443,6
22230015,11,4,3,10,22,1,1,1,1,0,1.1635919124546443,5
22230015,11,4,4,22,10,-4,1,1,1,0,-1.1635919124546443,4
22230015,11,4,5,10,22,3,1,1,1,0,1.1635919124546443,3
22230015,11,4,6,22,10,-6,1,1,1,1,-1.1635919124546443,2
22230015,11,5,1,11,36,0,1,1,1,0,0.7152119583463199,7
22230015,11,5,2,11,36,-1,1,1,1,0,0.7152119583463199,6
22230015,11,5,3,36,11,0,1,1,1,0,-0.7152119583463199,5
22230015,11,5,4,11,36,-1,1,1,1,0,0.7152119583463199,4
22230015,11,5,5,11,36,-2,1,1,1,0,0.7152119583463199,3
22230015,11,5,6,36,11,1,1,1,1,0,-0.7152119583463199,2
22230015,11,5,7,36,11,0,1,1,1,1,-0.7152119583463199,1
22230015,11,5,8,11,36,-2,1,1,0,1,0.7152119583463199,0
22230015,12,1,1,20,23,0,1,1,1,0,2.4001541588610227,7
22230015,12,1,2,23,20,-1,1,1,1,0,-2.4001541588610227,6
22230015,12,1,3,23,20,-4,1,1,1,0,-2.4001541588610227,5
22230015,12,1,4,23,20,-6,1,1,1,0,-2.4001541588610227,4
22230015,12,1,5,23,20,-7,1,1,1,1,-2.4001541588610227,3
22230015,12,1,6,20,23,6,1,1,0,1,2.4001541588610227,2
22230015,12,2,1,17,16,0,1,1,1,0,0.24505009902619024,7
22230015,12,2,2,17,16,-1,1,1,1,0,0.24505009902619024,6
22230015,12,2,3,16,17,-3,1,1,1,0,-0.24505009902619024,5
22230015,12,2,4,17,16,0,1,1,1,0,0.24505009902619024,4
22230015,12,2,5,16,17,-3,1,1,1,0,-0.24505009902619024,3
22230015,12,2,6,17,16,1,1,1,1,1,0.24505009902619024,2
22230015,12,2,8,16,17,-1,1,1,0,1,-0.24505009902619024,0
22230015,12,3,1,34,51,0,1,1,1,0,-0.37145544519101426,7
22230015,12,3,2,34,51,-2,1,1,1,0,-0.37145544519101426,6
22230015,12,3,3,51,34,1,1,1,1,0,0.37145544519101426,5
22230015,12,3,4,51,34,0,1,1,1,0,0.37145544519101426,4
22230015,12,3,5,34,51,-4,1,1,1,0,-0.37145544519101426,3
22230015,12,3,6,34,51,-7,1,1,1,1,-0.37145544519101426,2
22230015,12,3,7,51,34,5,1,1,0,1,0.37145544519101426,1
22230015,12,4,1,28,18,0,1,1,1,0,-1.5211676356331356,7
22230015,12,4,2,28,18,-1,1,1,1,0,-1.5211676356331356,6
22230015,12,4,3,18,28,0,1,1,1,0,1.5211676356331356,5
22230015,12,4,4,18,28,-1,1,1,1,0,1.5211676356331356,4
22230015,12,4,5,28,18,-3,1,1,1,0,-1.5211676356331356,3
22230015,12,4,6,18,28,2,1,1,1,0,1.5211676356331356,2
22230015,12,4,7,28,18,-4,1,1,1,1,-1.5211676356331356,1
22230015,12,4,8,18,28,2,1,1,0,1,1.5211676356331356,0
22230015,12,5,1,15,19,0,1,1,1,0,-1.6272928139682628,7
22230015,12,5,2,19,15,-2,1,1,1,0,1.6272928139682628,6
22230015,12,5,3,15,19,1,1,1,1,0,-1.6272928139682628,5
22230015,12,5,4,19,15,-3,1,1,1,0,1.6272928139682628,4
22230015,12,5,5,15,19,1,1,1,1,0,-1.6272928139682628,3
22230015,12,5,6,15,19,0,1,1,1,0,-1.6272928139682628,2
22230015,12,5,7,19,15,-3,1,1,1,1,1.6272928139682628,1
22230015,13,1,1,22,25,0,1,1,1,0,0.41207886666951055,7
22230015,13,1,2,22,25,-2,1,1,1,0,0.41207886666951055,6
22230015,13,1,3,22,25,-3,1,1,1,0,0.41207886666951055,5
22230015,13,1,4,25,22,1,1,1,1,0,-0.41207886666951055,4
22230015,13,1,5,25,22,0,1,1,1,0,-0.41207886666951055,3
22230015,13,1,6,25,22,-3,1,1,1,1,-0.41207886666951055,2
22230015,13,1,7,22,25,2,1,1,0,1,0.41207886666951055,1
22230015,13,2,1,11,10,0,1,1,1,0,-1.3040831727765438,7
22230015,13,2,2,11,10,-1,1,1,1,0,-1.3040831727765438,6
22230015,13,2,3,10,11,0,1,1,1,0,1.3040831727765438,5
22230015,13,2,4,11,10,-1,1,1,1,0,-1.3040831727765438,4
22230015,13,2,5,11,10,-2,1,1,1,0,-1.3040831727765438,3
22230015,13,2,6,10,11,1,1,1,1,0,1.3040831727765438,2
22230015,13,2,7,11,10,-3,1,1,1,1,-1.3040831727765438,1
22230015,13,3,1,36,14,0,1,1,1,0,-1.9503953316613982,7
22230015,13,3,2,36,14,-2,1,1,1,0,-1.9503953316613982,6
22230015,13,3,3,14,36,1,1,1,1,0,1.9503953316613982,5
22230015,13,3,4,36,14,-3,1,1,1,0,-1.9503953316613982,4
22230015,13,3,5,14,36,1,1,1,1,0,1.9503953316613982,3
22230015,13,3,6,36,14,-4,1,1,1,1,-1.9503953316613982,2
22230015,13,3,7,14,36,3,1,1,0,1,1.9503953316613982,1
22230015,13,4,1,37,46,0,1,1,1,0,0.5287118287179271,7
22230015,13,4,2,46,37,-5,1,1,1,0,-0.5287118287179271,6
22230015,13,4,3,37,46,4,1,1,1,0,0.5287118287179271,5
22230015,13,4,4,46,37,-7,1,1,1,1,-0.5287118287179271,4
22230015,13,4,5,37,46,6,1,1,0,0,0.5287118287179271,3
22230015,13,5,1,24,44,0,1,1,1,0,1.6122636995329471,7
22230015,13,5,2,44,24,-1,1,1,1,0,-1.6122636995329471,6
22230015,13,5,3,44,24,-2,1,1,1,0,-1.6122636995329471,5
22230015,13,5,4,44,24,-4,1,1,1,0,-1.6122636995329471,4
22230015,13,5,5,24,44,3,1,1,1,0,1.6122636995329471,3
22230015,13,5,6,44,24,-4,1,1,1,1,-1.6122636995329471,2
22230015,13,5,7,24,44,3,1,1,0,0,1.6122636995329471,1
22230015,13,5,8,24,44,2,1,1,0,1,1.6122636995329471,0
22230015,14,1,1,34,28,0,1,1,1,0,-0.17200217492619307,7
22230015,14,1,2,28,34,-2,1,1,1,0,0.17200217492619307,6
22230015,14,1,3,28,34,-3,1,1,1,0,0.17200217492619307,5
22230015,14,1,4,34,28,1,1,1,1,0,-0.17200217492619307,4
22230015,14,1,5,34,28,0,1,1,1,0,-0.17200217492619307,3
22230015,14,1,6,34,28,-1,1,1,1,1,-0.17200217492619307,2
22230015,14,1,7,28,34,-2,1,1,0,1,0.17200217492619307,1
22230015,14,2,1,19,18,0,1,1,1,0,0.3724564628180536,7
22230015,14,2,2,18,19,-1,1,1,1,0,-0.3724564628180536,6
22230015,14,2,3,19,18,0,1,1,1,0,0.3724564628180536,5
22230015,14,2,4,18,19,-1,1,1,1,0,-0.3724564628180536,4
22230015,14,2,5,19,18,0,1,1,1,0,0.3724564628180536,3
22230015,14,2,6,19,18,-1,1,1,1,1,0.3724564628180536,2
22230015,14,2,7,18,19,-1,1,1,0,1,-0.3724564628180536,1
22230015,14,3,1,23,15,0,1,1,1,0,-0.9143514621191665,7
22230015,14,3,2,23,15,-1,1,1,1,0,-0.9143514621191665,6
22230015,14,3,3,23,15,-3,1,1,1,1,-0.9143514621191665,5
22230015,14,3,4,15,23,2,1,1,0,0,0.9143514621191665,4
22230015,14,3,6,15,23,4,1,1,0,0,0.9143514621191665,2
22230015,14,3,7,15,23,3,1,1,0,1,0.9143514621191665,1
22230015,14,4,1,20,17,0,1,1,1,0,-0.3554989212126862,7
22230015,14,4,2,17,20,-1,1,1,1,0,0.3554989212126862,6
22230015,14,4,3,17,20,-2,1,1,1,0,0.3554989212126862,5
22230015,14,4,4,17,20,-3,1,1,1,0,0.3554989212126862,4
22230015,14,4,5,17,20,-4,1,1,1,1,0.3554989212126862,3
22230015,14,4,6,20,17,3,1,1,0,0,-0.3554989212126862,2
22230015,14,4,7,20,17,2,1,1,0,1,-0.3554989212126862,1
22230015,14,5,1,16,51,0,1,1,1,0,1.6631295331464577,7
22230015,14,5,2,16,51,-1,1,1,1,0,1.6631295331464577,6
22230015,14,5,3,51,16,-2,1,1,1,0,-1.6631295331464577,5
22230015,14,5,4,16,51,0,1,1,1,0,1.6631295331464577,4
22230015,14,5,5,51,16,-1,1,1,1,0,-1.6631295331464577,3
22230015,14,5,6,51,16,-2,1,1,1,1,-1.6631295331464577,2
22230015,14,5,7,16,51,1,1,1,0,1,1.6631295331464577,1
22230015,15,1,1,10,36,0,1,1,1,0,2.0192951311228637,7
22230015,15,1,2,36,10,-2,1,1,1,0,-2.0192951311228637,6
22230015,15,1,3,10,36,-1,1,1,1,0,2.0192951311228637,5
22230015,15,1,4,36,10,0,1,1,1,0,-2.0192951311228637,4
22230015,15,1,5,10,36,-1,1,1,1,0,2.0192951311228637,3
22230015,15,1,6,36,10,0,1,1,1,0,-2.0192951311228637,2
22230015,15,1,7,36,10,-1,1,1,1,1,-2.0192951311228637,1
22230015,15,1,8,10,36,-2,1,1,0,1,2.0192951311228637,0
22230015,15,2,1,24,37,0,1,1,1,0,0.6639283203390649,7
22230015,15,2,2,37,24,-1,1,1,1,0,-0.6639283203390649,6
22230015,15,2,3,37,24,-2,1,1,1,0,-0.6639283203390649,5
22230015,15,2,4,37,24,-3,1,1,1,0,-0.6639283203390649,4
22230015,15,2,5,24,37,1,1,1,1,0,0.6639283203390649,3
22230015,15,2,6,37,24,-2,1,1,1,1,-0.6639283203390649,2
22230015,15,2,7,24,37,-1,1,1,0,1,0.6639283203390649,1
22230015,15,3,1,11,22,0,1,1,1,0,-0.1404912603218996,7
22230015,15,3,2,22,11,-1,1,1,1,0,0.1404912603218996,6
22230015,15,3,3,11,22,-1,1,1,1,0,-0.1404912603218996,5
22230015,15,3,4,11,22,-2,1,1,1,0,-0.1404912603218996,4
22230015,15,3,5,22,11,-1,1,1,1,0,0.1404912603218996,3
22230015,15,3,6,11,22,0,1,1,1,1,-0.1404912603218996,2
22230015,15,3,7,22,11,-1,1,1,0,1,0.1404912603218996,1
22230015,15,4,1,44,25,0,1,1,1,0,0.4475336937532483,7
22230015,15,4,2,25,44,-2,1,1,1,0,-0.4475336937532483,6
22230015,15,4,3,44,25,-1,1,1,1,0,0.4475336937532483,5
22230015,15,4,4,44,25,-3,1,1,1,0,0.4475336937532483,4
22230015,15,4,5,25,44,2,1,1,1,0,-0.4475336937532483,3
22230015,15,4,6,44,25,-3,1,1,1,1,0.4475336937532483,2
22230015,15,4,8,25,44,3,1,1,0,1,-0.4475336937532483,0
22230015,15,5,1,14,46,0,1,1,1,0,0.6396137354334859,7
22230015,15,5,2,46,14,-4,1,1,1,0,-0.6396137354334859,6
22230015,15,5,3,14,46,2,1,1,1,0,0.6396137354334859,5
22230015,15,5,4,46,14,-3,1,1,1,0,-0.6396137354334859,4
22230015,15,5,5,14,46,2,1,1,1,0,0.6396137354334859,3
22230015,15,5,6,46,14,-4,1,1,1,1,-0.6396137354334859,2
22230015,15,5,7,14,46,2,1,1,0,1,0.6396137354334859,1
22230015,16,1,1,18,15,0,1,1,1,0,1.2548363511502092,7
22230015,16,1,2,15,18,-1,1,1,1,0,-1.2548363511502092,6
22230015,16,1,3,18,15,-1,1,1,1,0,1.2548363511502092,5
22230015,16,1,4,15,18,-2,1,1,1,0,-1.2548363511502092,4
22230015,16,1,5,18,15,0,1,1,1,0,1.2548363511502092,3
22230015,16,1,6,15,18,-2,1,1,1,0,-1.2548363511502092,2
22230015,16,1,7,18,15,0,1,1,1,1,1.2548363511502092,1
22230015,16,1,8,15,18,-2,1,1,0,1,-1.2548363511502092,0
22230015,16,2,1,20,51,0,1,1,1,0,1.5526807109599616,7
22230015,16,2,2,51,20,-1,1,1,1,0,-1.5526807109599616,6
22230015,16,2,3,51,20,-3,1,1,1,0,-1.5526807109599616,5
22230015,16,2,4,51,20,-4,1,1,1,1,-1.5526807109599616,4
22230015,16,2,5,20,51,2,1,1,0,0,1.5526807109599616,3
22230015,16,2,7,20,51,0,1,1,0,1,1.5526807109599616,1
22230015,16,3,1,19,28,0,1,1,1,0,1.8936240984511894,7
22230015,16,3,2,28,19,-2,1,1,1,0,-1.8936240984511894,6
22230015,16,3,3,28,19,-5,1,1,1,0,-1.8936240984511894,5
22230015,16,3,4,19,28,4,1,1,1,0,1.8936240984511894,4
22230015,16,3,5,28,19,-7,1,1,1,1,-1.8936240984511894,3
22230015,16,3,6,19,28,6,1,1,0,0,1.8936240984511894,2
22230015,16,4,1,34,16,0,1,1,1,0,-2.034584978337472,7
22230015,16,4,2,34,16,-2,1,1,1,0,-2.034584978337472,6
22230015,16,4,3,16,34,1,1,1,1,0,2.034584978337472,5
22230015,16,4,4,16,34,0,1,1,1,0,2.034584978337472,4
22230015,16,4,5,34,16,-2,1,1,1,0,-2.034584978337472,3
22230015,16,4,6,16,34,1,1,1,1,1,2.034584978337472,2
22230015,16,4,7,34,16,-4,1,1,0,1,-2.034584978337472,1
22230015,16,5,1,17,23,0,1,1,1,0,2.755653080073709,7
22230015,16,5,2,17,23,-1,1,1,1,0,2.755653080073709,6
22230015,16,5,3,23,17,-1,1,1,1,0,-2.755653080073709,5
22230015,16,5,4,23,17,-3,1,1,1,0,-2.755653080073709,4
22230015,16,5,5,23,17,-6,1,1,1,1,-2.755653080073709,3
22230015,17,1,1,24,11,0,1,1,1,0,1.7882097869385845,7
22230015,17,1,2,11,24,-5,1,1,1,0,-1.7882097869385845,6
22230015,17,1,3,24,11,1,1,1,1,0,1.7882097869385845,5
22230015,17,1,4,11,24,-2,1,1,1,0,-1.7882097869385845,4
22230015,17,1,5,24,11,0,1,1,1,0,1.7882097869385845,3
22230015,17,1,6,11,24,-2,1,1,1,0,-1.7882097869385845,2
22230015,17,1,7,24,11,0,1,1,1,1,1.7882097869385845,1
22230015,17,1,8,11,24,-1,1,1,0,1,-1.7882097869385845,0
22230015,17,2,1,14,22,0,1,1,1,0,1.0946921129931788,7
22230015,17,2,2,22,14,-1,1,1,1,0,-1.0946921129931788,6
22230015,17,2,3,22,14,-4,1,1,1,1,-1.0946921129931788,5
22230015,17,2,4,14,22,3,1,1,0,0,1.0946921129931788,4
22230015,17,2,6,14,22,2,1,1,0,1,1.0946921129931788,2
22230015,17,3,1,37,25,0,1,1,1,0,1.3958690729471304,7
22230015,17,3,2,25,37,-1,1,1,1,0,-1.3958690729471304,6
22230015,17,3,3,37,25,-1,1,1,1,0,1.3958690729471304,5
22230015,17,3,4,25,37,0,1,1,1,0,-1.3958690729471304,4
22230015,17,3,5,25,37,-1,1,1,1,0,-1.3958690729471304,3
22230015,17,3,6,37,25,-3,1,1,1,1,1.3958690729471304,2
22230015,17,3,8,25,37,2,1,1,0,1,-1.3958690729471304,0
22230015,17,4,1,36,46,0,1,1,1,0,-1.3107815962279123,7
22230015,17,4,2,46,36,-1,1,1,1,0,1.3107815962279123,6
22230015,17,4,3,36,46,0,1,1,1,0,-1.3107815962279123,5
22230015,17,4,4,46,36,-2,1,1,1,0,1.3107815962279123,4
22230015,17,4,5,36,46,-1,1,1,1,0,-1.3107815962279123,3
22230015,17,4,6,46,36,0,1,1,1,0,1.3107815962279123,2
22230015,17,4,7,36,46,-2,1,1,1,1,-1.3107815962279123,1
22230015,17,4,8,46,36,1,1,1,0,1,1.3107815962279123,0
22230015,17,5,1,10,44,0,1,1,1,0,1.1281370853709065,7
22230015,17,5,2,44,10,-2,1,1,1,0,-1.1281370853709065,6
22230015,17,5,3,44,10,-3,1,1,1,0,-1.1281370853709065,5
22230015,17,5,4,10,44,1,1,1,1,0,1.1281370853709065,4
22230015,17,5,5,44,10,-4,1,1,1,0,-1.1281370853709065,3
22230015,17,5,6,10,44,3,1,1,1,0,1.1281370853709065,2
22230015,17,5,7,10,44,2,1,1,1,0,1.1281370853709065,1
22230015,17,5,8,44,10,-3,1,1,1,1,-1.1281370853709065,0
22230015,18,1,1,51,19,0,1,1,1,0,-1.694170828186368,7
22230015,18,1,2,19,51,-1,1,1,1,0,1.694170828186368,6
22230015,18,1,3,19,51,-3,1,1,1,0,1.694170828186368,5
22230015,18,1,4,51,19,1,1,1,1,0,-1.694170828186368,4
22230015,18,1,5,51,19,0,1,1,1,0,-1.694170828186368,3
22230015,18,1,6,19,51,-3,1,1,1,1,1.694170828186368,2
22230015,18,1,7,51,19,1,1,1,0,1,-1.694170828186368,1
22230015,18,2,1,23,28,0,1,1,1,0,-0.64802017763624,7
22230015,18,2,2,23,28,-1,1,1,1,0,-0.64802017763624,6
22230015,18,2,3,23,28,-2,1,1,1,0,-0.64802017763624,5
22230015,18,2,4,28,23,1,1,1,1,0,0.64802017763624,4
22230015,18,2,5,23,28,-6,1,1,1,0,-0.64802017763624,3
22230015,18,2,6,28,23,5,1,1,1,0,0.64802017763624,2
22230015,18,3,1,34,20,0,1,1,1,0,-1.924136156150976,7
22230015,18,3,2,20,34,-3,1,1,1,0,1.924136156150976,6
22230015,18,3,3,34,20,1,1,1,1,0,-1.924136156150976,5
22230015,18,3,4,20,34,-2,1,1,1,0,1.924136156150976,4
22230015,18,3,5,34,20,-2,1,1,1,0,-1.924136156150976,3
22230015,18,3,6,20,34,0,1,1,1,0,1.924136156150976,2
22230015,18,3,7,34,20,-1,1,1,1,1,-1.924136156150976,1
22230015,18,3,8,20,34,-1,1,1,0,1,1.924136156150976,0
22230015,18,4,1,17,15,0,1,1,1,0,1.8413016179545427,7
22230015,18,4,2,15,17,-1,1,1,1,0,-1.8413016179545427,6
22230015,18,4,3,17,15,0,1,1,1,0,1.8413016179545427,5
22230015,18,4,4,17,15,-1,1,1,1,0,1.8413016179545427,4
22230015,18,4,5,15,17,0,1,1,1,0,-1.8413016179545427,3
22230015,18,4,6,15,17,-3,1,1,1,1,-1.8413016179545427,2
22230015,18,4,7,17,15,1,1,1,0,1,1.8413016179545427,1
22230015,18,5,1,16,18,0,1,1,1,0,0.34141516777814324,7
22230015,18,5,2,16,18,-1,1,1,1,0,0.34141516777814324,6
22230015,18,5,3,16,18,-2,1,1,1,0,0.34141516777814324,5
22230015,18,5,4,16,18,-5,1,1,1,1,0.34141516777814324,4
22230015,18,5,6,18,16,6,1,1,0,0,-0.34141516777814324,2
22230015,41,1,1,20,14,0,1,1,1,0,-0.2813088811622775,7
22230015,41,1,2,14,20,-2,1,1,1,0,0.2813088811622775,6
22230015,41,1,3,20,14,1,1,1,1,0,-0.2813088811622775,5
22230015,41,1,4,14,20,-5,1,1,1,1,0.2813088811622775,4
22230015,41,1,5,20,14,3,1,1,0,0,-0.2813088811622775,3
22230015,41,1,6,20,14,2,1,1,0,0,-0.2813088811622775,2
22230015,41,1,8,20,14,2,1,1,0,1,-0.2813088811622775,0
22230015,41,2,1,37,17,0,1,1,1,0,-0.18509194676596752,7
22230015,41,2,2,17,37,-1,1,1,1,0,0.18509194676596752,6
22230015,41,2,3,37,17,0,1,1,1,0,-0.18509194676596752,5
22230015,41,2,4,17,37,-1,1,1,1,0,0.18509194676596752,4
22230015,41,2,5,37,17,-2,1,1,1,0,-0.18509194676596752,3
22230015,41,2,6,37,17,-3,1,1,1,1,-0.18509194676596752,2
22230015,41,2,7,17,37,1,1,1,0,1,0.18509194676596752,1
22230015,45,1,1,15,22,0,1,1,1,0,-0.6724194649109552,7
22230015,45,1,2,22,15,-1,1,1,1,0,0.6724194649109552,6
22230015,45,1,3,22,15,-2,1,1,1,0,0.6724194649109552,5
22230015,45,1,4,15,22,1,1,1,1,0,-0.6724194649109552,4
22230015,45,1,5,15,22,0,1,1,1,0,-0.6724194649109552,3
22230015,45,1,6,15,22,-1,1,1,1,0,-0.6724194649109552,2
22230015,45,1,7,15,22,-2,1,1,1,1,-0.6724194649109552,1
22230015,45,1,8,22,15,1,1,1,0,1,0.6724194649109552,0
22230015,45,2,1,28,44,0,1,1,1,0,-0.9742055764776194,7
22230015,45,2,2,28,44,-2,1,1,1,0,-0.9742055764776194,6
22230015,45,2,3,44,28,0,1,1,1,0,0.9742055764776194,5
22230015,45,2,4,44,28,-1,1,1,1,0,0.9742055764776194,4
22230015,45,2,5,28,44,-2,1,1,1,0,-0.9742055764776194,3
22230015,45,2,6,44,28,1,1,1,1,0,0.9742055764776194,2
22230015,45,2,7,28,44,-3,1,1,1,1,-0.9742055764776194,1
22230015,45,2,8,44,28,1,1,1,0,1,0.9742055764776194,0
22230015,46,1,1,10,20,0,1,1,1,0,0.350208680623743,7
22230015,46,1,2,10,20,-1,1,1,1,0,0.350208680623743,6
22230015,46,1,3,20,10,0,1,1,1,0,-0.350208680623743,5
22230015,46,1,4,10,20,-1,1,1,1,0,0.350208680623743,4
22230015,46,1,5,20,10,0,1,1,1,0,-0.350208680623743,3
22230015,46,1,6,10,20,-1,1,1,1,0,0.350208680623743,2
22230015,46,1,7,10,20,-2,1,1,1,1,0.350208680623743,1
22230015,46,2,1,16,17,0,1,1,1,0,-0.24505009902619024,7
22230015,46,2,2,17,16,-1,1,1,1,0,0.24505009902619024,6
22230015,46,2,3,16,17,0,1,1,1,0,-0.24505009902619024,5
22230015,46,2,4,17,16,-1,1,1,1,0,0.24505009902619024,4
22230015,46,2,5,16,17,0,1,1,1,0,-0.24505009902619024,3
22230015,46,2,6,17,16,-1,1,1,1,1,0.24505009902619024,2
22230015,46,2,7,16,17,-1,1,1,0,1,-0.24505009902619024,1
22230015,48,1,1,10,17,0,1,1,1,0,-0.005290240588943229,7
22230015,48,1,2,10,17,-1,1,1,1,0,-0.005290240588943229,6
22230015,48,1,3,17,10,0,1,1,1,0,0.005290240588943229,5
22230015,48,1,4,10,17,-1,1,1,1,0,-0.005290240588943229,4
22230015,48,1,5,10,17,-2,1,1,1,0,-0.005290240588943229,3
22230015,48,1,6,10,17,-3,1,1,1,1,-0.005290240588943229,2
22230015,48,1,7,17,10,2,1,1,0,1,0.005290240588943229,1
22230015,49,1,1,16,20,0,1,1,1,0,0.11044882218649599,7
22230015,49,1,2,16,20,-1,1,1,1,0,0.11044882218649599,6
22230015,49,1,3,16,20,-3,1,1,1,0,0.11044882218649599,5
22230015,49,1,4,20,16,2,1,1,1,0,-0.11044882218649599,4
22230015,49,1,5,16,20,-4,1,1,1,1,0.11044882218649599,3
22230015,49,1,7,20,16,4,1,1,0,1,-0.11044882218649599,1
23240026,1,1,1,15,11,0,1,1,1,0,-0.5319282045890555,7
23240026,1,1,2,15,11,-1,1,1,1,0,-0.5319282045890555,6
23240026,1,1,3,11,15,-1,1,1,1,0,0.5319282045890555,5
23240026,1,1,4,15,11,-1,1,1,1,0,-0.5319282045890555,4
23240026,1,1,5,11,15,0,1,1,1,0,0.5319282045890555,3
23240026,1,1,6,15,11,-1,1,1,1,0,-0.5319282045890555,2
23240026,1,1,7,11,15,0,1,1,1,1,0.5319282045890555,1
23240026,1,2,1,34,24,0,1,1,1,0,-2.7584714509367596,7
23240026,1,2,2,34,24,-1,1,1,1,0,-2.7584714509367596,6
23240026,1,2,3,34,24,-2,1,1,1,0,-2.7584714509367596,5
23240026,1,2,4,34,24,-3,1,1,1,0,-2.7584714509367596,4
23240026,1,2,5,24,34,2,1,1,1,0,2.7584714509367596,3
23240026,1,2,6,34,24,-3,1,1,1,1,-2.7584714509367596,2
23240026,1,2,7,24,34,2,1,1,0,0,2.7584714509367596,1
23240026,1,3,1,37,51,0,1,1,1,0,1.7230876854066803,7
23240026,1,3,2,51,37,-4,1,1,1,0,-1.7230876854066803,6
23240026,1,3,3,37,51,3,1,1,1,0,1.7230876854066803,5
23240026,1,3,4,37,51,1,1,1,1,0,1.7230876854066803,4
23240026,1,3,5,51,37,-2,1,1,1,0,-1.7230876854066803,3
23240026,1,3,6,37,51,1,1,1,1,1,1.7230876854066803,2
23240026,1,3,7,51,37,-3,1,1,0,1,-1.7230876854066803,1
23240026,1,4,1,13,18,0,1,1,1,0,-1.3354952737973893,7
23240026,1,4,2,13,18,-1,1,1,1,0,-1.3354952737973893,6
23240026,1,4,3,18,13,-1,1,1,1,0,1.3354952737973893,5
23240026,1,4,4,13,18,0,1,1,1,0,-1.3354952737973893,4
23240026,1,4,5,18,13,-1,1,1,1,0,1.3354952737973893,3
23240026,1,4,6,13,18,-2,1,1,1,1,-1.3354952737973893,2
23240026,1,4,7,18,13,1,1,1,0,1,1.3354952737973893,1
23240026,1,5,1,16,17,0,1,1,1,0,-0.24505009902619024,7
23240026,1,5,2,17,16,-1,1,1,1,0,0.24505009902619024,6
23240026,1,5,3,17,16,-2,1,1,1,0,0.24505009902619024,5
23240026,1,5,4,16,17,1,1,1,1,0,-0.24505009902619024,4
23240026,1,5,5,16,17,0,1,1,1,0,-0.24505009902619024,3
23240026,1,5,6,16,17,-1,1,1,1,1,-0.24505009902619024,2
23240026,1,5,7,17,16,-1,1,1,0,1,0.24505009902619024,1
23240026,2,1,1,22,14,0,1,1,1,0,-1.0946921129931788,7
23240026,2,1,2,14,22,-1,1,1,1,0,1.0946921129931788,6
23240026,2,1,3,14,22,-2,1,1,1,0,1.0946921129931788,5
23240026,2,1,4,14,22,-3,1,1,1,0,1.0946921129931788,4
23240026,2,1,5,22,14,2,1,1,1,0,-1.0946921129931788,3
23240026,2,1,6,22,14,0,1,1,1,1,-1.0946921129931788,2
23240026,2,2,1,25,43,0,1,1,1,0,0.1037458514695827,7
23240026,2,2,2,43,25,-1,1,1,1,0,-0.1037458514695827,6
23240026,2,2,3,25,43,-2,1,1,1,0,0.1037458514695827,5
23240026,2,2,4,43,25,1,1,1,1,0,-0.1037458514695827,4
23240026,2,2,5,25,43,-3,1,1,1,0,0.1037458514695827,3
23240026,2,2,6,43,25,2,1,1,1,1,-0.1037458514695827,2
23240026,2,2,7,25,43,-3,1,1,0,1,0.1037458514695827,1
23240026,2,3,1,20,19,0,1,1,1,0,-0.14149011722640636,7
23240026,2,3,2,20,19,-1,1,1,1,0,-0.14149011722640636,6
23240026,2,3,3,19,20,0,1,1,1,0,0.14149011722640636,5
23240026,2,3,4,19,20,-2,1,1,1,0,0.14149011722640636,4
23240026,2,3,5,20,19,0,1,1,1,0,-0.14149011722640636,3
23240026,2,3,6,19,20,-1,1,1,1,1,0.14149011722640636,2
23240026,2,3,7,20,19,-1,1,1,0,1,-0.14149011722640636,1
23240026,2,4,1,10,30,0,1,1,1,0,1.4415945821139156,7
23240026,2,4,2,30,10,-2,1,1,1,0,-1.4415945821139156,6
23240026,2,4,3,30,10,-4,1,1,1,0,-1.4415945821139156,5
23240026,2,4,4,10,30,3,1,1,1,0,1.4415945821139156,4
23240026,2,4,5,30,10,-5,1,1,1,1,-1.4415945821139156,3
23240026,2,5,1,44,46,0,1,1,1,0,-0.419623550475955,7
23240026,2,5,2,44,46,-1,1,1,1,0,-0.419623550475955,6
23240026,2,5,3,46,44,0,1,1,1,0,0.419623550475955,5
23240026,2,5,4,44,46,-1,1,1,1,0,-0.419623550475955,4
23240026,2,5,5,44,46,-3,1,1,1,0,-0.419623550475955,3
23240026,2,5,6,46,44,2,1,1,1,0,0.419623550475955,2
23240026,2,5,7,46,44,0,1,1,1,1,0.419623550475955,1
23240026,3,1,1,18,24,0,1,1,1,0,-1.065301640377431,7
23240026,3,1,2,24,18,-2,1,1,1,0,1.065301640377431,6
23240026,3,1,3,18,24,1,1,1,1,0,-1.065301640377431,5
23240026,3,1,4,24,18,-2,1,1,1,0,1.065301640377431,4
23240026,3,1,5,18,24,1,1,1,1,0,-1.065301640377431,3
23240026,3,1,6,24,18,-2,1,1,1,1,1.065301640377431,2
23240026,3,1,7,18,24,0,1,1,0,1,-1.065301640377431,1
23240026,3,2,1,15,13,0,1,1,1,0,0.08065892264718011,7
23240026,3,2,2,13,15,-2,1,1,1,0,-0.08065892264718011,6
23240026,3,2,3,13,15,-4,1,1,1,0,-0.08065892264718011,5
23240026,3,2,4,13,15,-5,1,1,1,1,-0.08065892264718011,4
23240026,3,2,5,15,13,3,1,1,0,0,0.08065892264718011,3
23240026,3,2,7,15,13,2,1,1,0,1,0.08065892264718011,1
23240026,3,3,1,17,11,0,1,1,1,0,1.309373413365487,7
23240026,3,3,2,11,17,-1,1,1,1,0,-1.309373413365487,6
23240026,3,3,3,17,11,-2,1,1,1,0,1.309373413365487,5
23240026,3,3,4,11,17,1,1,1,1,0,-1.309373413365487,4
23240026,3,3,5,17,11,-3,1,1,1,1,1.309373413365487,3
23240026,3,3,6,11,17,0,1,1,0,1,-1.309373413365487,2
23240026,3,4,1,37,16,0,1,1,1,0,0.05995815226022272,7
23240026,3,4,2,16,37,-2,1,1,1,0,-0.05995815226022272,6
23240026,3,4,3,37,16,1,1,1,1,0,0.05995815226022272,5
23240026,3,4,4,37,16,0,1,1,1,0,0.05995815226022272,4
23240026,3,4,5,16,37,-1,1,1,1,0,-0.05995815226022272,3
23240026,3,4,6,37,16,-1,1,1,1,1,0.05995815226022272,2
23240026,3,4,7,16,37,0,1,1,0,1,-0.05995815226022272,1
23240026,3,5,1,34,51,0,1,1,1,0,-0.37145544519101426,7
23240026,3,5,2,34,51,-1,1,1,1,0,-0.37145544519101426,6
23240026,3,5,3,51,34,0,1,1,1,0,0.37145544519101426,5
23240026,3,5,4,51,34,-1,1,1,1,0,0.37145544519101426,4
23240026,3,5,5,34,51,-1,1,1,1,0,-0.37145544519101426,3
23240026,3,5,6,34,51,-2,1,1,1,1,-0.37145544519101426,2
23240026,3,5,7,51,34,1,1,1,0,1,0.37145544519101426,1
23240026,4,1,1,25,30,0,1,1,1,0,-0.13407619701023915,7
23240026,4,1,2,25,30,-1,1,1,1,0,-0.13407619701023915,6
23240026,4,1,3,30,25,-1,1,1,1,0,0.13407619701023915,5
23240026,4,1,4,30,25,-2,1,1,1,0,0.13407619701023915,4
23240026,4,1,5,30,25,-3,1,1,1,0,0.13407619701023915,3
23240026,4,1,6,30,25,-4,1,1,1,1,0.13407619701023915,2
23240026,4,2,1,22,10,0,1,1,1,0,-1.1635919124546443,7
23240026,4,2,2,22,10,-2,1,1,1,0,-1.1635919124546443,6
23240026,4,2,3,10,22,1,1,1,1,0,1.1635919124546443,5
23240026,4,2,4,22,10,-5,1,1,1,1,-1.1635919124546443,4
23240026,4,2,5,10,22,4,1,1,0,0,1.1635919124546443,3
23240026,4,2,6,10,22,3,1,1,0,0,1.1635919124546443,2
23240026,4,3,1,14,44,0,1,1,1,0,1.059237285909441,7
23240026,4,3,2,14,44,-1,1,1,1,0,1.059237285909441,6
23240026,4,3,3,14,44,-2,1,1,1,0,1.059237285909441,5
23240026,4,3,4,14,44,-3,1,1,1,0,1.059237285909441,4
23240026,4,3,5,44,14,2,1,1,1,0,-1.059237285909441,3
23240026,4,3,6,14,44,-3,1,1,1,1,1.059237285909441,2
23240026,4,3,7,44,14,0,1,1,0,1,-1.059237285909441,1
23240026,4,4,1,46,20,0,1,1,1,0,-0.35830485427120845,7
23240026,4,4,2,46,20,-1,1,1,1,0,-0.35830485427120845,6
23240026,4,4,3,20,46,-1,1,1,1,0,0.35830485427120845,5
23240026,4,4,4,46,20,0,1,1,1,0,-0.35830485427120845,4
23240026,4,4,5,46,20,-2,1,1,1,0,-0.35830485427120845,3
23240026,4,4,6,20,46,0,1,1,1,1,0.35830485427120845,2
23240026,4,4,7,46,20,-4,1,1,0,1,-0.35830485427120845,1
23240026,4,5,1,19,43,0,1,1,1,0,1.470698067196401,7
23240026,4,5,2,43,19,-1,1,1,1,0,-1.470698067196401,6
23240026,4,5,3,43,19,-5,1,1,1,0,-1.470698067196401,5
23240026,4,5,4,19,43,2,1,1,1,0,1.470698067196401,4
23240026,4,5,5,43,19,-4,1,1,1,0,-1.470698067196401,3
23240026,4,5,6,43,19,-5,1,1,1,0,-1.470698067196401,2
23240026,5,1,1,37,34,0,1,1,1,0,2.0945431305976947,7
23240026,5,1,2,34,37,-4,1,1,1,0,-2.0945431305976947,6
23240026,5,1,3,37,34,3,1,1,1,0,2.0945431305976947,5
23240026,5,1,4,34,37,-3,1,1,1,0,-2.0945431305976947,4
23240026,5,1,5,37,34,2,1,1,1,0,2.0945431305976947,3
23240026,5,1,6,34,37,-4,1,1,1,1,-2.0945431305976947,2
23240026,5,2,1,16,11,0,1,1,1,0,1.0643233143392967,7
23240026,5,2,2,16,11,-1,1,1,1,0,1.0643233143392967,6
23240026,5,2,3,11,16,0,1,1,1,0,-1.0643233143392967,5
23240026,5,2,4,16,11,-1,1,1,1,0,1.0643233143392967,4
23240026,5,2,5,11,16,-1,1,1,1,0,-1.0643233143392967,3
23240026,5,2,6,11,16,-2,1,1,1,1,-1.0643233143392967,2
23240026,5,2,7,16,11,1,1,1,0,1,1.0643233143392967,1
23240026,5,3,1,18,15,0,1,1,1,0,1.2548363511502092,7
23240026,5,3,2,15,18,-4,1,1,1,0,-1.2548363511502092,6
23240026,5,3,3,15,18,-5,1,1,1,0,-1.2548363511502092,5
23240026,5,3,4,15,18,-6,1,1,1,0,-1.2548363511502092,4
23240026,5,3,5,18,15,5,1,1,1,0,1.2548363511502092,3
23240026,5,3,6,18,15,3,1,1,1,0,1.2548363511502092,2
23240026,5,3,7,15,18,-4,1,1,1,1,-1.2548363511502092,1
23240026,5,4,1,17,51,0,1,1,1,0,1.908179632172648,7
23240026,5,4,2,51,17,0,1,1,1,0,-1.908179632172648,6
23240026,5,4,3,51,17,-3,1,1,1,0,-1.908179632172648,5
23240026,5,4,4,17,51,2,1,1,1,0,1.908179632172648,4
23240026,5,4,5,17,51,1,1,1,1,0,1.908179632172648,3
23240026,5,4,6,51,17,-2,1,1,1,1,-1.908179632172648,2
23240026,5,4,7,17,51,0,1,1,0,1,1.908179632172648,1
23240026,5,5,1,13,24,0,1,1,1,0,-2.40079691417482,7
23240026,5,5,2,24,13,-3,1,1,1,0,2.40079691417482,6
23240026,5,5,3,13,24,-2,1,1,1,0,-2.40079691417482,5
23240026,5,5,4,13,24,-3,1,1,1,0,-2.40079691417482,4
23240026,5,5,5,13,24,-4,1,1,1,1,-2.40079691417482,3
23240026,5,5,6,24,13,1,1,1,0,0,2.40079691417482,2
23240026,6,1,1,43,20,0,1,1,1,0,-1.3292079499699945,7
23240026,6,1,2,20,43,-1,1,1,1,0,1.3292079499699945,6
23240026,6,1,3,20,43,-2,1,1,1,0,1.3292079499699945,5
23240026,6,1,4,43,20,1,1,1,1,0,-1.3292079499699945,4
23240026,6,1,5,20,43,-4,1,1,1,1,1.3292079499699945,3
23240026,6,1,6,43,20,1,1,1,0,1,-1.3292079499699945,2
23240026,6,2,1,14,46,0,1,1,1,0,0.6396137354334859,7
23240026,6,2,2,46,14,-1,1,1,1,0,-0.6396137354334859,6
23240026,6,2,3,14,46,0,1,1,1,0,0.6396137354334859,5
23240026,6,2,4,14,46,-1,1,1,1,0,0.6396137354334859,4
23240026,6,2,5,46,14,0,1,1,1,0,-0.6396137354334859,3
23240026,6,2,6,14,46,-1,1,1,1,0,0.6396137354334859,2
23240026,6,2,7,46,14,0,1,1,1,1,-0.6396137354334859,1
23240026,6,3,1,22,30,0,1,1,1,0,0.27800266965927134,7
23240026,6,3,2,30,22,-3,1,1,1,0,-0.27800266965927134,6
23240026,6,3,3,22,30,1,1,1,1,0,0.27800266965927134,5
23240026,6,3,4,22,30,0,1,1,1,0,0.27800266965927134,4
23240026,6,3,5,30,22,-1,1,1,1,0,-0.27800266965927134,3
23240026,6,3,6,30,22,-2,1,1,1,1,-0.27800266965927134,2
23240026,6,3,7,22,30,1,1,1,0,0,0.27800266965927134,1
23240026,6,3,8,22,30,-1,1,1,0,1,0.27800266965927134,0
23240026,6,4,1,19,44,0,1,1,1,0,0.9194185219735699,7
23240026,6,4,2,44,19,-1,1,1,1,0,-0.9194185219735699,6
23240026,6,4,3,44,19,-2,1,1,1,0,-0.9194185219735699,5
23240026,6,4,4,19,44,1,1,1,1,0,0.9194185219735699,4
23240026,6,4,5,19,44,0,1,1,1,0,0.9194185219735699,3
23240026,6,4,6,44,19,-3,1,1,1,1,-0.9194185219735699,2
23240026,6,4,7,19,44,0,1,1,0,1,0.9194185219735699,1
23240026,6,5,1,10,25,0,1,1,1,0,1.5756707791241547,7
23240026,6,5,2,25,10,-2,1,1,1,0,-1.5756707791241547,6
23240026,6,5,3,25,10,-4,1,1,1,0,-1.5756707791241547,5
23240026,6,5,4,25,10,-6,1,1,1,1,-1.5756707791241547,4
23240026,7,1,1,13,17,0,1,1,1,0,-1.9219605406017228,7
23240026,7,1,2,17,13,-1,1,1,1,0,1.9219605406017228,6
23240026,7,1,3,13,17,0,1,1,1,0,-1.9219605406017228,5
23240026,7,1,4,13,17,-1,1,1,1,0,-1.9219605406017228,4
23240026,7,1,5,13,17,-2,1,1,1,0,-1.9219605406017228,3
23240026,7,1,6,13,17,-4,1,1,1,1,-1.9219605406017228,2
23240026,7,2,1,18,51,0,1,1,1,0,1.3217143653683145,7
23240026,7,2,2,51,18,-3,1,1,1,0,-1.3217143653683145,6
23240026,7,2,3,51,18,-5,1,1,1,1,-1.3217143653683145,5
23240026,7,2,5,18,51,6,1,1,0,0,1.3217143653683145,3
23240026,7,3,1,16,24,0,1,1,1,0,-0.7238864725992876,7
23240026,7,3,2,16,24,-1,1,1,1,0,-0.7238864725992876,6
23240026,7,3,3,16,24,-2,1,1,1,0,-0.7238864725992876,5
23240026,7,3,4,24,16,1,1,1,1,0,0.7238864725992876,4
23240026,7,3,5,16,24,-3,1,1,1,1,-0.7238864725992876,3
23240026,7,3,7,24,16,3,1,1,0,0,0.7238864725992876,1
23240026,7,4,1,37,11,0,1,1,1,0,1.1242814665995196,7
23240026,7,4,2,11,37,-2,1,1,1,0,-1.1242814665995196,6
23240026,7,4,3,37,11,0,1,1,1,0,1.1242814665995196,5
23240026,7,4,4,11,37,-1,1,1,1,0,-1.1242814665995196,4
23240026,7,4,5,37,11,0,1,1,1,0,1.1242814665995196,3
23240026,7,4,6,11,37,-4,1,1,1,1,-1.1242814665995196,2
23240026,7,4,7,37,11,2,1,1,0,1,1.1242814665995196,1
23240026,7,5,1,15,34,0,1,1,1,0,0.4383334594091196,7
23240026,7,5,2,34,15,-2,1,1,1,0,-0.4383334594091196,6
23240026,7,5,3,15,34,1,1,1,1,0,0.4383334594091196,5
23240026,7,5,4,34,15,-3,1,1,1,0,-0.4383334594091196,4
23240026,7,5,5,15,34,2,1,1,1,0,0.4383334594091196,3
23240026,7,5,6,34,15,-4,1,1,1,1,-0.4383334594091196,2
23240026,7,5,7,15,34,3,1,1,0,1,0.4383334594091196,1
23240026,8,1,1,44,10,0,1,1,1,0,-1.1281370853709065,7
23240026,8,1,2,10,44,-1,1,1,1,0,1.1281370853709065,6
23240026,8,1,3,10,44,-2,1,1,1,0,1.1281370853709065,5
23240026,8,1,4,10,44,-3,1,1,1,0,1.1281370853709065,4
23240026,8,1,5,44,10,0,1,1,1,0,-1.1281370853709065,3
23240026,8,1,6,44,10,-2,1,1,1,0,-1.1281370853709065,2
23240026,8,1,7,10,44,1,1,1,1,1,1.1281370853709065,1
23240026,8,1,8,44,10,-2,1,1,0,1,-1.1281370853709065,0
23240026,8,2,1,19,30,0,1,1,1,0,1.232876018716579,7
23240026,8,2,2,30,19,-1,1,1,1,0,-1.232876018716579,6
23240026,8,2,3,30,19,-4,1,1,1,0,-1.232876018716579,5
23240026,8,2,4,30,19,-5,1,1,1,1,-1.232876018716579,4
23240026,8,2,5,19,30,4,1,1,0,0,1.232876018716579,3
23240026,8,3,1,25,46,0,1,1,1,0,-0.8671572442292033,7
23240026,8,3,2,46,25,-2,1,1,1,0,0.8671572442292033,6
23240026,8,3,3,25,46,1,1,1,1,0,-0.8671572442292033,5
23240026,8,3,4,25,46,0,1,1,1,0,-0.8671572442292033,4
23240026,8,3,5,25,46,-1,1,1,1,0,-0.8671572442292033,3
23240026,8,3,6,46,25,-1,1,1,1,1,0.8671572442292033,2
23240026,8,3,7,25,46,0,1,1,0,1,-0.8671572442292033,1
23240026,8,4,1,14,20,0,1,1,1,0,0.2813088811622775,7
23240026,8,4,2,14,20,-1,1,1,1,0,0.2813088811622775,6
23240026,8,4,3,14,20,-2,1,1,1,0,0.2813088811622775,5
23240026,8,4,4,14,20,-4,1,1,1,0,0.2813088811622775,4
23240026,8,4,5,14,20,-8,1,1,1,1,0.2813088811622775,3
23240026,8,4,6,20,14,6,1,1,0,1,-0.2813088811622775,2
23240026,8,5,1,22,43,0,1,1,1,0,0.5158247181390933,7
23240026,8,5,2,43,22,-3,1,1,1,0,-0.5158247181390933,6
23240026,8,5,3,43,22,-5,1,1,1,1,-0.5158247181390933,5
23240026,8,5,6,22,43,6,1,1,0,0,0.5158247181390933,2
23240026,9,1,1,51,24,0,1,1,1,0,-2.3870160057457452,7
23240026,9,1,2,24,51,-1,1,1,1,0,2.3870160057457452,6
23240026,9,1,3,51,24,-1,1,1,1,0,-2.3870160057457452,5
23240026,9,1,4,51,24,-3,1,1,1,0,-2.3870160057457452,4
23240026,9,1,5,24,51,2,1,1,1,0,2.3870160057457452,3
23240026,9,1,6,51,24,-3,1,1,1,1,-2.3870160057457452,2
23240026,9,1,7,24,51,2,1,1,0,1,2.3870160057457452,1
23240026,9,2,1,17,15,0,1,1,1,0,1.8413016179545427,7
23240026,9,2,2,15,17,-3,1,1,1,0,-1.8413016179545427,6
23240026,9,2,3,17,15,2,1,1,1,0,1.8413016179545427,5
23240026,9,2,4,15,17,-4,1,1,1,0,-1.8413016179545427,4
23240026,9,2,5,17,15,3,1,1,1,0,1.8413016179545427,3
23240026,9,2,6,17,15,2,1,1,1,1,1.8413016179545427,2
23240026,9,2,7,15,17,-3,1,1,0,1,-1.8413016179545427,1
23240026,9,3,1,11,13,0,1,1,1,0,0.6125871272362357,7
23240026,9,3,2,13,11,-3,1,1,1,0,-0.6125871272362357,6
23240026,9,3,3,11,13,-1,1,1,1,0,0.6125871272362357,5
23240026,9,3,4,13,11,-3,1,1,1,0,-0.6125871272362357,4
23240026,9,3,5,11,13,2,1,1,1,0,0.6125871272362357,3
23240026,9,3,6,13,11,-3,1,1,1,1,-0.6125871272362357,2
23240026,9,3,7,11,13,0,1,1,0,1,0.6125871272362357,1
23240026,9,4,1,16,34,0,1,1,1,0,2.034584978337472,7
23240026,9,4,2,34,16,-2,1,1,1,0,-2.034584978337472,6
23240026,9,4,3,34,16,-4,1,1,1,0,-2.034584978337472,5
23240026,9,4,4,34,16,-6,1,1,1,1,-2.034584978337472,4
23240026,9,4,5,16,34,5,1,1,0,1,2.034584978337472,3
23240026,9,5,1,18,37,0,1,1,1,0,-0.40137332003836595,7
23240026,9,5,2,37,18,-2,1,1,1,0,0.40137332003836595,6
23240026,9,5,3,18,37,1,1,1,1,0,-0.40137332003836595,5
23240026,9,5,4,37,18,-3,1,1,1,0,0.40137332003836595,4
23240026,9,5,5,37,18,-4,1,1,1,1,0.40137332003836595,3
23240026,9,5,6,18,37,1,1,1,0,0,-0.40137332003836595,2
23240026,10,1,1,19,25,0,1,1,1,0,1.3669522157268181,7
23240026,10,1,2,25,19,-1,1,1,1,0,-1.3669522157268181,6
23240026,10,1,3,25,19,-2,1,1,1,0,-1.3669522157268181,5
23240026,10,1,4,19,25,1,1,1,1,0,1.3669522157268181,4
23240026,10,1,5,25,19,-3,1,1,1,0,-1.3669522157268181,3
23240026,10,1,6,19,25,2,1,1,1,1,1.3669522157268181,2
23240026,10,1,7,25,19,-3,1,1,0,1,-1.3669522157268181,1
23240026,10,2,1,44,22,0,1,1,1,0,0.035454827083737775,7
23240026,10,2,2,22,44,-5,1,1,1,0,-0.035454827083737775,6
23240026,10,2,3,44,22,4,1,1,1,0,0.035454827083737775,5
23240026,10,2,4,44,22,3,1,1,1,0,0.035454827083737775,4
23240026,10,2,5,22,44,-4,1,1,1,1,-0.035454827083737775,3
23240026,10,2,6,44,22,3,1,1,0,0,0.035454827083737775,2
23240026,10,3,1,10,14,0,1,1,1,0,0.06889979946146552,7
23240026,10,3,2,10,14,-1,1,1,1,0,0.06889979946146552,6
23240026,10,3,3,14,10,-2,1,1,1,0,-0.06889979946146552,5
23240026,10,3,4,14,10,-3,1,1,1,0,-0.06889979946146552,4
23240026,10,3,5,10,14,2,1,1,1,0,0.06889979946146552,3
23240026,10,3,6,14,10,-4,1,1,1,1,-0.06889979946146552,2
23240026,10,3,7,10,14,1,1,1,0,1,0.06889979946146552,1
23240026,10,4,1,46,43,0,1,1,1,0,0.9709030956987861,7
23240026,10,4,2,43,46,-1,1,1,1,0,-0.9709030956987861,6
23240026,10,4,3,43,46,-2,1,1,1,0,-0.9709030956987861,5
23240026,10,4,4,43,46,-3,1,1,1,0,-0.9709030956987861,4
23240026,10,4,5,46,43,2,1,1,1,0,0.9709030956987861,3
23240026,10,4,6,46,43,1,1,1,1,0,0.9709030956987861,2
23240026,10,4,7,43,46,-3,1,1,1,1,-0.9709030956987861,1
23240026,10,4,8,46,43,1,1,1,0,1,0.9709030956987861,0
23240026,10,5,1,20,30,0,1,1,1,0,1.0913859014901726,7
23240026,10,5,2,30,20,-1,1,1,1,0,-1.0913859014901726,6
23240026,10,5,3,20,30,-1,1,1,1,0,1.0913859014901726,5
23240026,10,5,4,30,20,0,1,1,1,0,-1.0913859014901726,4
23240026,10,5,5,30,20,-1,1,1,1,0,-1.0913859014901726,3
23240026,10,5,6,30,20,-2,1,1,1,1,-1.0913859014901726,2
23240026,10,5,7,20,30,1,1,1,0,1,1.0913859014901726,1
23240026,11,1,1,17,37,0,1,1,1,0,0.18509194676596752,7
23240026,11,1,2,37,17,-1,1,1,1,0,-0.18509194676596752,6
23240026,11,1,3,17,37,0,1,1,1,0,0.18509194676596752,5
23240026,11,1,4,37,17,-5,1,1,1,1,-0.18509194676596752,4
23240026,11,1,5,17,37,4,1,1,0,0,0.18509194676596752,3
23240026,11,1,7,17,37,4,1,1,0,1,0.18509194676596752,1
23240026,11,2,1,11,24,0,1,1,1,0,-1.7882097869385845,7
23240026,11,2,2,11,24,-1,1,1,1,0,-1.7882097869385845,6
23240026,11,2,3,11,24,-3,1,1,1,0,-1.7882097869385845,5
23240026,11,2,4,24,11,2,1,1,1,0,1.7882097869385845,4
23240026,11,2,5,24,11,1,1,1,1,0,1.7882097869385845,3
23240026,11,2,6,11,24,-3,1,1,1,1,-1.7882097869385845,2
23240026,11,2,7,24,11,1,1,1,0,1,1.7882097869385845,1
23240026,11,3,1,18,34,0,1,1,1,0,1.6931698105593287,7
23240026,11,3,2,34,18,-3,1,1,1,0,-1.6931698105593287,6
23240026,11,3,3,34,18,-4,1,1,1,0,-1.6931698105593287,5
23240026,11,3,4,34,18,-5,1,1,1,1,-1.6931698105593287,4
23240026,11,3,5,18,34,4,1,1,0,0,1.6931698105593287,3
23240026,11,4,1,51,13,0,1,1,1,0,0.013780908429074756,7
23240026,11,4,2,13,51,-2,1,1,1,0,-0.013780908429074756,6
23240026,11,4,3,13,51,-4,1,1,1,0,-0.013780908429074756,5
23240026,11,4,4,51,13,3,1,1,1,0,0.013780908429074756,4
23240026,11,4,5,51,13,2,1,1,1,0,0.013780908429074756,3
23240026,11,4,6,13,51,-3,1,1,1,1,-0.013780908429074756,2
23240026,11,4,7,51,13,1,1,1,0,1,0.013780908429074756,1
23240026,11,5,1,15,16,0,1,1,1,0,-1.5962515189283524,7
23240026,11,5,2,15,16,-1,1,1,1,0,-1.5962515189283524,6
23240026,11,5,3,16,15,0,1,1,1,0,1.5962515189283524,5
23240026,11,5,4,15,16,-1,1,1,1,0,-1.5962515189283524,4
23240026,11,5,5,16,15,-1,1,1,1,0,1.5962515189283524,3
23240026,11,5,6,15,16,-1,1,1,1,1,-1.5962515189283524,2
23240026,11,5,7,16,15,0,1,1,0,1,1.5962515189283524,1
23240026,12,1,1,44,20,0,1,1,1,0,-0.7779284047471635,7
23240026,12,1,2,44,20,-1,1,1,1,0,-0.7779284047471635,6
23240026,12,1,3,20,44,-1,1,1,1,0,0.7779284047471635,5
23240026,12,1,4,20,44,-2,1,1,1,0,0.7779284047471635,4
23240026,12,1,5,44,20,1,1,1,1,0,-0.7779284047471635,3
23240026,12,1,6,44,20,0,1,1,1,0,-0.7779284047471635,2
23240026,12,1,7,20,44,-2,1,1,1,1,0.7779284047471635,1
23240026,12,1,8,44,20,0,1,1,0,1,-0.7779284047471635,0
23240026,12,2,1,14,25,0,1,1,1,0,1.5067709796626891,7
23240026,12,2,2,25,14,-2,1,1,1,0,-1.5067709796626891,6
23240026,12,2,3,14,25,1,1,1,1,0,1.5067709796626891,5
23240026,12,2,4,25,14,-3,1,1,1,0,-1.5067709796626891,4
23240026,12,2,5,14,25,1,1,1,1,0,1.5067709796626891,3
23240026,12,2,6,14,25,0,1,1,1,0,1.5067709796626891,2
23240026,12,2,7,14,25,-1,1,1,1,1,1.5067709796626891,1
23240026,12,2,8,25,14,0,1,1,0,1,-1.5067709796626891,0
23240026,12,3,1,30,43,0,1,1,1,0,0.23782204847982186,7
23240026,12,3,2,43,30,-2,1,1,1,0,-0.23782204847982186,6
23240026,12,3,3,30,43,1,1,1,1,0,0.23782204847982186,5
23240026,12,3,4,30,43,-2,1,1,1,0,0.23782204847982186,4
23240026,12,3,5,43,30,1,1,1,1,0,-0.23782204847982186,3
23240026,12,3,6,30,43,-2,1,1,1,1,0.23782204847982186,2
23240026,12,3,7,43,30,1,1,1,0,1,-0.23782204847982186,1
23240026,12,4,1,19,10,0,1,1,1,0,-0.20871856339733663,7
23240026,12,4,2,10,19,-1,1,1,1,0,0.20871856339733663,6
23240026,12,4,3,10,19,-2,1,1,1,0,0.20871856339733663,5
23240026,12,4,4,19,10,1,1,1,1,0,-0.20871856339733663,4
23240026,12,4,5,10,19,-3,1,1,1,0,0.20871856339733663,3
23240026,12,4,6,19,10,1,1,1,1,1,-0.20871856339733663,2
23240026,12,4,7,10,19,-3,1,1,0,1,0.20871856339733663,1
23240026,12,5,1,46,22,0,1,1,1,0,0.4550783775596928,7
23240026,12,5,2,22,46,-1,1,1,1,0,-0.4550783775596928,6
23240026,12,5,3,22,46,-2,1,1,1,0,-0.4550783775596928,5
23240026,12,5,4,46,22,-2,1,1,1,0,0.4550783775596928,4
23240026,12,5,5,46,22,-3,1,1,1,1,0.4550783775596928,3
23240026,12,5,6,22,46,1,1,1,0,1,-0.4550783775596928,2
23240026,13,1,1,13,34,0,1,1,1,0,0.3576745367619395,7
23240026,13,1,2,34,13,-2,1,1,1,0,-0.3576745367619395,6
23240026,13,1,3,13,34,-3,1,1,1,0,0.3576745367619395,5
23240026,13,1,4,34,13,1,1,1,1,0,-0.3576745367619395,4
23240026,13,1,5,13,34,-2,1,1,1,0,0.3576745367619395,3
23240026,13,1,6,13,34,-4,1,1,1,1,0.3576745367619395,2
23240026,13,1,7,34,13,2,1,1,0,0,-0.3576745367619395,1
23240026,13,2,1,51,16,0,1,1,1,0,-1.6631295331464577,7
23240026,13,2,2,16,51,-1,1,1,1,0,1.6631295331464577,6
23240026,13,2,3,51,16,-1,1,1,1,0,-1.6631295331464577,5
23240026,13,2,4,51,16,-2,1,1,1,0,-1.6631295331464577,4
23240026,13,2,5,51,16,-3,1,1,1,1,-1.6631295331464577,3
23240026,13,2,6,16,51,0,1,1,0,1,1.6631295331464577,2
23240026,13,3,1,37,15,0,1,1,1,0,1.656209671188575,7
23240026,13,3,2,15,37,-2,1,1,1,0,-1.656209671188575,6
23240026,13,3,3,37,15,1,1,1,1,0,1.656209671188575,5
23240026,13,3,4,15,37,-2,1,1,1,0,-1.656209671188575,4
23240026,13,3,5,15,37,-4,1,1,1,1,-1.656209671188575,3
23240026,13,3,6,37,15,3,1,1,0,1,1.656209671188575,2
23240026,13,4,1,24,17,0,1,1,1,0,0.4788363735730974,7
23240026,13,4,2,17,24,-1,1,1,1,0,-0.4788363735730974,6
23240026,13,4,3,24,17,-2,1,1,1,0,0.4788363735730974,5
23240026,13,4,4,17,24,1,1,1,1,0,-0.4788363735730974,4
23240026,13,4,5,24,17,-3,1,1,1,0,0.4788363735730974,3
23240026,13,4,6,17,24,2,1,1,1,1,-0.4788363735730974,2
23240026,13,4,8,24,17,-2,1,1,0,1,0.4788363735730974,0
23240026,13,5,1,18,11,0,1,1,1,0,0.7229081465611535,7
23240026,13,5,2,18,11,-1,1,1,1,0,0.7229081465611535,6
23240026,13,5,3,18,11,-2,1,1,1,0,0.7229081465611535,5
23240026,13,5,4,18,11,-3,1,1,1,0,0.7229081465611535,4
23240026,13,5,5,11,18,2,1,1,1,0,-0.7229081465611535,3
23240026,13,5,6,18,11,-4,1,1,1,1,0.7229081465611535,2
23240026,13,5,7,11,18,1,1,1,0,1,-0.7229081465611535,1
23240026,14,1,1,10,43,0,1,1,1,0,1.6794166305937375,7
23240026,14,1,2,43,10,-1,1,1,1,0,-1.6794166305937375,6
23240026,14,1,3,10,43,-1,1,1,1,0,1.6794166305937375,5
23240026,14,1,4,43,10,0,1,1,1,0,-1.6794166305937375,4
23240026,14,1,5,10,43,-2,1,1,1,0,1.6794166305937375,3
23240026,14,1,6,43,10,1,1,1,1,1,-1.6794166305937375,2
23240026,14,2,1,19,46,0,1,1,1,0,0.4997949714976148,7
23240026,14,2,2,46,19,-2,1,1,1,0,-0.4997949714976148,6
23240026,14,2,3,19,46,1,1,1,1,0,0.4997949714976148,5
23240026,14,2,4,19,46,0,1,1,1,0,0.4997949714976148,4
23240026,14,2,5,46,19,-1,1,1,1,0,-0.4997949714976148,3
23240026,14,2,6,19,46,-1,1,1,1,1,0.4997949714976148,2
23240026,14,2,7,46,19,-2,1,1,0,1,-0.4997949714976148,1
23240026,14,3,1,20,22,0,1,1,1,0,0.8133832318309012,7
23240026,14,3,2,20,22,-1,1,1,1,0,0.8133832318309012,6
23240026,14,3,3,22,20,0,1,1,1,0,-0.8133832318309012,5
23240026,14,3,4,22,20,-1,1,1,1,0,-0.8133832318309012,4
23240026,14,3,5,20,22,-1,1,1,1,0,0.8133832318309012,3
23240026,14,3,6,20,22,-3,1,1,1,1,0.8133832318309012,2
23240026,14,3,7,22,20,2,1,1,0,0,-0.8133832318309012,1
23240026,14,3,8,22,20,1,1,1,0,1,-0.8133832318309012,0
23240026,14,4,1,25,44,0,1,1,1,0,-0.4475336937532483,7
23240026,14,4,2,25,44,-1,1,1,1,0,-0.4475336937532483,6
23240026,14,4,3,44,25,-2,1,1,1,0,0.4475336937532483,5
23240026,14,4,4,25,44,0,1,1,1,0,-0.4475336937532483,4
23240026,14,4,5,25,44,-1,1,1,1,0,-0.4475336937532483,3
23240026,14,4,6,44,25,0,1,1,1,0,0.4475336937532483,2
23240026,14,4,7,25,44,-1,1,1,1,1,-0.4475336937532483,1
23240026,14,4,8,44,25,-1,1,1,0,1,0.4475336937532483,0
23240026,14,5,1,14,30,0,1,1,1,0,1.37269478265245,7
23240026,14,5,2,30,14,-2,1,1,1,0,-1.37269478265245,6
23240026,14,5,3,14,30,1,1,1,1,0,1.37269478265245,5
23240026,14,5,4,30,14,-2,1,1,1,0,-1.37269478265245,4
23240026,14,5,5,14,30,1,1,1,1,0,1.37269478265245,3
23240026,14,5,6,30,14,-3,1,1,1,1,-1.37269478265245,2
23240026,14,5,7,14,30,2,1,1,0,1,1.37269478265245,1
23240026,15,1,1,15,51,0,1,1,1,0,0.06687801421810535,7
23240026,15,1,2,51,15,-1,1,1,1,0,-0.06687801421810535,6
23240026,15,1,3,15,51,0,1,1,1,0,0.06687801421810535,5
23240026,15,1,4,51,15,-2,1,1,1,0,-0.06687801421810535,4
23240026,15,1,5,51,15,-4,1,1,1,1,-0.06687801421810535,3
23240026,15,1,6,15,51,2,1,1,0,0,0.06687801421810535,2
23240026,15,1,7,15,51,1,1,1,0,1,0.06687801421810535,1
23240026,15,2,1,18,17,0,1,1,1,0,-0.5864652668043335,7
23240026,15,2,2,18,17,-1,1,1,1,0,-0.5864652668043335,6
23240026,15,2,3,17,18,0,1,1,1,0,0.5864652668043335,5
23240026,15,2,4,17,18,-1,1,1,1,0,0.5864652668043335,4
23240026,15,2,5,18,17,-1,1,1,1,0,-0.5864652668043335,3
23240026,15,2,6,17,18,0,1,1,1,1,0.5864652668043335,2
23240026,15,2,7,18,17,-1,1,1,0,1,-0.5864652668043335,1
23240026,15,3,1,16,13,0,1,1,1,0,1.6769104415755325,7
23240026,15,3,2,13,16,-1,1,1,1,0,-1.6769104415755325,6
23240026,15,3,3,13,16,-2,1,1,1,0,-1.6769104415755325,5
23240026,15,3,4,16,13,-2,1,1,1,0,1.6769104415755325,4
23240026,15,3,5,13,16,-1,1,1,1,0,-1.6769104415755325,3
23240026,15,3,6,16,13,0,1,1,1,1,1.6769104415755325,2
23240026,15,3,7,13,16,-1,1,1,0,1,-1.6769104415755325,1
23240026,15,4,1,34,11,0,1,1,1,0,-0.9702616639981752,7
23240026,15,4,2,11,34,-2,1,1,1,0,0.9702616639981752,6
23240026,15,4,3,11,34,-5,1,1,1,1,0.9702616639981752,5
23240026,15,4,4,34,11,2,1,1,0,0,-0.9702616639981752,4
23240026,15,4,6,34,11,1,1,1,0,0,-0.9702616639981752,2
23240026,15,4,7,34,11,-1,1,1,0,1,-0.9702616639981752,1
23240026,15,5,1,37,24,0,1,1,1,0,-0.6639283203390649,7
23240026,15,5,2,24,37,-2,1,1,1,0,0.6639283203390649,6
23240026,15,5,3,37,24,-1,1,1,1,0,-0.6639283203390649,5
23240026,15,5,4,37,24,-2,1,1,1,0,-0.6639283203390649,4
23240026,15,5,5,24,37,0,1,1,1,0,0.6639283203390649,3
23240026,15,5,6,24,37,-1,1,1,1,0,0.6639283203390649,2
23240026,15,5,7,37,24,0,1,1,1,1,-0.6639283203390649,1
23240026,16,1,1,22,19,0,1,1,1,0,-0.9548733490573076,7
23240026,16,1,2,19,22,-1,1,1,1,0,0.9548733490573076,6
23240026,16,1,3,22,19,-2,1,1,1,0,-0.9548733490573076,5
23240026,16,1,4,19,22,1,1,1,1,0,0.9548733490573076,4
23240026,16,1,5,22,19,-4,1,1,1,1,-0.9548733490573076,3
23240026,16,1,6,19,22,3,1,1,0,1,0.9548733490573076,2
23240026,16,2,1,30,44,0,1,1,1,0,-0.31345749674300916,7
23240026,16,2,2,44,30,-2,1,1,1,0,0.31345749674300916,6
23240026,16,2,3,30,44,0,1,1,1,0,-0.31345749674300916,5
23240026,16,2,4,30,44,-2,1,1,1,0,-0.31345749674300916,4
23240026,16,2,5,44,30,1,1,1,1,0,0.31345749674300916,3
23240026,16,2,6,44,30,0,1,1,1,0,0.31345749674300916,2
23240026,16,2,7,44,30,-4,1,1,1,1,0.31345749674300916,1
23240026,16,2,8,30,44,3,1,1,0,1,-0.31345749674300916,0
23240026,16,3,1,10,46,0,1,1,1,0,0.7085135348949514,7
23240026,16,3,2,46,10,-2,1,1,1,0,-0.7085135348949514,6
23240026,16,3,3,46,10,-3,1,1,1,0,-0.7085135348949514,5
23240026,16,3,4,10,46,2,1,1,1,0,0.7085135348949514,4
23240026,16,3,5,46,10,-4,1,1,1,1,-0.7085135348949514,3
23240026,16,3,6,10,46,1,1,1,0,0,0.7085135348949514,2
23240026,16,4,1,14,43,0,1,1,1,0,1.610516831132272,7
23240026,16,4,2,43,14,-1,1,1,1,0,-1.610516831132272,6
23240026,16,4,3,43,14,-2,1,1,1,0,-1.610516831132272,5
23240026,16,4,4,14,43,1,1,1,1,0,1.610516831132272,4
23240026,16,4,5,43,14,-3,1,1,1,1,-1.610516831132272,3
23240026,16,4,6,14,43,1,1,1,0,0,1.610516831132272,2
23240026,16,4,7,14,43,0,1,1,0,1,1.610516831132272,1
23240026,16,5,1,20,25,0,1,1,1,0,1.2254620985004117,7
23240026,16,5,2,25,20,-2,1,1,1,0,-1.2254620985004117,6
23240026,16,5,3,25,20,-4,1,1,1,0,-1.2254620985004117,5
23240026,16,5,4,25,20,-6,1,1,1,1,-1.2254620985004117,4
23240026,17,1,1,18,16,0,1,1,1,0,-0.34141516777814324,7
23240026,17,1,2,18,16,-2,1,1,1,0,-0.34141516777814324,6
23240026,17,1,3,16,18,1,1,1,1,0,0.34141516777814324,5
23240026,17,1,4,16,18,-1,1,1,1,0,0.34141516777814324,4
23240026,17,1,5,18,16,-1,1,1,1,0,-0.34141516777814324,3
23240026,17,1,6,18,16,-2,1,1,1,1,-0.34141516777814324,2
23240026,17,1,7,16,18,0,1,1,0,1,0.34141516777814324,1
23240026,17,2,1,37,13,0,1,1,1,0,1.736868593835755,7
23240026,17,2,2,37,13,-1,1,1,1,0,1.736868593835755,6
23240026,17,2,3,13,37,0,1,1,1,0,-1.736868593835755,5
23240026,17,2,4,13,37,-1,1,1,1,0,-1.736868593835755,4
23240026,17,2,5,37,13,0,1,1,1,0,1.736868593835755,3
23240026,17,2,6,13,37,-3,1,1,1,1,-1.736868593835755,2
23240026,17,2,7,37,13,2,1,1,0,1,1.736868593835755,1
23240026,17,3,1,17,34,0,1,1,1,0,2.279635077363662,7
23240026,17,3,2,34,17,-3,1,1,1,0,-2.279635077363662,6
23240026,17,3,3,34,17,-4,1,1,1,0,-2.279635077363662,5
23240026,17,3,4,17,34,3,1,1,1,0,2.279635077363662,4
23240026,17,3,5,34,17,-4,1,1,1,1,-2.279635077363662,3
23240026,17,3,6,17,34,3,1,1,0,1,2.279635077363662,2
23240026,17,4,1,15,24,0,1,1,1,0,-2.32013799152764,7
23240026,17,4,2,24,15,-2,1,1,1,0,2.32013799152764,6
23240026,17,4,3,15,24,1,1,1,1,0,-2.32013799152764,5
23240026,17,4,4,24,15,-3,1,1,1,0,2.32013799152764,4
23240026,17,4,5,15,24,1,1,1,1,0,-2.32013799152764,3
23240026,17,4,6,15,24,-2,1,1,1,0,-2.32013799152764,2
23240026,17,4,7,15,24,-3,1,1,1,1,-2.32013799152764,1
23240026,17,4,8,24,15,1,1,1,0,1,2.32013799152764,0
23240026,17,5,1,51,11,0,1,1,1,0,-0.5988062188071609,7
23240026,17,5,2,11,51,-1,1,1,1,0,0.5988062188071609,6
23240026,17,5,3,11,51,-2,1,1,1,0,0.5988062188071609,5
23240026,17,5,4,51,11,-1,1,1,1,0,-0.5988062188071609,4
23240026,17,5,5,51,11,-2,1,1,1,0,-0.5988062188071609,3
23240026,17,5,6,11,51,-1,1,1,1,1,0.5988062188071609,2
23240026,17,5,7,51,11,0,1,1,0,1,-0.5988062188071609,1
23240026,18,1,1,30,46,0,1,1,1,0,-0.7330810472189642,7
23240026,18,1,2,30,46,-1,1,1,1,0,-0.7330810472189642,6
23240026,18,1,3,46,30,0,1,1,1,0,0.7330810472189642,5
23240026,18,1,4,30,46,-1,1,1,1,0,-0.7330810472189642,4
23240026,18,1,5,30,46,-4,1,1,1,1,-0.7330810472189642,3
23240026,18,2,1,20,10,0,1,1,1,0,-0.350208680623743,7
23240026,18,2,2,20,10,-3,1,1,1,0,-0.350208680623743,6
23240026,18,2,3,10,20,2,1,1,1,0,0.350208680623743,5
23240026,18,2,4,20,10,-4,1,1,1,0,-0.350208680623743,4
23240026,18,2,5,10,20,2,1,1,1,0,0.350208680623743,3
23240026,18,2,6,20,10,-3,1,1,1,1,-0.350208680623743,2
23240026,18,2,7,10,20,0,1,1,0,1,0.350208680623743,1
23240026,18,3,1,43,44,0,1,1,1,0,-0.551279545222831,7
23240026,18,3,2,43,44,-1,1,1,1,0,-0.551279545222831,6
23240026,18,3,3,43,44,-2,1,1,1,0,-0.551279545222831,5
23240026,18,3,4,43,44,-3,1,1,1,0,-0.551279545222831,4
23240026,18,3,5,44,43,1,1,1,1,0,0.551279545222831,3
23240026,18,3,6,44,43,-1,1,1,1,0,0.551279545222831,2
23240026,18,3,7,44,43,-2,1,1,1,1,0.551279545222831,1
23240026,18,3,8,43,44,-2,1,1,0,1,-0.551279545222831,0
23240026,18,4,1,25,22,0,1,1,1,0,-0.41207886666951055,7
23240026,18,4,2,22,25,-1,1,1,1,0,0.41207886666951055,6
23240026,18,4,3,22,25,-4,1,1,1,0,0.41207886666951055,5
23240026,18,4,4,25,22,3,1,1,1,0,-0.41207886666951055,4
23240026,18,4,5,22,25,-4,1,1,1,1,0.41207886666951055,3
23240026,18,5,1,19,14,0,1,1,1,0,-0.13981876393587112,7
23240026,18,5,2,19,14,-1,1,1,1,0,-0.13981876393587112,6
23240026,18,5,3,14,19,-1,1,1,1,0,0.13981876393587112,5
23240026,18,5,4,19,14,-1,1,1,1,0,-0.13981876393587112,4
23240026,18,5,5,14,19,0,1,1,1,0,0.13981876393587112,3
23240026,18,5,6,19,14,-2,1,1,1,1,-0.13981876393587112,2
23240026,18,5,7,14,19,1,1,1,0,1,0.13981876393587112,1
23240026,41,1,1,10,37,0,1,1,1,0,0.1798017061770243,7
23240026,41,1,2,37,10,-1,1,1,1,0,-0.1798017061770243,6
23240026,41,1,3,10,37,-1,1,1,1,0,0.1798017061770243,5
23240026,41,1,4,37,10,0,1,1,1,0,-0.1798017061770243,4
23240026,41,1,5,10,37,-1,1,1,1,0,0.1798017061770243,3
23240026,41,1,6,37,10,-1,1,1,1,1,-0.1798017061770243,2
23240026,41,1,7,10,37,0,1,1,0,1,0.1798017061770243,1
23240026,41,2,1,18,14,0,1,1,1,0,-0.5122752267539248,7
23240026,41,2,2,18,14,-1,1,1,1,0,-0.5122752267539248,6
23240026,41,2,3,18,14,-2,1,1,1,0,-0.5122752267539248,5
23240026,41,2,4,14,18,1,1,1,1,0,0.5122752267539248,4
23240026,41,2,5,14,18,0,1,1,1,0,0.5122752267539248,3
23240026,41,2,6,14,18,-2,1,1,1,1,0.5122752267539248,2
23240026,41,2,7,18,14,0,1,1,0,1,-0.5122752267539248,1
23240026,45,1,1,51,22,0,1,1,1,0,-0.7392974791290605,7
23240026,45,1,2,22,51,-1,1,1,1,0,0.7392974791290605,6
23240026,45,1,3,51,22,-2,1,1,1,0,-0.7392974791290605,5
23240026,45,1,4,22,51,1,1,1,1,0,0.7392974791290605,4
23240026,45,1,5,51,22,-3,1,1,1,1,-0.7392974791290605,3
23240026,45,1,6,22,51,1,1,1,0,0,0.7392974791290605,2
23240026,45,2,1,13,46,0,1,1,1,0,-1.208156765117828,7
23240026,45,2,2,13,46,-1,1,1,1,0,-1.208156765117828,6
23240026,45,2,3,46,13,-1,1,1,1,0,1.208156765117828,5
23240026,45,2,4,13,46,0,1,1,1,0,-1.208156765117828,4
23240026,45,2,5,46,13,-1,1,1,1,0,1.208156765117828,3
23240026,45,2,6,13,46,0,1,1,1,0,-1.208156765117828,2
23240026,45,2,7,46,13,-1,1,1,1,1,1.208156765117828,1
23240026,45,2,8,13,46,-3,1,1,0,1,-1.208156765117828,0
23240026,46,1,1,17,37,0,1,1,1,0,0.18509194676596752,7
23240026,46,1,2,17,37,-1,1,1,1,0,0.18509194676596752,6
23240026,46,1,3,37,17,-1,1,1,1,0,-0.18509194676596752,5
23240026,46,1,4,17,37,0,1,1,1,0,0.18509194676596752,4
23240026,46,1,5,37,17,-2,1,1,1,0,-0.18509194676596752,3
23240026,46,1,6,17,37,-1,1,1,1,1,0.18509194676596752,2
23240026,46,1,7,37,17,-1,1,1,0,1,-0.18509194676596752,1
23240026,46,2,1,19,18,0,1,1,1,0,0.3724564628180536,7
23240026,46,2,2,18,19,-1,1,1,1,0,-0.3724564628180536,6
23240026,46,2,3,19,18,0,1,1,1,0,0.3724564628180536,5
23240026,46,2,4,19,18,-1,1,1,1,0,0.3724564628180536,4
23240026,46,2,5,18,19,-1,1,1,1,0,-0.3724564628180536,3
23240026,46,2,6,19,18,0,1,1,1,1,0.3724564628180536,2
23240026,46,2,7,18,19,-2,1,1,0,1,-0.3724564628180536,1
23240026,48,1,1,17,18,0,1,1,1,0,0.5864652668043335,7
23240026,48,1,2,18,17,-1,1,1,1,0,-0.5864652668043335,6
23240026,48,1,3,17,18,0,1,1,1,0,0.5864652668043335,5
23240026,48,1,4,18,17,-1,1,1,1,0,-0.5864652668043335,4
23240026,48,1,5,17,18,-1,1,1,1,1,0.5864652668043335,3
23240026,48,1,6,18,17,-2,1,1,0,1,-0.5864652668043335,2
23240026,49,1,1,19,37,0,1,1,1,0,-0.028916857220312342,7
23240026,49,1,2,19,37,-1,1,1,1,0,-0.028916857220312342,6
23240026,49,1,3,37,19,-1,1,1,1,0,0.028916857220312342,5
23240026,49,1,4,37,19,-2,1,1,1,0,0.028916857220312342,4
23240026,49,1,5,19,37,1,1,1,1,0,-0.028916857220312342,3
23240026,49,1,6,37,19,-3,1,1,1,1,0.028916857220312342,2
23240026,49,1,7,19,37,1,1,1,0,1,-0.028916857220312342,1
24250026,1,1,1,10,15,0,1,1,1,0,1.8360113773655993,7
24250026,1,1,2,15,10,-1,1,1,1,0,-1.8360113773655993,6
24250026,1,1,3,10,15,-1,1,1,1,0,1.8360113773655993,5
24250026,1,1,4,15,10,-2,1,1,1,0,-1.8360113773655993,4
24250026,1,1,5,10,15,1,1,1,1,0,1.8360113773655993,3
24250026,1,1,6,15,10,-3,1,1,1,1,-1.8360113773655993,2
24250026,1,1,7,10,15,1,1,1,0,1,1.8360113773655993,1
24250026,1,2,1,43,44,0,1,1,1,0,-0.551279545222831,7
24250026,1,2,2,44,43,-1,1,1,1,0,0.551279545222831,6
24250026,1,2,3,44,43,-2,1,1,1,0,0.551279545222831,5
24250026,1,2,4,43,44,1,1,1,1,0,-0.551279545222831,4
24250026,1,2,5,44,43,-2,1,1,1,0,0.551279545222831,3
24250026,1,2,6,43,44,1,1,1,1,1,-0.551279545222831,2
24250026,1,2,7,44,43,-4,1,1,0,1,0.551279545222831,1
24250026,1,3,1,25,14,0,1,1,1,0,-1.5067709796626891,7
24250026,1,3,2,14,25,-1,1,1,1,0,1.5067709796626891,6
24250026,1,3,3,14,25,-2,1,1,1,0,1.5067709796626891,5
24250026,1,3,4,25,14,-1,1,1,1,0,-1.5067709796626891,4
24250026,1,3,5,25,14,-4,1,1,1,0,-1.5067709796626891,3
24250026,1,3,6,25,14,-5,1,1,1,1,-1.5067709796626891,2
24250026,1,3,7,14,25,4,1,1,0,1,1.5067709796626891,1
24250026,1,4,1,24,12,0,1,1,1,0,1.2111398434179113,7
24250026,1,4,2,12,24,-2,1,1,1,0,-1.2111398434179113,6
24250026,1,4,3,12,24,-4,1,1,1,1,-1.2111398434179113,5
24250026,1,4,4,24,12,3,1,1,0,0,1.2111398434179113,4
24250026,1,4,7,24,12,5,1,1,0,1,1.2111398434179113,1
24250026,1,5,1,11,19,0,1,1,1,0,-1.095364609379207,7
24250026,1,5,2,19,11,-1,1,1,1,0,1.095364609379207,6
24250026,1,5,3,11,19,0,1,1,1,0,-1.095364609379207,5
24250026,1,5,4,19,11,-2,1,1,1,0,1.095364609379207,4
24250026,1,5,5,11,19,1,1,1,1,0,-1.095364609379207,3
24250026,1,5,6,11,19,0,1,1,1,0,-1.095364609379207,2
24250026,1,5,7,11,19,-1,1,1,1,1,-1.095364609379207,1
24250026,1,5,8,19,11,0,1,1,0,1,1.095364609379207,0
24250026,2,1,1,16,34,0,1,1,1,0,2.034584978337472,7
24250026,2,1,2,34,16,-2,1,1,1,0,-2.034584978337472,6
24250026,2,1,3,34,16,-4,1,1,1,0,-2.034584978337472,5
24250026,2,1,4,34,16,-5,1,1,1,1,-2.034584978337472,4
24250026,2,1,5,16,34,4,1,1,0,0,2.034584978337472,3
24250026,2,2,1,18,46,0,1,1,1,0,0.1273385086795612,7
24250026,2,2,2,46,18,-1,1,1,1,0,-0.1273385086795612,6
24250026,2,2,3,18,46,-2,1,1,1,0,0.1273385086795612,5
24250026,2,2,4,46,18,1,1,1,1,0,-0.1273385086795612,4
24250026,2,2,5,18,46,-3,1,1,1,0,0.1273385086795612,3
24250026,2,2,6,46,18,2,1,1,1,1,-0.1273385086795612,2
24250026,2,2,7,18,46,-3,1,1,0,1,0.1273385086795612,1
24250026,2,3,1,20,51,0,1,1,1,0,1.5526807109599616,7
24250026,2,3,2,20,51,-1,1,1,1,0,1.5526807109599616,6
24250026,2,3,3,51,20,-1,1,1,1,0,-1.5526807109599616,5
24250026,2,3,4,20,51,-1,1,1,1,0,1.5526807109599616,4
24250026,2,3,5,51,20,-2,1,1,1,0,-1.5526807109599616,3
24250026,2,3,6,51,20,-7,1,1,1,1,-1.5526807109599616,2
24250026,2,4,1,22,17,0,1,1,1,0,-1.1688821530435876,7
24250026,2,4,2,17,22,-2,1,1,1,0,1.1688821530435876,6
24250026,2,4,3,22,17,1,1,1,1,0,-1.1688821530435876,5
24250026,2,4,4,17,22,-2,1,1,1,0,1.1688821530435876,4
24250026,2,4,5,22,17,-1,1,1,1,0,-1.1688821530435876,3
24250026,2,4,6,22,17,-3,1,1,1,1,-1.1688821530435876,2
24250026,2,4,7,17,22,-1,1,1,0,1,1.1688821530435876,1
24250026,2,5,1,37,30,0,1,1,1,0,1.2617928759368913,7
24250026,2,5,2,30,37,-4,1,1,1,0,-1.2617928759368913,6
24250026,2,5,3,37,30,3,1,1,1,0,1.2617928759368913,5
24250026,2,5,4,37,30,2,1,1,1,0,1.2617928759368913,4
24250026,2,5,5,37,30,1,1,1,1,0,1.2617928759368913,3
24250026,2,5,6,30,37,-2,1,1,1,1,-1.2617928759368913,2
24250026,2,5,7,37,30,1,1,1,0,1,1.2617928759368913,1
24250026,3,1,1,12,44,0,1,1,1,0,0.40112385611503587,7
24250026,3,1,2,12,44,-2,1,1,1,0,0.40112385611503587,6
24250026,3,1,3,12,44,-3,1,1,1,0,0.40112385611503587,5
24250026,3,1,4,44,12,2,1,1,1,0,-0.40112385611503587,4
24250026,3,1,5,12,44,-4,1,1,1,1,0.40112385611503587,3
24250026,3,1,6,44,12,0,1,1,0,0,-0.40112385611503587,2
24250026,3,1,7,44,12,-1,1,1,0,1,-0.40112385611503587,1
24250026,3,2,1,24,15,0,1,1,1,0,2.32013799152764,7
24250026,3,2,2,15,24,-2,1,1,1,0,-2.32013799152764,6
24250026,3,2,3,15,24,-4,1,1,1,0,-2.32013799152764,5
24250026,3,2,4,15,24,-5,1,1,1,1,-2.32013799152764,4
24250026,3,2,5,24,15,4,1,1,0,0,2.32013799152764,3
24250026,3,3,1,11,10,0,1,1,1,0,-1.3040831727765438,7
24250026,3,3,2,10,11,-1,1,1,1,0,1.3040831727765438,6
24250026,3,3,3,11,10,-1,1,1,1,0,-1.3040831727765438,5
24250026,3,3,4,10,11,0,1,1,1,0,1.3040831727765438,4
24250026,3,3,5,11,10,-1,1,1,1,0,-1.3040831727765438,3
24250026,3,3,6,10,11,0,1,1,1,0,1.3040831727765438,2
24250026,3,3,7,11,10,-2,1,1,1,1,-1.3040831727765438,1
24250026,3,3,8,10,11,1,1,1,0,1,1.3040831727765438,0
24250026,3,4,1,19,25,0,1,1,1,0,1.3669522157268181,7
24250026,3,4,2,19,25,-2,1,1,1,0,1.3669522157268181,6
24250026,3,4,3,25,19,-2,1,1,1,0,-1.3669522157268181,5
24250026,3,4,4,25,19,-3,1,1,1,0,-1.3669522157268181,4
24250026,3,4,5,19,25,2,1,1,1,0,1.3669522157268181,3
24250026,3,4,6,19,25,1,1,1,1,0,1.3669522157268181,2
24250026,3,4,7,25,19,-3,1,1,1,1,-1.3669522157268181,1
24250026,3,5,1,14,43,0,1,1,1,0,1.610516831132272,7
24250026,3,5,2,14,43,-1,1,1,1,0,1.610516831132272,6
24250026,3,5,3,43,14,-2,1,1,1,0,-1.610516831132272,5
24250026,3,5,4,14,43,1,1,1,1,0,1.610516831132272,4
24250026,3,5,5,14,43,0,1,1,1,0,1.610516831132272,3
24250026,3,5,6,43,14,-3,1,1,1,1,-1.610516831132272,2
24250026,3,5,7,14,43,1,1,1,0,1,1.610516831132272,1
24250026,4,1,1,18,22,0,1,1,1,0,0.582416886239254,7
24250026,4,1,2,22,18,-1,1,1,1,0,-0.582416886239254,6
24250026,4,1,3,18,22,-3,1,1,1,0,0.582416886239254,5
24250026,4,1,4,18,22,-4,1,1,1,0,0.582416886239254,4
24250026,4,1,5,22,18,2,1,1,1,0,-0.582416886239254,3
24250026,4,1,6,18,22,-3,1,1,1,1,0.582416886239254,2
24250026,4,1,7,22,18,1,1,1,0,1,-0.582416886239254,1
24250026,4,2,1,16,17,0,1,1,1,0,-0.24505009902619024,7
24250026,4,2,2,17,16,-1,1,1,1,0,0.24505009902619024,6
24250026,4,2,3,16,17,0,1,1,1,0,-0.24505009902619024,5
24250026,4,2,4,17,16,-2,1,1,1,0,0.24505009902619024,4
24250026,4,2,5,16,17,0,1,1,1,0,-0.24505009902619024,3
24250026,4,2,6,17,16,-1,1,1,1,1,0.24505009902619024,2
24250026,4,2,7,16,17,0,1,1,0,1,-0.24505009902619024,1
24250026,4,3,1,34,30,0,1,1,1,0,-0.8327502546608034,7
24250026,4,3,2,34,30,-3,1,1,1,0,-0.8327502546608034,6
24250026,4,3,3,30,34,2,1,1,1,0,0.8327502546608034,5
24250026,4,3,4,34,30,-7,1,1,1,1,-0.8327502546608034,4
24250026,4,3,5,30,34,5,1,1,0,1,0.8327502546608034,3
24250026,4,4,1,37,51,0,1,1,1,0,1.7230876854066803,7
24250026,4,4,2,51,37,-2,1,1,1,0,-1.7230876854066803,6
24250026,4,4,3,37,51,1,1,1,1,0,1.7230876854066803,5
24250026,4,4,4,51,37,-3,1,1,1,0,-1.7230876854066803,4
24250026,4,4,5,51,37,-5,1,1,1,1,-1.7230876854066803,3
24250026,4,4,6,37,51,4,1,1,0,1,1.7230876854066803,2
24250026,4,5,1,46,20,0,1,1,1,0,-0.35830485427120845,7
24250026,4,5,2,20,46,-2,1,1,1,0,0.35830485427120845,6
24250026,4,5,3,46,20,1,1,1,1,0,-0.35830485427120845,5
24250026,4,5,4,20,46,-3,1,1,1,0,0.35830485427120845,4
24250026,4,5,5,46,20,1,1,1,1,0,-0.35830485427120845,3
24250026,4,5,6,20,46,-3,1,1,1,1,0.35830485427120845,2
24250026,4,5,7,46,20,0,1,1,0,1,-0.35830485427120845,1
24250026,5,1,1,43,25,0,1,1,1,0,-0.1037458514695827,7
24250026,5,1,2,43,25,-1,1,1,1,0,-0.1037458514695827,6
24250026,5,1,3,25,43,-1,1,1,1,0,0.1037458514695827,5
24250026,5,1,4,25,43,-2,1,1,1,0,0.1037458514695827,4
24250026,5,1,5,25,43,-3,1,1,1,0,0.1037458514695827,3
24250026,5,1,6,43,25,2,1,1,1,1,-0.1037458514695827,2
24250026,5,1,7,25,43,-3,1,1,0,1,0.1037458514695827,1
24250026,5,2,1,19,10,0,1,1,1,0,-0.20871856339733663,7
24250026,5,2,2,10,19,-3,1,1,1,0,0.20871856339733663,6
24250026,5,2,3,19,10,1,1,1,1,0,-0.20871856339733663,5
24250026,5,2,4,10,19,-2,1,1,1,0,0.20871856339733663,4
24250026,5,2,5,19,10,0,1,1,1,0,-0.20871856339733663,3
24250026,5,2,6,10,19,-1,1,1,1,1,0.20871856339733663,2
24250026,5,2,7,19,10,-2,1,1,0,1,-0.20871856339733663,1
24250026,5,3,1,15,12,0,1,1,1,0,-1.1089981481097289,7
24250026,5,3,2,15,12,-3,1,1,1,0,-1.1089981481097289,6
24250026,5,3,3,15,12,-5,1,1,1,0,-1.1089981481097289,5
24250026,5,3,4,12,15,1,1,1,1,0,1.1089981481097289,4
24250026,5,3,5,15,12,-3,1,1,1,0,-1.1089981481097289,3
24250026,5,3,6,12,15,2,1,1,1,1,1.1089981481097289,2
24250026,5,3,7,15,12,-7,1,1,0,1,-1.1089981481097289,1
24250026,5,4,1,14,11,0,1,1,1,0,1.2351833733150783,7
24250026,5,4,2,11,14,-1,1,1,1,0,-1.2351833733150783,6
24250026,5,4,3,14,11,0,1,1,1,0,1.2351833733150783,5
24250026,5,4,4,11,14,-2,1,1,1,0,-1.2351833733150783,4
24250026,5,4,5,14,11,1,1,1,1,0,1.2351833733150783,3
24250026,5,4,6,11,14,-3,1,1,1,1,-1.2351833733150783,2
24250026,5,4,7,14,11,2,1,1,0,1,1.2351833733150783,1
24250026,5,5,1,24,44,0,1,1,1,0,1.6122636995329471,7
24250026,5,5,2,44,24,-4,1,1,1,0,-1.6122636995329471,6
24250026,5,5,3,24,44,3,1,1,1,0,1.6122636995329471,5
24250026,5,5,4,44,24,-5,1,1,1,1,-1.6122636995329471,4
24250026,5,5,5,24,44,4,1,1,0,0,1.6122636995329471,3
24250026,5,5,7,24,44,4,1,1,0,1,1.6122636995329471,1
24250026,6,1,1,46,51,0,1,1,1,0,1.1943758566887532,7
24250026,6,1,2,51,46,-4,1,1,1,0,-1.1943758566887532,6
24250026,6,1,3,46,51,3,1,1,1,0,1.1943758566887532,5
24250026,6,1,4,51,46,-5,1,1,1,1,-1.1943758566887532,4
24250026,6,1,5,46,51,4,1,1,0,0,1.1943758566887532,3
24250026,6,2,1,37,34,0,1,1,1,0,2.0945431305976947,7
24250026,6,2,2,34,37,-2,1,1,1,0,-2.0945431305976947,6
24250026,6,2,3,37,34,0,1,1,1,0,2.0945431305976947,5
24250026,6,2,4,34,37,-1,1,1,1,0,-2.0945431305976947,4
24250026,6,2,5,34,37,-2,1,1,1,0,-2.0945431305976947,3
24250026,6,2,6,37,34,0,1,1,1,1,2.0945431305976947,2
24250026,6,2,8,34,37,0,1,1,0,1,-2.0945431305976947,0
24250026,6,3,1,16,22,0,1,1,1,0,0.9238320540173972,7
24250026,6,3,2,16,22,-2,1,1,1,0,0.9238320540173972,6
24250026,6,3,3,16,22,-3,1,1,1,0,0.9238320540173972,5
24250026,6,3,4,22,16,2,1,1,1,0,-0.9238320540173972,4
24250026,6,3,5,22,16,1,1,1,1,0,-0.9238320540173972,3
24250026,6,3,6,16,22,-2,1,1,1,1,0.9238320540173972,2
24250026,6,3,7,22,16,0,1,1,0,1,-0.9238320540173972,1
24250026,6,4,1,20,30,0,1,1,1,0,1.0913859014901726,7
24250026,6,4,2,30,20,-1,1,1,1,0,-1.0913859014901726,6
24250026,6,4,3,30,20,-2,1,1,1,0,-1.0913859014901726,5
24250026,6,4,4,20,30,1,1,1,1,0,1.0913859014901726,4
24250026,6,4,5,30,20,-5,1,1,1,1,-1.0913859014901726,3
24250026,6,4,6,20,30,4,1,1,0,0,1.0913859014901726,2
24250026,6,5,1,17,18,0,1,1,1,0,0.5864652668043335,7
24250026,6,5,2,18,17,-1,1,1,1,0,-0.5864652668043335,6
24250026,6,5,3,17,18,0,1,1,1,0,0.5864652668043335,5
24250026,6,5,4,18,17,-1,1,1,1,0,-0.5864652668043335,4
24250026,6,5,5,18,17,-2,1,1,1,0,-0.5864652668043335,3
24250026,6,5,6,17,18,0,1,1,1,1,0.5864652668043335,2
24250026,7,1,1,24,11,0,1,1,1,0,1.7882097869385845,7
24250026,7,1,2,24,11,-2,1,1,1,0,1.7882097869385845,6
24250026,7,1,3,11,24,1,1,1,1,0,-1.7882097869385845,5
24250026,7,1,4,24,11,-2,1,1,1,0,1.7882097869385845,4
24250026,7,1,5,11,24,-2,1,1,1,1,-1.7882097869385845,3
24250026,7,1,6,24,11,0,1,1,0,0,1.7882097869385845,2
24250026,7,2,1,14,12,0,1,1,1,0,0.6581134297944051,7
24250026,7,2,2,12,14,-1,1,1,1,0,-0.6581134297944051,6
24250026,7,2,3,14,12,0,1,1,1,0,0.6581134297944051,5
24250026,7,2,4,12,14,-1,1,1,1,0,-0.6581134297944051,4
24250026,7,2,5,12,14,-4,1,1,1,1,-0.6581134297944051,3
24250026,7,2,6,14,12,3,1,1,0,1,0.6581134297944051,2
24250026,7,3,1,44,19,0,1,1,1,0,-0.9194185219735699,7
24250026,7,3,2,44,19,-2,1,1,1,0,-0.9194185219735699,6
24250026,7,3,3,19,44,1,1,1,1,0,0.9194185219735699,5
24250026,7,3,4,44,19,-2,1,1,1,0,-0.9194185219735699,4
24250026,7,3,5,19,44,-1,1,1,1,1,0.9194185219735699,3
24250026,7,3,6,44,19,-2,1,1,0,1,-0.9194185219735699,2
24250026,7,4,1,25,10,0,1,1,1,0,-1.5756707791241547,7
24250026,7,4,2,10,25,-1,1,1,1,0,1.5756707791241547,6
24250026,7,4,3,25,10,-1,1,1,1,0,-1.5756707791241547,5
24250026,7,4,4,25,10,-2,1,1,1,0,-1.5756707791241547,4
24250026,7,4,5,10,25,0,1,1,1,0,1.5756707791241547,3
24250026,7,4,6,25,10,-1,1,1,1,0,-1.5756707791241547,2
24250026,7,4,7,25,10,-2,1,1,1,1,-1.5756707791241547,1
24250026,7,5,1,15,43,0,1,1,1,0,-0.15659474677186191,7
24250026,7,5,2,15,43,-1,1,1,1,0,-0.15659474677186191,6
24250026,7,5,3,15,43,-2,1,1,1,0,-0.15659474677186191,5
24250026,7,5,4,43,15,0,1,1,1,0,0.15659474677186191,4
24250026,7,5,5,15,43,-1,1,1,1,0,-0.15659474677186191,3
24250026,7,5,6,43,15,0,1,1,1,1,0.15659474677186191,2
24250026,7,5,8,15,43,-1,1,1,0,1,-0.15659474677186191,0
24250026,8,1,1,30,17,0,1,1,1,0,-1.4468848227028588,7
24250026,8,1,2,17,30,-2,1,1,1,0,1.4468848227028588,6
24250026,8,1,3,30,17,-2,1,1,1,0,-1.4468848227028588,5
24250026,8,1,4,17,30,0,1,1,1,0,1.4468848227028588,4
24250026,8,1,5,30,17,-2,1,1,1,0,-1.4468848227028588,3
24250026,8,1,6,17,30,0,1,1,1,1,1.4468848227028588,2
24250026,8,1,7,30,17,-2,1,1,0,1,-1.4468848227028588,1
24250026,8,2,1,20,22,0,1,1,1,0,0.8133832318309012,7
24250026,8,2,2,20,22,-1,1,1,1,0,0.8133832318309012,6
24250026,8,2,3,22,20,-1,1,1,1,0,-0.8133832318309012,5
24250026,8,2,4,22,20,-2,1,1,1,0,-0.8133832318309012,4
24250026,8,2,5,22,20,-3,1,1,1,1,-0.8133832318309012,3
24250026,8,2,6,20,22,2,1,1,0,0,0.8133832318309012,2
24250026,8,2,8,20,22,2,1,1,0,1,0.8133832318309012,0
24250026,8,3,1,37,18,0,1,1,1,0,0.40137332003836595,7
24250026,8,3,2,18,37,-1,1,1,1,0,-0.40137332003836595,6
24250026,8,3,3,37,18,0,1,1,1,0,0.40137332003836595,5
24250026,8,3,4,18,37,-1,1,1,1,0,-0.40137332003836595,4
24250026,8,3,5,37,18,-1,1,1,1,0,0.40137332003836595,3
24250026,8,3,6,37,18,-3,1,1,1,1,0.40137332003836595,2
24250026,8,3,8,18,37,3,1,1,0,1,-0.40137332003836595,0
24250026,8,4,1,51,34,0,1,1,1,0,0.37145544519101426,7
24250026,8,4,2,34,51,-3,1,1,1,0,-0.37145544519101426,6
24250026,8,4,3,51,34,0,1,1,1,0,0.37145544519101426,5
24250026,8,4,4,34,51,-1,1,1,1,0,-0.37145544519101426,4
24250026,8,4,5,51,34,0,1,1,1,0,0.37145544519101426,3
24250026,8,4,6,34,51,-1,1,1,1,0,-0.37145544519101426,2
24250026,8,4,7,51,34,0,1,1,1,1,0.37145544519101426,1
24250026,8,4,8,34,51,-1,1,1,0,1,-0.37145544519101426,0
24250026,8,5,1,46,16,0,1,1,1,0,-0.46875367645770444,7
24250026,8,5,2,16,46,-2,1,1,1,0,0.46875367645770444,6
24250026,8,5,3,46,16,0,1,1,1,0,-0.46875367645770444,5
24250026,8,5,4,46,16,-1,1,1,1,0,-0.46875367645770444,4
24250026,8,5,5,16,46,0,1,1,1,0,0.46875367645770444,3
24250026,8,5,6,46,16,-1,1,1,1,1,-0.46875367645770444,2
24250026,8,5,7,16,46,0,1,1,0,1,0.46875367645770444,1
24250026,9,1,1,44,14,0,1,1,1,0,-1.059237285909441,7
24250026,9,1,2,14,44,-4,1,1,1,0,1.059237285909441,6
24250026,9,1,3,44,14,2,1,1,1,0,-1.059237285909441,5
24250026,9,1,4,14,44,-3,1,1,1,0,1.059237285909441,4
24250026,9,1,5,14,44,-4,1,1,1,1,1.059237285909441,3
24250026,9,1,6,44,14,1,1,1,0,1,-1.059237285909441,2
24250026,9,2,1,11,15,0,1,1,1,0,0.5319282045890555,7
24250026,9,2,2,11,15,-1,1,1,1,0,0.5319282045890555,6
24250026,9,2,3,11,15,-3,1,1,1,0,0.5319282045890555,5
24250026,9,2,4,11,15,-5,1,1,1,1,0.5319282045890555,4
24250026,9,2,5,15,11,4,1,1,0,0,-0.5319282045890555,3
24250026,9,3,1,24,10,0,1,1,1,0,0.4841266141620406,7
24250026,9,3,2,24,10,-1,1,1,1,0,0.4841266141620406,6
24250026,9,3,3,10,24,0,1,1,1,0,-0.4841266141620406,5
24250026,9,3,4,24,10,-2,1,1,1,0,0.4841266141620406,4
24250026,9,3,5,10,24,1,1,1,1,0,-0.4841266141620406,3
24250026,9,3,6,24,10,-3,1,1,1,1,0.4841266141620406,2
24250026,9,3,7,10,24,1,1,1,0,1,-0.4841266141620406,1
24250026,9,4,1,19,43,0,1,1,1,0,1.470698067196401,7
24250026,9,4,2,43,19,-3,1,1,1,0,-1.470698067196401,6
24250026,9,4,3,19,43,0,1,1,1,0,1.470698067196401,5
24250026,9,4,4,43,19,-4,1,1,1,0,-1.470698067196401,4
24250026,9,4,5,19,43,3,1,1,1,0,1.470698067196401,3
24250026,9,4,6,43,19,-5,1,1,1,1,-1.470698067196401,2
24250026,9,4,7,19,43,4,1,1,0,1,1.470698067196401,1
24250026,9,5,1,25,12,0,1,1,1,0,-0.8486575498682842,7
24250026,9,5,2,25,12,-2,1,1,1,0,-0.8486575498682842,6
24250026,9,5,3,12,25,1,1,1,1,0,0.8486575498682842,5
24250026,9,5,4,25,12,-2,1,1,1,0,-0.8486575498682842,4
24250026,9,5,5,12,25,1,1,1,1,1,0.8486575498682842,3
24250026,9,5,6,25,12,-2,1,1,0,1,-0.8486575498682842,2
24250026,10,1,1,18,20,0,1,1,1,0,-0.23096634559164725,7
24250026,10,1,2,18,20,-1,1,1,1,0,-0.23096634559164725,6
24250026,10,1,3,20,18,0,1,1,1,0,0.23096634559164725,5
24250026,10,1,4,18,20,-2,1,1,1,0,-0.23096634559164725,4
24250026,10,1,5,20,18,0,1,1,1,0,0.23096634559164725,3
24250026,10,1,6,18,20,-1,1,1,1,1,-0.23096634559164725,2
24250026,10,1,7,20,18,-1,1,1,0,1,0.23096634559164725,1
24250026,10,2,1,30,16,0,1,1,1,0,-1.2018347236766687,7
24250026,10,2,2,30,16,-1,1,1,1,0,-1.2018347236766687,6
24250026,10,2,3,30,16,-2,1,1,1,0,-1.2018347236766687,5
24250026,10,2,4,30,16,-3,1,1,1,0,-1.2018347236766687,4
24250026,10,2,5,16,30,2,1,1,1,0,1.2018347236766687,3
24250026,10,2,6,16,30,1,1,1,1,1,1.2018347236766687,2
24250026,10,3,1,17,34,0,1,1,1,0,2.279635077363662,7
24250026,10,3,2,34,17,-2,1,1,1,0,-2.279635077363662,6
24250026,10,3,3,17,34,1,1,1,1,0,2.279635077363662,5
24250026,10,3,4,34,17,-3,1,1,1,0,-2.279635077363662,4
24250026,10,3,5,17,34,2,1,1,1,0,2.279635077363662,3
24250026,10,3,6,34,17,-3,1,1,1,0,-2.279635077363662,2
24250026,10,3,7,34,17,-4,1,1,1,1,-2.279635077363662,1
24250026,10,4,1,46,37,0,1,1,1,0,-0.5287118287179271,7
24250026,10,4,2,37,46,-2,1,1,1,0,0.5287118287179271,6
24250026,10,4,3,37,46,-3,1,1,1,0,0.5287118287179271,5
24250026,10,4,4,46,37,2,1,1,1,0,-0.5287118287179271,4
24250026,10,4,5,37,46,-4,1,1,1,1,0.5287118287179271,3
24250026,10,4,6,46,37,2,1,1,0,1,-0.5287118287179271,2
24250026,10,5,1,22,51,0,1,1,1,0,0.7392974791290605,7
24250026,10,5,2,22,51,-1,1,1,1,0,0.7392974791290605,6
24250026,10,5,3,51,22,0,1,1,1,0,-0.7392974791290605,5
24250026,10,5,4,22,51,-1,1,1,1,0,0.7392974791290605,4
24250026,10,5,5,22,51,-2,1,1,1,0,0.7392974791290605,3
24250026,10,5,6,51,22,-1,1,1,1,1,-0.7392974791290605,2
24250026,11,1,1,11,25,0,1,1,1,0,0.2715876063476109,7
24250026,11,1,2,25,11,-2,1,1,1,0,-0.2715876063476109,6
24250026,11,1,3,11,25,1,1,1,1,0,0.2715876063476109,5
24250026,11,1,4,25,11,-2,1,1,1,0,-0.2715876063476109,4
24250026,11,1,5,11,25,1,1,1,1,0,0.2715876063476109,3
24250026,11,1,6,25,11,-2,1,1,1,1,-0.2715876063476109,2
24250026,11,1,7,11,25,-1,1,1,0,1,0.2715876063476109,1
24250026,11,2,1,10,44,0,1,1,1,0,1.1281370853709065,7
24250026,11,2,2,44,10,-2,1,1,1,0,-1.1281370853709065,6
24250026,11,2,3,10,44,0,1,1,1,0,1.1281370853709065,5
24250026,11,2,4,44,10,-3,1,1,1,0,-1.1281370853709065,4
24250026,11,2,5,10,44,1,1,1,1,0,1.1281370853709065,3
24250026,11,2,6,44,10,-3,1,1,1,1,-1.1281370853709065,2
24250026,11,2,7,10,44,1,1,1,0,1,1.1281370853709065,1
24250026,11,3,1,12,43,0,1,1,1,0,0.9524034013378668,7
24250026,11,3,2,43,12,-2,1,1,1,0,-0.9524034013378668,6
24250026,11,3,3,12,43,1,1,1,1,0,0.9524034013378668,5
24250026,11,3,4,43,12,-2,1,1,1,0,-0.9524034013378668,4
24250026,11,3,5,43,12,-4,1,1,1,1,-0.9524034013378668,3
24250026,11,3,6,12,43,1,1,1,0,1,0.9524034013378668,2
24250026,11,4,1,24,14,0,1,1,1,0,0.5530264136235061,7
24250026,11,4,2,14,24,-2,1,1,1,0,-0.5530264136235061,6
24250026,11,4,3,24,14,1,1,1,1,0,0.5530264136235061,5
24250026,11,4,4,14,24,-2,1,1,1,0,-0.5530264136235061,4
24250026,11,4,5,24,14,0,1,1,1,0,0.5530264136235061,3
24250026,11,4,6,14,24,-2,1,1,1,1,-0.5530264136235061,2
24250026,11,4,7,24,14,1,1,1,0,1,0.5530264136235061,1
24250026,11,5,1,15,19,0,1,1,1,0,-1.6272928139682628,7
24250026,11,5,2,19,15,-1,1,1,1,0,1.6272928139682628,6
24250026,11,5,3,15,19,-2,1,1,1,0,-1.6272928139682628,5
24250026,11,5,4,19,15,0,1,1,1,0,1.6272928139682628,4
24250026,11,5,5,15,19,-2,1,1,1,0,-1.6272928139682628,3
24250026,11,5,6,19,15,1,1,1,1,1,1.6272928139682628,2
24250026,11,5,7,15,19,-3,1,1,0,1,-1.6272928139682628,1
24250026,12,1,1,51,30,0,1,1,1,0,-0.4612948094697891,7
24250026,12,1,2,30,51,-1,1,1,1,0,0.4612948094697891,6
24250026,12,1,3,30,51,-2,1,1,1,0,0.4612948094697891,5
24250026,12,1,4,51,30,-1,1,1,1,0,-0.4612948094697891,4
24250026,12,1,5,30,51,0,1,1,1,0,0.4612948094697891,3
24250026,12,1,6,51,30,-1,1,1,1,0,-0.4612948094697891,2
24250026,12,1,7,51,30,-2,1,1,1,1,-0.4612948094697891,1
24250026,12,1,8,30,51,0,1,1,0,1,0.4612948094697891,0
24250026,12,2,1,18,34,0,1,1,1,0,1.6931698105593287,7
24250026,12,2,2,34,18,-1,1,1,1,0,-1.6931698105593287,6
24250026,12,2,3,34,18,-2,1,1,1,0,-1.6931698105593287,5
24250026,12,2,4,18,34,1,1,1,1,0,1.6931698105593287,4
24250026,12,2,5,34,18,-4,1,1,1,1,-1.6931698105593287,3
24250026,12,3,1,22,46,0,1,1,1,0,-0.4550783775596928,7
24250026,12,3,2,22,46,-1,1,1,1,0,-0.4550783775596928,6
24250026,12,3,3,46,22,0,1,1,1,0,0.4550783775596928,5
24250026,12,3,4,22,46,-2,1,1,1,0,-0.4550783775596928,4
24250026,12,3,5,46,22,1,1,1,1,0,0.4550783775596928,3
24250026,12,3,6,22,46,-2,1,1,1,1,-0.4550783775596928,2
24250026,12,4,1,20,17,0,1,1,1,0,-0.3554989212126862,7
24250026,12,4,2,17,20,-3,1,1,1,1,0.3554989212126862,6
24250026,12,4,6,20,17,4,1,1,0,0,-0.3554989212126862,2
24250026,12,5,1,37,16,0,1,1,1,0,0.05995815226022272,7
24250026,12,5,2,16,37,-4,1,1,1,0,-0.05995815226022272,6
24250026,12,5,3,37,16,1,1,1,1,0,0.05995815226022272,5
24250026,12,5,4,16,37,-3,1,1,1,0,-0.05995815226022272,4
24250026,12,5,5,16,37,-4,1,1,1,1,-0.05995815226022272,3
24250026,12,5,6,37,16,2,1,1,0,1,0.05995815226022272,2
24250026,13,1,1,24,43,0,1,1,1,0,2.163543244755778,7
24250026,13,1,2,43,24,-1,1,1,1,0,-2.163543244755778,6
24250026,13,1,3,43,24,-3,1,1,1,0,-2.163543244755778,5
24250026,13,1,4,24,43,2,1,1,1,0,2.163543244755778,4
24250026,13,1,5,43,24,-5,1,1,1,1,-2.163543244755778,3
24250026,13,1,6,24,43,4,1,1,0,0,2.163543244755778,2
24250026,13,2,1,19,14,0,1,1,1,0,-0.13981876393587112,7
24250026,13,2,2,14,19,-1,1,1,1,0,0.13981876393587112,6
24250026,13,2,3,19,14,-1,1,1,1,0,-0.13981876393587112,5
24250026,13,2,4,14,19,-1,1,1,1,0,0.13981876393587112,4
24250026,13,2,5,14,19,-2,1,1,1,0,0.13981876393587112,3
24250026,13,2,6,19,14,-1,1,1,1,1,-0.13981876393587112,2
24250026,13,2,7,14,19,0,1,1,0,1,0.13981876393587112,1
24250026,13,3,1,25,15,0,1,1,1,0,0.2603405982414446,7
24250026,13,3,2,15,25,-1,1,1,1,0,-0.2603405982414446,6
24250026,13,3,3,25,15,0,1,1,1,0,0.2603405982414446,5
24250026,13,3,4,15,25,-2,1,1,1,0,-0.2603405982414446,4
24250026,13,3,5,15,25,-3,1,1,1,1,-0.2603405982414446,3
24250026,13,3,6,25,15,2,1,1,0,0,0.2603405982414446,2
24250026,13,3,8,25,15,1,1,1,0,1,0.2603405982414446,0
24250026,13,4,1,11,44,0,1,1,1,0,-0.17594608740563739,7
24250026,13,4,2,44,11,-1,1,1,1,0,0.17594608740563739,6
24250026,13,4,3,11,44,-1,1,1,1,0,-0.17594608740563739,5
24250026,13,4,4,44,11,0,1,1,1,0,0.17594608740563739,4
24250026,13,4,5,11,44,-1,1,1,1,0,-0.17594608740563739,3
24250026,13,4,6,44,11,0,1,1,1,0,0.17594608740563739,2
24250026,13,4,7,11,44,-2,1,1,1,1,-0.17594608740563739,1
24250026,13,4,8,44,11,1,1,1,0,1,0.17594608740563739,0
24250026,13,5,1,10,12,0,1,1,1,0,0.7270132292558706,7
24250026,13,5,2,12,10,-2,1,1,1,0,-0.7270132292558706,6
24250026,13,5,3,12,10,-4,1,1,1,1,-0.7270132292558706,5
24250026,13,5,6,10,12,6,1,1,0,1,0.7270132292558706,2
24250026,14,1,1,46,17,0,1,1,1,0,-0.7138037754838946,7
24250026,14,1,2,17,46,-1,1,1,1,0,0.7138037754838946,6
24250026,14,1,3,17,46,-4,1,1,1,1,0.7138037754838946,5
24250026,14,1,4,46,17,3,1,1,0,0,-0.7138037754838946,4
24250026,14,1,5,46,17,2,1,1,0,0,-0.7138037754838946,3
24250026,14,1,7,46,17,1,1,1,0,1,-0.7138037754838946,1
24250026,14,2,1,37,20,0,1,1,1,0,0.1704069744467187,7
24250026,14,2,2,37,20,-1,1,1,1,0,0.1704069744467187,6
24250026,14,2,3,20,37,0,1,1,1,0,-0.1704069744467187,5
24250026,14,2,4,37,20,-1,1,1,1,0,0.1704069744467187,4
24250026,14,2,5,20,37,-1,1,1,1,0,-0.1704069744467187,3
24250026,14,2,6,37,20,0,1,1,1,1,0.1704069744467187,2
24250026,14,2,7,20,37,-3,1,1,0,1,-0.1704069744467187,1
24250026,14,3,1,16,51,0,1,1,1,0,1.6631295331464577,7
24250026,14,3,2,51,16,-4,1,1,1,0,-1.6631295331464577,6
24250026,14,3,3,51,16,-5,1,1,1,1,-1.6631295331464577,5
24250026,14,3,4,16,51,3,1,1,0,0,1.6631295331464577,4
24250026,14,3,7,16,51,5,1,1,0,1,1.6631295331464577,1
24250026,14,4,1,18,30,0,1,1,1,0,0.8604195558985254,7
24250026,14,4,2,30,18,-2,1,1,1,0,-0.8604195558985254,6
24250026,14,4,3,18,30,0,1,1,1,0,0.8604195558985254,5
24250026,14,4,4,30,18,-1,1,1,1,0,-0.8604195558985254,4
24250026,14,4,5,18,30,-1,1,1,1,0,0.8604195558985254,3
24250026,14,4,6,30,18,-1,1,1,1,1,-0.8604195558985254,2
24250026,14,4,7,18,30,-2,1,1,0,1,0.8604195558985254,1
24250026,14,5,1,34,22,0,1,1,1,0,-1.1107529243200747,7
24250026,14,5,2,22,34,-1,1,1,1,0,1.1107529243200747,6
24250026,14,5,3,34,22,0,1,1,1,0,-1.1107529243200747,5
24250026,14,5,4,34,22,-1,1,1,1,0,-1.1107529243200747,4
24250026,14,5,5,34,22,-2,1,1,1,0,-1.1107529243200747,3
24250026,14,5,6,34,22,-4,1,1,1,1,-1.1107529243200747,2
24250026,14,5,8,22,34,4,1,1,0,1,1.1107529243200747,0
24250026,15,1,1,14,15,0,1,1,1,0,1.7671115779041338,7
24250026,15,1,2,15,14,-3,1,1,1,0,-1.7671115779041338,6
24250026,15,1,3,15,14,-4,1,1,1,1,-1.7671115779041338,5
24250026,15,2,1,11,12,0,1,1,1,0,-0.5770699435206732,7
24250026,15,2,2,12,11,-1,1,1,1,0,0.5770699435206732,6
24250026,15,2,3,11,12,-1,1,1,1,0,-0.5770699435206732,5
24250026,15,2,4,11,12,-3,1,1,1,1,-0.5770699435206732,4
24250026,15,2,6,12,11,3,1,1,0,1,0.5770699435206732,2
24250026,15,3,1,19,24,0,1,1,1,0,-0.6928451775593772,7
24250026,15,3,2,19,24,-1,1,1,1,0,-0.6928451775593772,6
24250026,15,3,3,19,24,-3,1,1,1,0,-0.6928451775593772,5
24250026,15,3,4,24,19,2,1,1,1,0,0.6928451775593772,4
24250026,15,3,5,19,24,-4,1,1,1,1,-0.6928451775593772,3
24250026,15,3,6,24,19,2,1,1,0,0,0.6928451775593772,2
24250026,15,3,8,24,19,2,1,1,0,1,0.6928451775593772,0
24250026,15,4,1,10,43,0,1,1,1,0,1.6794166305937375,7
24250026,15,4,2,43,10,-1,1,1,1,0,-1.6794166305937375,6
24250026,15,4,3,10,43,0,1,1,1,0,1.6794166305937375,5
24250026,15,4,4,43,10,-1,1,1,1,0,-1.6794166305937375,4
24250026,15,4,5,10,43,-1,1,1,1,0,1.6794166305937375,3
24250026,15,4,6,43,10,-2,1,1,1,1,-1.6794166305937375,2
24250026,15,4,7,10,43,1,1,1,0,1,1.6794166305937375,1
24250026,15,5,1,44,25,0,1,1,1,0,0.4475336937532483,7
24250026,15,5,2,44,25,-1,1,1,1,0,0.4475336937532483,6
24250026,15,5,3,25,44,-2,1,1,1,0,-0.4475336937532483,5
24250026,15,5,4,25,44,-5,1,1,1,0,-0.4475336937532483,4
24250026,15,5,5,25,44,-6,1,1,1,1,-0.4475336937532483,3
24250026,15,5,6,44,25,3,1,1,0,1,0.4475336937532483,2
24250026,16,1,1,20,16,0,1,1,1,0,-0.11044882218649599,7
24250026,16,1,2,16,20,-2,1,1,1,0,0.11044882218649599,6
24250026,16,1,3,16,20,-3,1,1,1,0,0.11044882218649599,5
24250026,16,1,4,20,16,2,1,1,1,0,-0.11044882218649599,4
24250026,16,1,5,16,20,-4,1,1,1,1,0.11044882218649599,3
24250026,16,1,6,20,16,2,1,1,0,0,-0.11044882218649599,2
24250026,16,1,7,20,16,0,1,1,0,1,-0.11044882218649599,1
24250026,16,2,1,30,22,0,1,1,1,0,-0.27800266965927134,7
24250026,16,2,2,22,30,-1,1,1,1,0,0.27800266965927134,6
24250026,16,2,3,22,30,-2,1,1,1,0,0.27800266965927134,5
24250026,16,2,4,30,22,1,1,1,1,0,-0.27800266965927134,4
24250026,16,2,5,22,30,-2,1,1,1,0,0.27800266965927134,3
24250026,16,2,6,30,22,0,1,1,1,0,-0.27800266965927134,2
24250026,16,2,7,22,30,-1,1,1,1,1,0.27800266965927134,1
24250026,16,2,8,30,22,-1,1,1,0,1,-0.27800266965927134,0
24250026,16,3,1,17,37,0,1,1,1,0,0.18509194676596752,7
24250026,16,3,2,37,17,-3,1,1,1,0,-0.18509194676596752,6
24250026,16,3,3,17,37,0,1,1,1,0,0.18509194676596752,5
24250026,16,3,4,37,17,-1,1,1,1,0,-0.18509194676596752,4
24250026,16,3,5,17,37,-1,1,1,1,0,0.18509194676596752,3
24250026,16,3,6,37,17,-3,1,1,1,1,-0.18509194676596752,2
24250026,16,3,7,17,37,0,1,1,0,1,0.18509194676596752,1
24250026,16,4,1,46,34,0,1,1,1,0,1.5658313018797676,7
24250026,16,4,2,34,46,-3,1,1,1,0,-1.5658313018797676,6
24250026,16,4,3,46,34,2,1,1,1,0,1.5658313018797676,5
24250026,16,4,4,34,46,-3,1,1,1,0,-1.5658313018797676,4
24250026,16,4,5,46,34,2,1,1,1,0,1.5658313018797676,3
24250026,16,4,6,34,46,-3,1,1,1,1,-1.5658313018797676,2
24250026,16,4,7,46,34,2,1,1,0,1,1.5658313018797676,1
24250026,16,5,1,51,18,0,1,1,1,0,-1.3217143653683145,7
24250026,16,5,2,18,51,-2,1,1,1,0,1.3217143653683145,6
24250026,16,5,3,51,18,-1,1,1,1,0,-1.3217143653683145,5
24250026,16,5,4,51,18,-2,1,1,1,0,-1.3217143653683145,4
24250026,16,5,5,51,18,-3,1,1,1,1,-1.3217143653683145,3
24250026,16,5,6,18,51,2,1,1,0,0,1.3217143653683145,2
24250026,17,1,1,19,12,0,1,1,1,0,0.5182946658585339,7
24250026,17,1,2,19,12,-1,1,1,1,0,0.5182946658585339,6
24250026,17,1,3,12,19,-1,1,1,1,0,-0.5182946658585339,5
24250026,17,1,4,12,19,-2,1,1,1,0,-0.5182946658585339,4
24250026,17,1,5,12,19,-3,1,1,1,1,-0.5182946658585339,3
24250026,17,1,6,19,12,2,1,1,0,0,0.5182946658585339,2
24250026,17,1,7,19,12,1,1,1,0,1,0.5182946658585339,1
24250026,17,2,1,25,24,0,1,1,1,0,-2.0597973932861953,7
24250026,17,2,2,25,24,-2,1,1,1,0,-2.0597973932861953,6
24250026,17,2,3,25,24,-3,1,1,1,0,-2.0597973932861953,5
24250026,17,2,4,24,25,2,1,1,1,0,2.0597973932861953,4
24250026,17,2,5,25,24,-3,1,1,1,0,-2.0597973932861953,3
24250026,17,2,6,25,24,-4,1,1,1,1,-2.0597973932861953,2
24250026,17,2,7,24,25,3,1,1,0,1,2.0597973932861953,1
24250026,17,3,1,11,43,0,1,1,1,0,0.3753334578171936,7
24250026,17,3,2,11,43,-2,1,1,1,0,0.3753334578171936,6
24250026,17,3,3,43,11,1,1,1,1,0,-0.3753334578171936,5
24250026,17,3,4,11,43,-2,1,1,1,0,0.3753334578171936,4
24250026,17,3,5,43,11,1,1,1,1,0,-0.3753334578171936,3
24250026,17,3,6,11,43,-2,1,1,1,1,0.3753334578171936,2
24250026,17,3,7,43,11,-1,1,1,0,1,-0.3753334578171936,1
24250026,17,4,1,44,15,0,1,1,1,0,0.7078742919946929,7
24250026,17,4,2,15,44,-1,1,1,1,0,-0.7078742919946929,6
24250026,17,4,3,15,44,-3,1,1,1,0,-0.7078742919946929,5
24250026,17,4,4,44,15,2,1,1,1,0,0.7078742919946929,4
24250026,17,4,5,44,15,1,1,1,1,0,0.7078742919946929,3
24250026,17,4,6,15,44,-4,1,1,1,1,-0.7078742919946929,2
24250026,17,4,7,44,15,2,1,1,0,1,0.7078742919946929,1
24250026,17,5,1,14,10,0,1,1,1,0,-0.06889979946146552,7
24250026,17,5,2,10,14,-1,1,1,1,0,0.06889979946146552,6
24250026,17,5,3,14,10,0,1,1,1,0,-0.06889979946146552,5
24250026,17,5,4,10,14,-1,1,1,1,0,0.06889979946146552,4
24250026,17,5,5,14,10,-1,1,1,1,0,-0.06889979946146552,3
24250026,17,5,6,14,10,-3,1,1,1,1,-0.06889979946146552,2
24250026,17,5,7,10,14,1,1,1,0,1,0.06889979946146552,1
24250026,18,1,1,22,37,0,1,1,1,0,-0.9837902062776199,7
24250026,18,1,2,37,22,-2,1,1,1,0,0.9837902062776199,6
24250026,18,1,3,22,37,1,1,1,1,0,-0.9837902062776199,5
24250026,18,1,4,37,22,-2,1,1,1,0,0.9837902062776199,4
24250026,18,1,5,22,37,1,1,1,1,0,-0.9837902062776199,3
24250026,18,1,6,37,22,-2,1,1,1,1,0.9837902062776199,2
24250026,18,1,8,22,37,0,1,1,0,1,-0.9837902062776199,0
24250026,18,2,1,17,51,0,1,1,1,0,1.908179632172648,7
24250026,18,2,2,17,51,-1,1,1,1,0,1.908179632172648,6
24250026,18,2,3,51,17,0,1,1,1,0,-1.908179632172648,5
24250026,18,2,4,17,51,-2,1,1,1,0,1.908179632172648,4
24250026,18,2,5,51,17,1,1,1,1,0,-1.908179632172648,3
24250026,18,2,6,51,17,-1,1,1,1,0,-1.908179632172648,2
24250026,18,2,7,17,51,0,1,1,1,1,1.908179632172648,1
24250026,18,2,8,51,17,-3,1,1,0,1,-1.908179632172648,0
24250026,18,3,1,30,46,0,1,1,1,0,-0.7330810472189642,7
24250026,18,3,2,30,46,-3,1,1,1,0,-0.7330810472189642,6
24250026,18,3,3,46,30,1,1,1,1,0,0.7330810472189642,5
24250026,18,3,4,30,46,-3,1,1,1,0,-0.7330810472189642,4
24250026,18,3,5,46,30,2,1,1,1,0,0.7330810472189642,3
24250026,18,3,6,30,46,-3,1,1,1,1,-0.7330810472189642,2
24250026,18,3,8,46,30,2,1,1,0,1,0.7330810472189642,0
24250026,18,4,1,18,16,0,1,1,1,0,-0.34141516777814324,7
24250026,18,4,2,16,18,-2,1,1,1,0,0.34141516777814324,6
24250026,18,4,3,18,16,0,1,1,1,0,-0.34141516777814324,5
24250026,18,4,4,16,18,-2,1,1,1,0,0.34141516777814324,4
24250026,18,4,5,16,18,-3,1,1,1,1,0.34141516777814324,3
24250026,18,4,6,18,16,2,1,1,0,0,-0.34141516777814324,2
24250026,18,4,7,18,16,0,1,1,0,1,-0.34141516777814324,1
24250026,18,5,1,34,20,0,1,1,1,0,-1.924136156150976,7
24250026,18,5,2,34,20,-3,1,1,1,0,-1.924136156150976,6
24250026,18,5,3,34,20,-5,1,1,1,1,-1.924136156150976,5
24250026,18,5,4,20,34,4,1,1,0,0,1.924136156150976,4
24250026,18,5,6,20,34,5,1,1,0,0,1.924136156150976,2
24250026,41,1,1,37,10,0,1,1,1,0,-0.1798017061770243,7
24250026,41,1,2,10,37,-1,1,1,1,0,0.1798017061770243,6
24250026,41,1,3,37,10,0,1,1,1,0,-0.1798017061770243,5
24250026,41,1,4,37,10,-1,1,1,1,0,-0.1798017061770243,4
24250026,41,1,5,10,37,-2,1,1,1,0,0.1798017061770243,3
24250026,41,1,6,37,10,0,1,1,1,1,-0.1798017061770243,2
24250026,41,1,7,10,37,-2,1,1,0,1,0.1798017061770243,1
24250026,41,2,1,14,20,0,1,1,1,0,0.2813088811622775,7
24250026,41,2,2,20,14,-4,1,1,1,0,-0.2813088811622775,6
24250026,41,2,3,14,20,3,1,1,1,0,0.2813088811622775,5
24250026,41,2,4,14,20,2,1,1,1,0,0.2813088811622775,4
24250026,41,2,5,20,14,-4,1,1,1,1,-0.2813088811622775,3
24250026,41,2,6,14,20,3,1,1,0,0,0.2813088811622775,2
24250026,41,2,7,14,20,2,1,1,0,1,0.2813088811622775,1
24250026,45,1,1,51,11,0,1,1,1,0,-0.5988062188071609,7
24250026,45,1,2,51,11,-2,1,1,1,0,-0.5988062188071609,6
24250026,45,1,3,51,11,-4,1,1,1,0,-0.5988062188071609,5
24250026,45,1,4,51,11,-6,1,1,1,1,-0.5988062188071609,4
24250026,45,2,1,22,43,0,1,1,1,0,0.5158247181390933,7
24250026,45,2,2,22,43,-1,1,1,1,0,0.5158247181390933,6
24250026,45,2,3,43,22,-1,1,1,1,0,-0.5158247181390933,5
24250026,45,2,4,22,43,-1,1,1,1,0,0.5158247181390933,4
24250026,45,2,5,43,22,0,1,1,1,0,-0.5158247181390933,3
24250026,45,2,6,43,22,-1,1,1,1,0,-0.5158247181390933,2
24250026,45,2,7,22,43,-1,1,1,1,1,0.5158247181390933,1
24250026,45,2,8,43,22,-1,1,1,0,1,-0.5158247181390933,0
24250026,46,1,1,24,37,0,1,1,1,0,0.6639283203390649,7
24250026,46,1,2,37,24,-1,1,1,1,0,-0.6639283203390649,6
24250026,46,1,3,24,37,-1,1,1,1,0,0.6639283203390649,5
24250026,46,1,4,37,24,0,1,1,1,0,-0.6639283203390649,4
24250026,46,1,5,24,37,-2,1,1,1,0,0.6639283203390649,3
24250026,46,1,6,37,24,-1,1,1,1,1,-0.6639283203390649,2
24250026,46,1,7,24,37,0,1,1,0,1,0.6639283203390649,1
24250026,46,2,1,46,14,0,1,1,1,0,-0.6396137354334859,7
24250026,46,2,2,46,14,-1,1,1,1,0,-0.6396137354334859,6
24250026,46,2,3,14,46,-1,1,1,1,0,0.6396137354334859,5
24250026,46,2,4,14,46,-2,1,1,1,0,0.6396137354334859,4
24250026,46,2,5,46,14,-3,1,1,1,1,-0.6396137354334859,3
24250026,46,2,6,14,46,2,1,1,0,0,0.6396137354334859,2
24250026,46,2,8,14,46,1,1,1,0,1,0.6396137354334859,0
24250026,46,3,1,10,20,0,1,1,1,0,0.350208680623743,7
24250026,46,3,2,10,20,-3,1,1,1,0,0.350208680623743,6
24250026,46,3,3,20,10,2,1,1,1,0,-0.350208680623743,5
24250026,46,3,4,20,10,1,1,1,1,0,-0.350208680623743,4
24250026,46,3,5,20,10,0,1,1,1,0,-0.350208680623743,3
24250026,46,3,6,10,20,-3,1,1,1,1,0.350208680623743,2
24250026,46,3,7,20,10,2,1,1,0,1,-0.350208680623743,1
24250026,48,1,1,46,37,0,1,1,1,0,-0.5287118287179271,7
24250026,48,1,2,37,46,-3,1,1,1,0,0.5287118287179271,6
24250026,48,1,3,46,37,2,1,1,1,0,-0.5287118287179271,5
24250026,48,1,4,37,46,-3,1,1,1,0,0.5287118287179271,4
24250026,48,1,5,46,37,2,1,1,1,0,-0.5287118287179271,3
24250026,48,1,6,37,46,-6,1,1,1,1,0.5287118287179271,2
24250026,49,1,1,24,14,0,1,1,1,0,0.5530264136235061,7
24250026,49,1,2,14,24,-1,1,1,1,0,-0.5530264136235061,6
24250026,49,1,3,24,14,0,1,1,1,0,0.5530264136235061,5
24250026,49,1,4,14,24,-1,1,1,1,0,-0.5530264136235061,4
24250026,49,1,5,14,24,-3,1,1,1,0,-0.5530264136235061,3
24250026,49,1,6,14,24,-4,1,1,1,1,-0.5530264136235061,2
24250026,49,1,7,24,14,1,1,1,0,0,0.5530264136235061,1
